code,noise,basis,decoder,d,rounds,p,shots,errors,seconds
xzzx,phen,X,bm,7,7,0.032,20000,399,43.4
xzzx,phen,X,bm,7,7,0.035,20000,527,44.1
xzzx,phen,X,bm,7,7,0.038,20000,772,45.7
xzzx,phen,X,bm,7,7,0.041,20000,1061,46.1
xzzx,phen,Z,bm,7,7,0.032,20000,359,42.6
xzzx,phen,X,bm,7,7,0.044,20000,1342,46.5
xzzx,phen,Z,bm,7,7,0.035,20000,550,43.8
xzzx,phen,Z,bm,7,7,0.038,20000,827,44.2
xzzx,phen,Z,bm,7,7,0.041,20000,978,44.0
xzzx,phen,Z,bm,7,7,0.044,20000,1336,44.4
xzzx,phen_b10,X,bm,7,7,0.046,20000,699,46.7
xzzx,phen_b10,X,bm,7,7,0.05,20000,905,45.7
xzzx,phen_b10,X,bm,7,7,0.054,20000,1163,45.5
xzzx,phen_b10,X,bm,7,7,0.058,20000,1502,46.8
xzzx,phen_b10,X,bm,7,7,0.062,20000,1848,47.7
xzzx,phen_b10,Z,bm,7,7,0.046,20000,528,46.1
xzzx,phen_b10,Z,bm,7,7,0.05,20000,722,46.9
xzzx,phen_b10,Z,bm,7,7,0.054,20000,919,47.6
xzzx,phen_b10,Z,bm,7,7,0.058,20000,1175,44.9
xzzx,phen_b10,Z,bm,7,7,0.062,20000,1532,45.6
xyz2,phen,X,bm,7,7,0.032,12000,168,49.9
xyz2,phen,X,bm,7,7,0.035,12000,244,50.0
xyz2,phen,X,bm,7,7,0.038,12000,368,47.6
xyz2,phen,X,bm,7,7,0.041,12000,528,47.7
xyz2,phen,X,bm,7,7,0.044,12000,742,49.1
xyz2,phen,Y,bm,7,7,0.032,12000,216,48.4
xyz2,phen,Y,bm,7,7,0.035,12000,295,48.3
xyz2,phen,Y,bm,7,7,0.038,12000,531,49.0
xyz2,phen,Y,bm,7,7,0.041,12000,670,48.6
xyz2,phen,Y,bm,7,7,0.044,12000,835,48.6
xyz2,phen_b10,X,bm,7,7,0.046,12000,293,48.1
xyz2,phen_b10,X,bm,7,7,0.05,12000,458,49.7
xyz2,phen_b10,X,bm,7,7,0.054,12000,725,46.7
xyz2,phen_b10,X,bm,7,7,0.058,12000,1053,48.1
xyz2,phen_b10,X,bm,7,7,0.062,12000,1449,47.6
xyz2,phen_b10,Y,bm,7,7,0.046,12000,262,48.4
xyz2,phen_b10,Y,bm,7,7,0.05,12000,421,48.5
xyz2,phen_b10,Y,bm,7,7,0.054,12000,594,48.1
xyz2,phen_b10,Y,bm,7,7,0.058,12000,894,47.2
xyz2,phen_b10,Y,bm,7,7,0.062,12000,1305,47.4
xyz2,phen,X,bp_full,7,7,0.032,8000,107,70.3
xyz2,phen,X,bp_full,7,7,0.035,8000,146,70.2
xyz2,phen,X,bp_full,7,7,0.038,8000,285,69.7
xyz2,phen,X,bp_full,7,7,0.041,8000,396,70.9
xyz2,phen,X,bp_full,7,7,0.044,8000,514,69.4
xyz2,phen,Y,bp_full,7,7,0.032,8000,144,66.4
xyz2,phen,Y,bp_full,7,7,0.035,8000,201,72.3
xyz2,phen,Y,bp_full,7,7,0.038,8000,308,73.6
xyz2,phen,Y,bp_full,7,7,0.041,8000,468,72.6
xyz2,phen,Y,bp_full,7,7,0.044,8000,565,73.6
xyz2,phen_b10,X,bp_full,7,7,0.046,8000,218,72.2
xyz2,phen_b10,X,bp_full,7,7,0.05,8000,313,74.1
xyz2,phen_b10,X,bp_full,7,7,0.054,8000,486,72.6
xyz2,phen_b10,X,bp_full,7,7,0.058,8000,677,73.1
xyz2,phen_b10,X,bp_full,7,7,0.062,8000,970,75.8
xyz2,phen_b10,Y,bp_full,7,7,0.046,8000,183,73.9
xyz2,phen_b10,Y,bp_full,7,7,0.05,8000,250,70.4
xyz2,phen_b10,Y,bp_full,7,7,0.054,8000,446,69.9
xyz2,phen_b10,Y,bp_full,7,7,0.058,8000,585,72.9
xyz2,phen_b10,Y,bp_full,7,7,0.062,8000,815,71.3
xyz2,phen,X,bm,5,5,0.032,20000,357,26.8
xyz2,phen,X,bm,5,5,0.035,20000,487,26.8
xyz2,phen,X,bm,5,5,0.038,20000,667,26.8
xyz2,phen,X,bm,5,5,0.041,20000,848,27.0
xyz2,phen,X,bm,5,5,0.044,20000,994,27.7
xyz2,phen,Y,bm,5,5,0.032,20000,551,27.2
xyz2,phen,Y,bm,5,5,0.035,20000,682,25.6
xyz2,phen,Y,bm,5,5,0.038,20000,891,27.1
xyz2,phen,Y,bm,5,5,0.041,20000,1119,28.2
xyz2,phen,Y,bm,5,5,0.044,20000,1478,29.1
xzzx,phen,X,bm,5,5,0.032,20000,590,13.4
xzzx,phen,X,bm,5,5,0.035,20000,726,14.3
xzzx,phen,X,bm,5,5,0.038,20000,898,14.1
xzzx,phen,X,bm,5,5,0.041,20000,1183,14.3
xzzx,phen,X,bm,5,5,0.044,20000,1380,14.6
xzzx,phen,Z,bm,5,5,0.032,20000,585,13.7
xzzx,phen,Z,bm,5,5,0.035,20000,775,13.6
xzzx,phen,Z,bm,5,5,0.038,20000,891,14.5
xzzx,phen,Z,bm,5,5,0.041,20000,1103,14.8
xzzx,phen,Z,bm,5,5,0.044,20000,1402,15.2
xyz2,phen_b10,X,bm,5,5,0.046,20000,653,29.5
xyz2,phen_b10,X,bm,5,5,0.05,20000,904,29.4
xyz2,phen_b10,X,bm,5,5,0.054,20000,1269,29.9
xyz2,phen_b10,X,bm,5,5,0.058,20000,1592,29.7
xyz2,phen_b10,X,bm,5,5,0.062,19500,2039,30.3
xyz2,phen_b10,Y,bm,5,5,0.046,20000,663,28.6
xyz2,phen_b10,Y,bm,5,5,0.05,20000,875,29.7
xyz2,phen_b10,Y,bm,5,5,0.054,20000,1165,29.7
xyz2,phen_b10,Y,bm,5,5,0.058,20000,1667,29.9
xyz2,phen_b10,Y,bm,5,5,0.062,20000,2019,29.9
xzzx,phen_b10,X,bm,5,5,0.046,20000,892,15.1
xzzx,phen_b10,X,bm,5,5,0.05,20000,1082,17.0
xzzx,phen_b10,X,bm,5,5,0.054,20000,1212,18.1
xzzx,phen_b10,X,bm,5,5,0.058,20000,1461,15.7
xzzx,phen_b10,X,bm,5,5,0.062,20000,1736,16.2
xzzx,phen_b10,Z,bm,5,5,0.046,20000,527,15.4
xzzx,phen_b10,Z,bm,5,5,0.05,20000,704,17.3
xzzx,phen_b10,Z,bm,5,5,0.054,20000,834,16.1
xzzx,phen_b10,Z,bm,5,5,0.058,20000,1020,16.2
xzzx,phen_b10,Z,bm,5,5,0.062,20000,1221,17.7
xyz2,phen,X,bp_full,5,5,0.032,12000,198,30.3
xyz2,phen,X,bp_full,5,5,0.035,12000,289,30.8
xyz2,phen,X,bp_full,5,5,0.038,12000,390,34.2
xyz2,phen,X,bp_full,5,5,0.041,12000,525,36.4
xyz2,phen,X,bp_full,5,5,0.044,12000,641,36.1
xyz2,phen,Y,bp_full,5,5,0.032,12000,284,30.3
xyz2,phen,Y,bp_full,5,5,0.035,12000,395,31.8
xyz2,phen,Y,bp_full,5,5,0.038,12000,559,33.7
xyz2,phen,Y,bp_full,5,5,0.041,12000,672,34.4
xyz2,phen,Y,bp_full,5,5,0.044,12000,828,34.9
xyz2,phen_b10,X,bp_full,5,5,0.046,12000,381,33.7
xyz2,phen_b10,X,bp_full,5,5,0.05,12000,542,35.6
xyz2,phen_b10,X,bp_full,5,5,0.054,12000,724,36.3
xyz2,phen_b10,X,bp_full,5,5,0.058,12000,1010,36.6
xyz2,phen_b10,X,bp_full,5,5,0.062,12000,1254,37.5
xyz2,phen_b10,Y,bp_full,5,5,0.046,12000,441,34.3
xyz2,phen_b10,Y,bp_full,5,5,0.05,12000,534,36.6
xyz2,phen_b10,Y,bp_full,5,5,0.054,12000,743,35.7
xyz2,phen_b10,Y,bp_full,5,5,0.058,12000,932,35.5
xyz2,phen,X,bm,3,3,0.032,20000,471,4.2
xyz2,phen_b10,Y,bp_full,5,5,0.062,12000,1193,36.9
xyz2,phen,X,bm,3,3,0.035,20000,524,5.0
xyz2,phen,X,bm,3,3,0.038,20000,636,4.3
xyz2,phen,X,bm,3,3,0.041,20000,746,5.1
xyz2,phen,X,bm,3,3,0.044,20000,877,5.0
xyz2,phen,Y,bm,3,3,0.032,20000,812,4.8
xyz2,phen,Y,bm,3,3,0.035,20000,1008,5.1
xyz2,phen,Y,bm,3,3,0.038,20000,1202,5.0
xyz2,phen,Y,bm,3,3,0.041,20000,1305,4.5
xzzx,phen,X,bm,3,3,0.032,20000,792,2.2
xyz2,phen,Y,bm,3,3,0.044,20000,1562,5.0
xzzx,phen,X,bm,3,3,0.035,20000,880,2.6
xzzx,phen,X,bm,3,3,0.038,20000,1093,2.4
xzzx,phen,X,bm,3,3,0.041,20000,1199,2.9
xzzx,phen,X,bm,3,3,0.044,20000,1371,2.5
xzzx,phen,Z,bm,3,3,0.032,20000,743,2.2
xzzx,phen,Z,bm,3,3,0.035,20000,911,2.3
xzzx,phen,Z,bm,3,3,0.038,20000,1049,2.1
xzzx,phen,Z,bm,3,3,0.041,20000,1182,2.7
xzzx,phen,Z,bm,3,3,0.044,20000,1317,2.5
xyz2,phen_b10,X,bm,3,3,0.05,20000,1056,3.8
xyz2,phen_b10,X,bm,3,3,0.046,20000,875,5.2
xyz2,phen_b10,X,bm,3,3,0.054,20000,1208,4.4
xyz2,phen_b10,X,bm,3,3,0.058,20000,1455,5.6
xyz2,phen_b10,X,bm,3,3,0.062,20000,1688,5.0
xyz2,phen_b10,Y,bm,3,3,0.046,20000,1044,5.4
xyz2,phen_b10,Y,bm,3,3,0.05,20000,1258,4.7
xyz2,phen_b10,Y,bm,3,3,0.054,20000,1442,5.0
xyz2,phen_b10,Y,bm,3,3,0.058,20000,1751,5.3
xzzx,phen_b10,X,bm,3,3,0.046,20000,1117,2.4
xyz2,phen_b10,Y,bm,3,3,0.062,20000,1947,5.8
xzzx,phen_b10,X,bm,3,3,0.05,20000,1288,2.5
xzzx,phen_b10,X,bm,3,3,0.054,20000,1521,3.1
xzzx,phen_b10,X,bm,3,3,0.058,20000,1677,3.4
xzzx,phen_b10,X,bm,3,3,0.062,20000,1911,2.9
xzzx,phen_b10,Z,bm,3,3,0.046,20000,542,2.8
xzzx,phen_b10,Z,bm,3,3,0.05,20000,628,2.5
xzzx,phen_b10,Z,bm,3,3,0.054,20000,723,2.8
xzzx,phen_b10,Z,bm,3,3,0.058,20000,766,3.4
xzzx,phen_b10,Z,bm,3,3,0.062,20000,871,3.0
xyz2,phen,X,bp_full,3,3,0.032,12000,254,3.1
xyz2,phen,X,bp_full,3,3,0.035,12000,302,3.4
xyz2,phen,X,bp_full,3,3,0.038,12000,391,3.7
xyz2,phen,X,bp_full,3,3,0.041,12000,479,4.5
xyz2,phen,X,bp_full,3,3,0.044,12000,528,3.9
xyz2,phen,Y,bp_full,3,3,0.032,12000,523,3.5
xyz2,phen,Y,bp_full,3,3,0.035,12000,579,4.0
xyz2,phen,Y,bp_full,3,3,0.038,12000,710,3.2
xyz2,phen,Y,bp_full,3,3,0.041,12000,806,4.4
xyz2,phen,Y,bp_full,3,3,0.044,12000,928,4.0
xyz2,phen_b10,X,bp_full,3,3,0.046,12000,522,4.6
xyz2,phen_b10,X,bp_full,3,3,0.05,12000,583,4.7
xyz2,phen_b10,X,bp_full,3,3,0.054,12000,805,5.3
xyz2,phen_b10,X,bp_full,3,3,0.058,12000,863,5.2
xyz2,phen_b10,Y,bp_full,3,3,0.046,12000,623,4.2
xyz2,phen_b10,X,bp_full,3,3,0.062,12000,1016,5.9
xyz2,phen_b10,Y,bp_full,3,3,0.05,12000,743,4.5
xyz2,phen_b10,Y,bp_full,3,3,0.054,12000,902,4.9
xyz2,phen_b10,Y,bp_full,3,3,0.058,12000,1037,5.1
xyz2,phen_b10,Y,bp_full,3,3,0.062,12000,1198,5.2
xyz2,phen,X,mwpm,9,9,0.032,40000,1290,2.7
xyz2,phen,X,mwpm,9,9,0.035,40000,2240,3.0
xyz2,phen,X,mwpm,9,9,0.038,40000,3420,3.3
xyz2,phen,X,mwpm,9,9,0.041,36000,4230,3.6
xyz2,phen,X,mwpm,9,9,0.044,26000,4269,3.1
xyz2,phen,Y,mwpm,9,9,0.032,40000,1696,3.1
xyz2,phen,Y,mwpm,9,9,0.035,40000,2656,3.1
xyz2,phen,Y,mwpm,9,9,0.038,40000,3917,3.2
xyz2,phen,Y,mwpm,9,9,0.041,30000,4120,2.8
xzzx,phen,X,mwpm,9,9,0.032,40000,1323,1.3
xyz2,phen,Y,mwpm,9,9,0.044,24000,4244,2.6
xzzx,phen,X,mwpm,9,9,0.035,40000,1931,1.5
xzzx,phen,X,mwpm,9,9,0.038,40000,2865,1.8
xzzx,phen,X,mwpm,9,9,0.041,40000,3850,1.9
xzzx,phen,X,mwpm,9,9,0.044,35000,4452,1.6
xzzx,phen,Z,mwpm,9,9,0.032,40000,1321,1.2
xzzx,phen,Z,mwpm,9,9,0.035,40000,2056,1.4
xzzx,phen,Z,mwpm,9,9,0.038,40000,2862,1.5
xzzx,phen,Z,mwpm,9,9,0.041,40000,3912,2.0
xzzx,phen,Z,mwpm,9,9,0.044,35000,4426,1.8
xyz2,phen_b10,X,mwpm,9,9,0.046,18000,4109,2.3
xyz2,phen_b10,X,mwpm,9,9,0.05,14000,4109,2.1
xyz2,phen_b10,X,mwpm,9,9,0.054,12000,4308,1.9
xyz2,phen_b10,X,mwpm,9,9,0.058,10000,4108,1.7
xyz2,phen_b10,X,mwpm,9,9,0.062,10000,4308,2.1
xyz2,phen_b10,Y,mwpm,9,9,0.046,18000,4332,2.1
xyz2,phen_b10,Y,mwpm,9,9,0.05,14000,4238,2.2
xyz2,phen_b10,Y,mwpm,9,9,0.054,12000,4387,2.1
xyz2,phen_b10,Y,mwpm,9,9,0.058,10000,4057,2.0
xyz2,phen_b10,Y,mwpm,9,9,0.062,10000,4396,2.0
xzzx,phen_b10,X,mwpm,9,9,0.046,40000,1160,1.7
xzzx,phen_b10,X,mwpm,9,9,0.05,40000,1744,1.9
xzzx,phen_b10,X,mwpm,9,9,0.054,40000,2441,2.1
xzzx,phen_b10,X,mwpm,9,9,0.058,40000,3307,2.5
xzzx,phen_b10,Z,mwpm,9,9,0.046,40000,968,1.7
xzzx,phen_b10,X,mwpm,9,9,0.062,40000,4252,2.5
xzzx,phen_b10,Z,mwpm,9,9,0.05,40000,1466,1.9
xzzx,phen_b10,Z,mwpm,9,9,0.054,40000,2009,1.9
xzzx,phen_b10,Z,mwpm,9,9,0.058,40000,2828,2.3
xzzx,phen_b10,Z,mwpm,9,9,0.062,40000,3556,2.6
xyz2,phen,X,mwpm,7,7,0.032,40000,1304,1.2
xyz2,phen,X,mwpm,7,7,0.035,40000,2014,1.3
xyz2,phen,X,mwpm,7,7,0.038,40000,2868,1.4
xyz2,phen,X,mwpm,7,7,0.041,40000,3786,1.6
xyz2,phen,X,mwpm,7,7,0.044,34000,4163,1.5
xyz2,phen,Y,mwpm,7,7,0.032,40000,1727,1.2
xyz2,phen,Y,mwpm,7,7,0.035,40000,2529,1.2
xyz2,phen,Y,mwpm,7,7,0.038,40000,3438,1.4
xyz2,phen,Y,mwpm,7,7,0.041,36000,4176,1.4
xzzx,phen,X,mwpm,7,7,0.032,40000,1536,0.6
xyz2,phen,Y,mwpm,7,7,0.044,28000,4040,1.4
xzzx,phen,X,mwpm,7,7,0.035,40000,2192,0.6
xzzx,phen,X,mwpm,7,7,0.038,40000,2754,0.7
xzzx,phen,X,mwpm,7,7,0.041,40000,3607,0.7
xzzx,phen,X,mwpm,7,7,0.044,40000,4489,0.9
xzzx,phen,Z,mwpm,7,7,0.032,40000,1503,0.6
xzzx,phen,Z,mwpm,7,7,0.035,40000,2153,0.7
xzzx,phen,Z,mwpm,7,7,0.038,40000,2809,0.8
xzzx,phen,Z,mwpm,7,7,0.041,40000,3632,0.8
xzzx,phen,Z,mwpm,7,7,0.044,40000,4500,0.9
xyz2,phen_b10,X,mwpm,7,7,0.046,24000,4037,1.3
xyz2,phen_b10,X,mwpm,7,7,0.05,18000,4010,1.3
xyz2,phen_b10,X,mwpm,7,7,0.054,16000,4292,1.1
xyz2,phen_b10,X,mwpm,7,7,0.058,14000,4363,1.1
xyz2,phen_b10,X,mwpm,7,7,0.062,12000,4326,1.0
xyz2,phen_b10,Y,mwpm,7,7,0.046,22000,4001,1.1
xyz2,phen_b10,Y,mwpm,7,7,0.05,18000,4168,1.0
xyz2,phen_b10,Y,mwpm,7,7,0.054,16000,4527,1.1
xyz2,phen_b10,Y,mwpm,7,7,0.058,12000,4057,0.8
xyz2,phen_b10,Y,mwpm,7,7,0.062,12000,4467,0.9
xzzx,phen_b10,X,mwpm,7,7,0.046,40000,1504,0.7
xzzx,phen_b10,X,mwpm,7,7,0.05,40000,1935,0.8
xzzx,phen_b10,X,mwpm,7,7,0.054,40000,2530,0.9
xzzx,phen_b10,X,mwpm,7,7,0.058,40000,3130,1.0
xzzx,phen_b10,X,mwpm,7,7,0.062,40000,3965,1.1
xzzx,phen_b10,Z,mwpm,7,7,0.046,40000,1062,0.8
xzzx,phen_b10,Z,mwpm,7,7,0.05,40000,1571,0.8
xzzx,phen_b10,Z,mwpm,7,7,0.054,40000,1921,1.1
xzzx,phen_b10,Z,mwpm,7,7,0.058,40000,2580,1.1
xyz2,phen,X,mwpm,5,5,0.032,40000,1218,0.4
xyz2,phen,X,mwpm,5,5,0.035,40000,1688,0.4
xzzx,phen_b10,Z,mwpm,7,7,0.062,40000,3233,1.1
xyz2,phen,X,mwpm,5,5,0.038,40000,2249,0.5
xyz2,phen,X,mwpm,5,5,0.041,40000,2779,0.7
xyz2,phen,X,mwpm,5,5,0.044,40000,3397,0.6
xyz2,phen,Y,mwpm,5,5,0.032,40000,1851,0.5
xyz2,phen,Y,mwpm,5,5,0.035,40000,2388,0.4
xyz2,phen,Y,mwpm,5,5,0.038,40000,3166,0.5
xyz2,phen,Y,mwpm,5,5,0.041,40000,3767,0.5
xzzx,phen,X,mwpm,5,5,0.032,40000,1752,0.2
xyz2,phen,Y,mwpm,5,5,0.044,36000,4156,0.6
xzzx,phen,X,mwpm,5,5,0.035,40000,2305,0.2
xzzx,phen,X,mwpm,5,5,0.038,40000,2733,0.3
xzzx,phen,X,mwpm,5,5,0.041,40000,3291,0.2
xzzx,phen,Z,mwpm,5,5,0.032,40000,1739,0.2
xzzx,phen,X,mwpm,5,5,0.044,40000,3946,0.3
xzzx,phen,Z,mwpm,5,5,0.038,40000,2760,0.2
xzzx,phen,Z,mwpm,5,5,0.035,40000,2294,0.3
xzzx,phen,Z,mwpm,5,5,0.041,40000,3217,0.2
xzzx,phen,Z,mwpm,5,5,0.044,40000,3914,0.3
xyz2,phen_b10,X,mwpm,5,5,0.046,36000,4166,0.6
xyz2,phen_b10,X,mwpm,5,5,0.05,28000,4058,0.6
xyz2,phen_b10,X,mwpm,5,5,0.054,24000,4333,0.5
xyz2,phen_b10,X,mwpm,5,5,0.058,20000,4104,0.5
xyz2,phen_b10,X,mwpm,5,5,0.062,18000,4340,0.4
xyz2,phen_b10,Y,mwpm,5,5,0.046,30000,4032,0.4
xyz2,phen_b10,Y,mwpm,5,5,0.05,24000,4021,0.5
xyz2,phen_b10,Y,mwpm,5,5,0.054,22000,4414,0.4
xyz2,phen_b10,Y,mwpm,5,5,0.062,16000,4231,0.4
xyz2,phen_b10,Y,mwpm,5,5,0.058,18000,4082,0.5
xzzx,phen_b10,X,mwpm,5,5,0.046,40000,1740,0.2
xzzx,phen_b10,X,mwpm,5,5,0.05,40000,2177,0.3
xzzx,phen_b10,X,mwpm,5,5,0.054,40000,2694,0.3
xzzx,phen_b10,X,mwpm,5,5,0.058,40000,3149,0.4
xzzx,phen_b10,X,mwpm,5,5,0.062,40000,3703,0.3
xzzx,phen_b10,Z,mwpm,5,5,0.046,40000,1204,0.3
xzzx,phen_b10,Z,mwpm,5,5,0.05,40000,1499,0.2
xzzx,phen_b10,Z,mwpm,5,5,0.054,40000,1863,0.3
xzzx,phen_b10,Z,mwpm,5,5,0.058,40000,2300,0.3
xyz2,phen,X,mwpm,3,3,0.032,40000,1052,0.1
xyz2,phen,X,mwpm,3,3,0.035,40000,1270,0.1
xzzx,phen_b10,Z,mwpm,5,5,0.062,40000,2655,0.3
xyz2,phen,X,mwpm,3,3,0.038,40000,1526,0.1
xyz2,phen,X,mwpm,3,3,0.041,40000,1779,0.1
xyz2,phen,X,mwpm,3,3,0.044,40000,2138,0.1
xyz2,phen,Y,mwpm,3,3,0.032,40000,2172,0.1
xyz2,phen,Y,mwpm,3,3,0.035,40000,2501,0.1
xyz2,phen,Y,mwpm,3,3,0.038,40000,2850,0.1
xyz2,phen,Y,mwpm,3,3,0.041,40000,3315,0.1
xzzx,phen,X,mwpm,3,3,0.032,40000,1814,0.0
xyz2,phen,Y,mwpm,3,3,0.044,40000,3840,0.1
xzzx,phen,X,mwpm,3,3,0.035,40000,2131,0.0
xzzx,phen,X,mwpm,3,3,0.041,40000,2767,0.0
xzzx,phen,X,mwpm,3,3,0.038,40000,2460,0.0
xzzx,phen,Z,mwpm,3,3,0.032,40000,1822,0.0
xzzx,phen,X,mwpm,3,3,0.044,40000,3086,0.0
xzzx,phen,Z,mwpm,3,3,0.038,40000,2539,0.0
xzzx,phen,Z,mwpm,3,3,0.035,40000,2114,0.0
xzzx,phen,Z,mwpm,3,3,0.041,40000,2794,0.0
xzzx,phen,Z,mwpm,3,3,0.044,40000,3137,0.0
xyz2,phen_b10,X,mwpm,3,3,0.046,40000,3012,0.1
xyz2,phen_b10,X,mwpm,3,3,0.05,40000,3325,0.1
xyz2,phen_b10,X,mwpm,3,3,0.054,40000,3959,0.1
xyz2,phen_b10,X,mwpm,3,3,0.058,36000,4045,0.1
xyz2,phen_b10,X,mwpm,3,3,0.062,32000,4036,0.1
xyz2,phen_b10,Y,mwpm,3,3,0.046,40000,3939,0.1
xyz2,phen_b10,Y,mwpm,3,3,0.05,36000,4031,0.1
xyz2,phen_b10,Y,mwpm,3,3,0.054,32000,4154,0.1
xyz2,phen_b10,Y,mwpm,3,3,0.058,28000,4021,0.1
xzzx,phen_b10,X,mwpm,3,3,0.046,40000,2250,0.0
xzzx,phen_b10,X,mwpm,3,3,0.05,40000,2438,0.0
xyz2,phen_b10,Y,mwpm,3,3,0.062,26000,4234,0.1
xzzx,phen_b10,X,mwpm,3,3,0.054,40000,2959,0.0
xzzx,phen_b10,X,mwpm,3,3,0.062,40000,3620,0.0
xzzx,phen_b10,X,mwpm,3,3,0.058,40000,3271,0.0
xzzx,phen_b10,Z,mwpm,3,3,0.046,40000,1110,0.0
xzzx,phen_b10,Z,mwpm,3,3,0.054,40000,1378,0.0
xzzx,phen_b10,Z,mwpm,3,3,0.05,40000,1241,0.0
xzzx,phen_b10,Z,mwpm,3,3,0.058,40000,1719,0.0
xzzx,phen_b10,Z,mwpm,3,3,0.062,40000,1883,0.0
xzzx,phen,X,bm,9,9,0.044,10000,646,53.8
xzzx,phen,X,bm,9,9,0.041,10000,458,56.4
xzzx,phen,X,bm,9,9,0.047,10000,891,54.4
xzzx,phen_b10,Z,bm,9,9,0.046,10000,217,52.4
xzzx,phen_b10,Z,bm,9,9,0.05,10000,335,56.3
xzzx,phen_b10,Z,bm,9,9,0.054,10000,453,56.4
xzzx,phen_b10,X,bm,9,9,0.054,10000,609,54.3
xzzx,phen_b10,X,bm,9,9,0.058,10000,738,54.2
xyz2,phen,X,seq_match,7,7,0.028,20000,360,22.7
xyz2,phen,X,seq_match,7,7,0.032,20000,621,23.8
xzzx,phen_b10,X,bm,9,9,0.062,10000,968,54.8
xyz2,phen,X,seq_match,7,7,0.036,20000,968,21.4
xyz2,phen,X,seq_match,7,7,0.04,20000,1431,23.0
xyz2,phen,X,seq_match,7,7,0.044,19500,2016,23.4
xyz2,phen_b10,X,seq_match,7,7,0.03,20000,461,22.1
xyz2,phen_b10,X,seq_match,7,7,0.035,20000,935,24.1
xyz2,phen_b10,X,seq_match,7,7,0.04,20000,1552,25.5
xyz2,phen_b10,X,seq_match,7,7,0.045,16500,2046,20.3
xyz2,phen,X,corr_links,7,7,0.028,20000,167,1.2
xyz2,phen,X,corr_links,7,7,0.032,20000,299,1.5
xyz2,phen_b10,X,seq_match,7,7,0.05,11500,2010,14.5
xyz2,phen,X,corr_links,7,7,0.036,20000,536,1.9
xyz2,phen,X,corr_links,7,7,0.04,20000,869,1.9
xyz2,phen,X,corr_links,7,7,0.044,20000,1331,2.3
xyz2,phen_b10,X,corr_links,7,7,0.03,20000,160,1.5
xyz2,phen_b10,X,corr_links,7,7,0.035,20000,423,1.7
xyz2,phen_b10,X,corr_links,7,7,0.04,20000,809,2.1
xyz2,phen_b10,X,corr_links,7,7,0.045,20000,1411,2.0
xyz2,phen_b10,X,corr_links,7,7,0.05,17000,2020,2.3
xyz2,phen,Y,seq_match,7,7,0.028,20000,385,21.7
xyz2,phen,Y,seq_match,7,7,0.032,20000,689,22.0
xyz2,phen,Y,seq_match,7,7,0.036,20000,1150,24.4
xyz2,phen,Y,seq_match,7,7,0.04,20000,1652,26.0
xyz2,phen,Y,seq_match,7,7,0.044,17000,2005,21.0
xyz2,phen_b10,Y,seq_match,7,7,0.03,20000,467,21.7
xyz2,phen_b10,Y,seq_match,7,7,0.035,20000,945,22.8
xyz2,phen_b10,Y,seq_match,7,7,0.04,20000,1614,23.4
xyz2,phen_b10,Y,seq_match,7,7,0.05,11000,2013,13.9
xyz2,phen,Y,corr_links,7,7,0.028,20000,194,1.3
xyz2,phen_b10,Y,seq_match,7,7,0.045,16000,2027,20.3
xyz2,phen,Y,corr_links,7,7,0.032,20000,408,1.5
xyz2,phen,Y,corr_links,7,7,0.036,20000,685,1.9
xyz2,phen,Y,corr_links,7,7,0.04,20000,1091,1.8
xyz2,phen_b10,Y,corr_links,7,7,0.03,20000,205,1.5
xyz2,phen,Y,corr_links,7,7,0.044,20000,1619,2.3
xyz2,phen_b10,Y,corr_links,7,7,0.035,20000,438,1.9
xyz2,phen_b10,Y,corr_links,7,7,0.04,20000,890,2.3
xyz2,phen_b10,Y,corr_links,7,7,0.045,20000,1510,2.6
xyz2,phen_b10,Y,corr_links,7,7,0.05,17000,2031,2.1
xzzx,phen,Z,bm,7,7,0.047,20000,1826,51.6
xzzx,phen,X,bm,7,7,0.047,20000,1744,54.6
xzzx,phen,X,bm,7,7,0.047,20000,1699,51.5
xyz2,phen,X,bm,9,9,0.036,8000,183,71.2
xyz2,phen,X,bm,9,9,0.039,8000,266,69.6
xyz2,phen,X,bm,9,9,0.042,8000,395,71.3
xyz2,phen_b10,X,bm,9,9,0.052,8000,378,70.6
xyz2,phen_b10,X,bm,9,9,0.055,8000,513,70.9
xyz2,phen_b10,X,bm,9,9,0.058,8000,752,71.0
xyz2,phen,X,bm,7,7,0.036,12000,288,49.5
xyz2,phen,X,bm,7,7,0.039,12000,457,50.5
xyz2,phen,X,bm,7,7,0.042,12000,624,52.0
xyz2,phen_b10,X,bm,7,7,0.052,12000,596,50.2
xyz2,phen_b10,X,bm,7,7,0.055,12000,780,51.6
xyz2,phen,Y,bm,7,7,0.047,8000,760,34.3
xyz2,phen,Y,bm,7,7,0.05,8000,954,32.9
xyz2,phen,Y,bp_full,7,7,0.047,8000,737,73.6
xyz2,phen,Y,bp_full,7,7,0.05,8000,956,73.7
xyz2,phen,X,seq_match,5,5,0.028,20000,427,9.1
xyz2,phen,X,seq_match,5,5,0.032,20000,660,8.6
xyz2,phen,X,seq_match,5,5,0.036,20000,1015,9.2
xyz2,phen,X,seq_match,5,5,0.04,20000,1276,8.5
xyz2,phen,X,seq_match,5,5,0.044,20000,1680,9.6
xyz2,phen_b10,X,seq_match,5,5,0.03,20000,563,8.2
xyz2,phen_b10,X,seq_match,5,5,0.035,20000,898,8.8
xyz2,phen_b10,X,seq_match,5,5,0.04,20000,1430,8.7
xyz2,phen_b10,X,seq_match,5,5,0.05,15000,2014,6.8
xyz2,phen,X,corr_links,5,5,0.028,20000,230,0.3
xyz2,phen_b10,X,seq_match,5,5,0.045,20000,1961,9.0
xyz2,phen,X,corr_links,5,5,0.032,20000,365,0.4
xyz2,phen,X,corr_links,5,5,0.036,20000,613,0.5
xyz2,phen,X,corr_links,5,5,0.04,20000,849,0.5
xyz2,phen,X,corr_links,5,5,0.044,20000,1149,0.6
xyz2,phen_b10,X,corr_links,5,5,0.03,20000,280,0.4
xyz2,phen_b10,X,corr_links,5,5,0.035,20000,476,0.5
xyz2,phen_b10,X,corr_links,5,5,0.04,20000,800,0.6
xyz2,phen_b10,X,corr_links,5,5,0.045,20000,1252,0.7
xyz2,phen_b10,X,corr_links,5,5,0.05,20000,1758,0.8
xyz2,phen,Y,seq_match,5,5,0.028,20000,554,8.1
xyz2,phen,Y,seq_match,5,5,0.032,20000,808,7.8
xyz2,phen,Y,seq_match,5,5,0.036,20000,1144,8.6
xyz2,phen,Y,seq_match,5,5,0.04,20000,1559,9.3
xyz2,phen,Y,seq_match,5,5,0.044,20000,1985,8.6
xyz2,phen_b10,Y,seq_match,5,5,0.03,20000,632,8.5
xyz2,phen_b10,Y,seq_match,5,5,0.035,20000,1042,8.4
xyz2,phen_b10,Y,seq_match,5,5,0.04,20000,1479,8.9
xyz2,phen_b10,Y,seq_match,5,5,0.05,14500,2037,5.6
xyz2,phen,Y,corr_links,5,5,0.028,20000,372,0.4
xyz2,phen,Y,corr_links,5,5,0.032,20000,501,0.4
xyz2,phen_b10,Y,seq_match,5,5,0.045,19000,2003,7.9
xyz2,phen,Y,corr_links,5,5,0.036,20000,833,0.5
xyz2,phen,Y,corr_links,5,5,0.04,20000,1113,0.6
xyz2,phen,Y,corr_links,5,5,0.044,20000,1556,0.7
xyz2,phen_b10,Y,corr_links,5,5,0.03,20000,330,0.5
xyz2,phen_b10,Y,corr_links,5,5,0.035,20000,612,0.5
xyz2,phen_b10,Y,corr_links,5,5,0.04,20000,934,0.6
xyz2,phen_b10,Y,corr_links,5,5,0.045,20000,1409,0.7
xyz2,phen_b10,Y,corr_links,5,5,0.05,19500,2034,0.8
xzzx,phen,Z,bm,5,5,0.047,20000,1662,15.9
xzzx,phen,X,bm,5,5,0.047,20000,1643,16.5
xyz2,phen,Y,bm,5,5,0.047,12000,1052,17.0
xyz2,phen,Y,bm,5,5,0.05,12000,1219,18.0
xyz2,phen,Y,bp_full,5,5,0.047,12000,1043,35.6
xyz2,phen,X,seq_match,3,3,0.028,20000,471,2.6
xyz2,phen,Y,bp_full,5,5,0.05,12000,1281,37.2
xyz2,phen,X,seq_match,3,3,0.032,20000,662,2.3
xyz2,phen,X,seq_match,3,3,0.036,20000,766,3.0
xyz2,phen,X,seq_match,3,3,0.04,20000,949,2.6
xyz2,phen,X,seq_match,3,3,0.044,20000,1183,2.7
xyz2,phen_b10,X,seq_match,3,3,0.03,20000,646,2.5
xyz2,phen_b10,X,seq_match,3,3,0.035,20000,930,2.7
xyz2,phen_b10,X,seq_match,3,3,0.04,20000,1251,2.7
xyz2,phen_b10,X,seq_match,3,3,0.045,20000,1564,2.8
xyz2,phen,X,corr_links,3,3,0.028,20000,303,0.1
xyz2,phen,X,corr_links,3,3,0.032,20000,423,0.1
xyz2,phen,X,corr_links,3,3,0.036,20000,611,0.1
xyz2,phen,X,corr_links,3,3,0.04,20000,718,0.1
xyz2,phen,X,corr_links,3,3,0.044,20000,850,0.1
xyz2,phen_b10,X,corr_links,3,3,0.03,20000,444,0.1
xyz2,phen_b10,X,corr_links,3,3,0.035,20000,608,0.1
xyz2,phen_b10,X,corr_links,3,3,0.04,20000,831,0.1
xyz2,phen_b10,X,seq_match,3,3,0.05,20000,1878,2.6
xyz2,phen_b10,X,corr_links,3,3,0.045,20000,1141,0.1
xyz2,phen_b10,X,corr_links,3,3,0.05,20000,1377,0.2
xyz2,phen,Y,seq_match,3,3,0.028,20000,828,2.3
xyz2,phen,Y,seq_match,3,3,0.032,20000,1138,2.4
xyz2,phen,Y,seq_match,3,3,0.036,20000,1325,2.4
xyz2,phen,Y,seq_match,3,3,0.04,20000,1605,2.3
xyz2,phen_b10,Y,seq_match,3,3,0.03,20000,856,2.6
xyz2,phen,Y,seq_match,3,3,0.044,20000,1893,2.7
xyz2,phen_b10,Y,seq_match,3,3,0.035,20000,1110,2.7
xyz2,phen_b10,Y,seq_match,3,3,0.04,20000,1483,2.8
xyz2,phen_b10,Y,seq_match,3,3,0.045,20000,1788,2.6
xyz2,phen_b10,Y,seq_match,3,3,0.05,18500,2027,2.4
xyz2,phen,Y,corr_links,3,3,0.028,20000,670,0.1
xyz2,phen,Y,corr_links,3,3,0.032,20000,870,0.1
xyz2,phen,Y,corr_links,3,3,0.036,20000,1125,0.1
xyz2,phen,Y,corr_links,3,3,0.04,20000,1342,0.1
xyz2,phen,Y,corr_links,3,3,0.044,20000,1570,0.1
xyz2,phen_b10,Y,corr_links,3,3,0.03,20000,581,0.1
xyz2,phen_b10,Y,corr_links,3,3,0.035,20000,821,0.1
xyz2,phen_b10,Y,corr_links,3,3,0.04,20000,1169,0.1
xyz2,phen_b10,Y,corr_links,3,3,0.045,20000,1390,0.1
xyz2,phen_b10,Y,corr_links,3,3,0.05,20000,1764,0.1
xzzx,phen,X,bm,3,3,0.047,20000,1521,2.3
xzzx,phen,Z,bm,3,3,0.047,20000,1615,2.5
xyz2,phen,Y,bm,3,3,0.05,12000,1221,3.4
xyz2,phen,Y,bm,3,3,0.047,12000,1086,3.8
xyz2,phen,Y,bp_full,3,3,0.047,12000,1064,3.7
xyz2,phen,Y,bp_full,3,3,0.05,12000,1194,4.4
xyz2,phen_b10,X,mwpm,9,9,0.022,40000,127,2.1
xyz2,phen_b10,X,mwpm,9,9,0.026,40000,471,2.3
xyz2,phen_b10,X,mwpm,9,9,0.03,40000,1152,2.7
xyz2,phen_b10,X,mwpm,9,9,0.034,40000,2219,3.1
xyz2,phen_b10,X,mwpm,9,9,0.038,40000,4085,3.7
xyz2,phen_b10,X,mwpm,9,9,0.042,26000,4173,3.0
xyz2,phen,X,mwpm,9,9,0.024,40000,248,2.0
xyz2,phen,X,mwpm,9,9,0.028,40000,646,2.4
xyz2,phen_b10,Y,mwpm,9,9,0.022,40000,206,1.9
xyz2,phen_b10,Y,mwpm,9,9,0.026,40000,496,2.2
xyz2,phen_b10,Y,mwpm,9,9,0.03,40000,1244,2.5
xyz2,phen_b10,Y,mwpm,9,9,0.034,40000,2560,3.7
xyz2,phen_b10,Y,mwpm,9,9,0.038,38000,4191,4.0
xyz2,phen,Y,mwpm,9,9,0.024,40000,314,1.9
xyz2,phen_b10,Y,mwpm,9,9,0.042,24000,4141,3.2
xyz2,phen_b10,X,mwpm,7,7,0.022,40000,233,0.9
xyz2,phen_b10,X,mwpm,7,7,0.026,40000,555,1.0
xyz2,phen,Y,mwpm,9,9,0.028,40000,814,2.4
xyz2,phen_b10,X,mwpm,7,7,0.03,40000,1199,1.0
xyz2,phen_b10,X,mwpm,7,7,0.034,40000,2037,1.5
xyz2,phen_b10,X,mwpm,7,7,0.038,40000,3386,1.8
xyz2,phen_b10,X,mwpm,7,7,0.042,34000,4242,1.7
xyz2,phen,X,mwpm,7,7,0.024,40000,342,0.9
xyz2,phen_b10,Y,mwpm,7,7,0.022,40000,316,0.7
xyz2,phen,X,mwpm,7,7,0.028,40000,713,0.9
xyz2,phen_b10,Y,mwpm,7,7,0.026,40000,694,0.9
xyz2,phen_b10,Y,mwpm,7,7,0.03,40000,1323,1.1
xyz2,phen_b10,Y,mwpm,7,7,0.034,40000,2391,1.4
xyz2,phen_b10,Y,mwpm,7,7,0.038,40000,3728,1.5
xyz2,phen,Y,mwpm,7,7,0.024,40000,524,0.8
xyz2,phen_b10,Y,mwpm,7,7,0.042,30000,4102,1.5
xyz2,phen_b10,X,mwpm,5,5,0.022,40000,375,0.3
xyz2,phen_b10,X,mwpm,5,5,0.026,40000,717,0.3
xyz2,phen,Y,mwpm,7,7,0.028,40000,980,1.0
xyz2,phen_b10,X,mwpm,5,5,0.03,40000,1112,0.4
xyz2,phen_b10,X,mwpm,5,5,0.034,40000,1843,0.5
xyz2,phen_b10,X,mwpm,5,5,0.038,40000,2602,0.5
xyz2,phen,X,mwpm,5,5,0.024,40000,445,0.3
xyz2,phen_b10,X,mwpm,5,5,0.042,40000,3398,0.6
xyz2,phen,X,mwpm,5,5,0.028,40000,803,0.3
xyz2,phen_b10,Y,mwpm,5,5,0.022,40000,546,0.3
xyz2,phen_b10,Y,mwpm,5,5,0.026,40000,936,0.3
xyz2,phen_b10,Y,mwpm,5,5,0.03,40000,1499,0.4
xyz2,phen_b10,Y,mwpm,5,5,0.034,40000,2232,0.4
xyz2,phen_b10,Y,mwpm,5,5,0.038,40000,3119,0.4
xyz2,phen,Y,mwpm,5,5,0.024,40000,735,0.2
xyz2,phen_b10,Y,mwpm,5,5,0.042,40000,4099,0.6
xyz2,phen_b10,X,mwpm,3,3,0.022,40000,631,0.1
xyz2,phen_b10,X,mwpm,3,3,0.026,40000,885,0.1
xyz2,phen,Y,mwpm,5,5,0.028,40000,1283,0.4
xyz2,phen_b10,X,mwpm,3,3,0.03,40000,1155,0.1
xyz2,phen_b10,X,mwpm,3,3,0.034,40000,1586,0.1
xyz2,phen_b10,X,mwpm,3,3,0.038,40000,1914,0.1
xyz2,phen_b10,X,mwpm,3,3,0.042,40000,2378,0.1
xyz2,phen,X,mwpm,3,3,0.024,40000,576,0.1
xyz2,phen_b10,Y,mwpm,3,3,0.022,40000,962,0.1
xyz2,phen,X,mwpm,3,3,0.028,40000,793,0.1
xyz2,phen_b10,Y,mwpm,3,3,0.026,40000,1367,0.1
xyz2,phen_b10,Y,mwpm,3,3,0.03,40000,1845,0.1
xyz2,phen_b10,Y,mwpm,3,3,0.034,40000,2265,0.1
xyz2,phen_b10,Y,mwpm,3,3,0.038,40000,2821,0.1
xyz2,phen,Y,mwpm,3,3,0.024,40000,1320,0.1
xyz2,phen_b10,Y,mwpm,3,3,0.042,40000,3269,0.1
xyz2,phen,Y,mwpm,3,3,0.028,40000,1675,0.1
xzzx,phen_b10,Z,bm,9,9,0.062,10000,801,51.9
xzzx,phen_b10,Z,bm,9,9,0.058,10000,665,53.0
xzzx,phen_b10,X,mwpm,11,11,0.05,30000,1246,3.1
xzzx,phen_b10,X,mwpm,11,11,0.054,30000,1769,3.3
xzzx,phen_b10,X,mwpm,11,11,0.058,30000,2607,3.6
xzzx,phen_b10,X,mwpm,11,11,0.062,30000,3452,4.1
xzzx,phen,X,mwpm,11,11,0.035,30000,1428,2.5
xzzx,phen,X,mwpm,11,11,0.038,30000,2022,2.4
xzzx,phen,X,mwpm,11,11,0.041,30000,3117,3.3
xzzx,phen,X,mwpm,11,11,0.044,25000,3517,2.9
xzzx,phen_b10,Z,mwpm,11,11,0.05,30000,1015,2.8
xzzx,phen_b10,Z,mwpm,11,11,0.054,30000,1580,3.2
xzzx,phen_b10,Z,mwpm,11,11,0.058,30000,2239,3.4
xzzx,phen,Z,mwpm,11,11,0.035,30000,1397,2.2
xzzx,phen_b10,Z,mwpm,11,11,0.062,30000,3044,3.8
xzzx,phen,Z,mwpm,11,11,0.038,30000,2096,3.1
xzzx,phen,Z,mwpm,11,11,0.041,30000,3052,3.6
xzzx,phen,Z,mwpm,11,11,0.044,25000,3516,3.3
xyz2,phen_b10,X,mwpm,11,11,0.026,30000,246,3.6
xyz2,phen_b10,X,mwpm,11,11,0.03,30000,812,4.3
xyz2,phen_b10,X,mwpm,11,11,0.034,30000,1909,5.0
xyz2,phen,X,mwpm,11,11,0.028,30000,415,3.6
xyz2,phen,X,mwpm,11,11,0.032,30000,993,4.2
xyz2,phen,X,mwpm,11,11,0.035,30000,1839,4.2
xyz2,phen_b10,Y,mwpm,11,11,0.026,30000,294,3.4
xyz2,phen_b10,Y,mwpm,11,11,0.03,30000,916,4.4
xyz2,phen_b10,Y,mwpm,11,11,0.034,30000,1953,4.3
xyz2,phen,Y,mwpm,11,11,0.028,30000,483,3.6
xyz2,phen,Y,mwpm,11,11,0.032,30000,1259,4.5
xyz2,phen,Y,mwpm,11,11,0.035,30000,2085,5.1
