3,1,full,380000,314,0.0008263157894736842,4.661242751867311e-05
3,1,no_gates,640000,300,0.00046875,2.70569501652735e-05
3,1,no_memory,3160000,300,9.493670886075949e-05,5.480913253214533e-06
3,1,no_crosstalk,500000,314,0.000628,3.542896035731221e-05
3,1,no_spam,440000,306,0.0006954545454545454,3.9742663371819966e-05
3,1,xtalk_per_step,580000,312,0.0005379310344827586,3.044615554364388e-05
3,1,only_crosstalk,4000000,52,1.3e-05,1.8027639196522654e-06
3,1,only_memory,1360000,303,0.00022279411764705882,1.2797761765137153e-05
3,1,only_gates,4000000,76,1.9e-05,2.1794287669020064e-06
3,1,only_spam,4000000,8,2e-06,7.071060740794128e-07
3,3,full,200000,325,0.001625,9.006551434927798e-05
3,3,no_gates,420000,300,0.0007142857142857143,4.122457398792508e-05
3,3,no_memory,1060000,302,0.0002849056603773585,1.639214288149084e-05
3,3,no_crosstalk,240000,314,0.0013083333333333334,7.3785206207563e-05
3,3,no_spam,200000,300,0.0015,8.653756409791069e-05
3,3,xtalk_per_step,220000,301,0.001368181818181818,7.880672262204696e-05
3,3,only_crosstalk,4000000,101,2.525e-05,2.512437185160059e-06
3,3,only_memory,820000,302,0.0003682926829268293,2.118895948787239e-05
3,3,only_gates,3140000,300,9.554140127388535e-05,5.515821860865802e-06
3,3,only_spam,4000000,8,2e-06,7.071060740794128e-07
5,1,full,3300000,300,9.09090909090909e-05,5.248400230900985e-06
5,1,no_gates,4000000,138,3.45e-05,2.936784370276442e-06
5,1,no_memory,4000000,37,9.25e-06,1.520683599364115e-06
5,1,no_crosstalk,4000000,117,2.925e-05,2.7041239079182376e-06
5,1,no_spam,3800000,301,7.921052631578948e-05,4.5654380088566774e-06
5,1,xtalk_per_step,4000000,134,3.35e-05,2.893910751474551e-06
5,1,only_crosstalk,4000000,14,3.5e-06,9.354127097169463e-07
5,1,only_memory,4000000,23,5.75e-06,1.1989544338193175e-06
5,1,only_gates,4000000,0,0.0,5e-19
5,1,only_spam,4000000,0,0.0,5e-19
5,5,full,440000,309,0.0007022727272727273,3.993686893908185e-05
5,5,no_gates,1860000,301,0.0001618279569892473,9.326853608085529e-06
5,5,no_memory,3700000,301,8.135135135135135e-05,4.688823205931563e-06
5,5,no_crosstalk,1620000,302,0.00018641975308641975,1.0726251423783687e-05
5,5,no_spam,480000,311,0.0006479166666666666,3.6728079365444926e-05
5,5,xtalk_per_step,1560000,301,0.00019294871794871794,1.1120306233705281e-05
5,5,only_crosstalk,4000000,25,6.25e-06,1.2499960937438965e-06
5,5,only_memory,3660000,36,9.836065573770493e-06,1.6393361999264254e-06
5,5,only_gates,4000000,38,9.5e-06,1.54109618048323e-06
5,5,only_spam,4000000,0,0.0,5e-19
7,1,full,4000000,77,1.925e-05,2.1937199819883577e-06
7,1,no_gates,4000000,36,9e-06,1.4999932499848124e-06
7,1,no_memory,4000000,8,2e-06,7.071060740794128e-07
7,1,no_crosstalk,4000000,4,1e-06,4.999997499999376e-07
7,1,no_spam,4000000,65,1.625e-05,2.015548060547056e-06
7,1,xtalk_per_step,4000000,6,1.5e-06,6.123719764162956e-07
7,1,only_crosstalk,4000000,3,7.5e-07,4.330125395124257e-07
7,1,only_memory,4000000,0,0.0,5e-19
7,1,only_gates,4000000,0,0.0,5e-19
7,1,only_spam,4000000,0,0.0,5e-19
7,7,full,460000,213,0.00046304347826086955,3.1719869955532456e-05
7,7,no_gates,640000,52,8.125e-05,1.1266889990525057e-05
7,7,no_memory,820000,39,4.75609756097561e-05,7.615670106748542e-06
7,7,no_crosstalk,580000,18,3.103448275862069e-05,7.314784228498048e-06
7,7,no_spam,500000,205,0.00041,2.862977121808695e-05
7,7,xtalk_per_step,660000,20,3.0303030303030302e-05,6.775860901288726e-06
7,7,only_crosstalk,2140000,8,3.738317757009346e-06,1.3216924476455967e-06
7,7,only_memory,1460000,0,0.0,8.27605888602368e-19
7,7,only_gates,2220000,3,1.3513513513513513e-06,7.80202539308055e-07
7,7,only_spam,4000000,0,0.0,5e-19
