noise,value,d,rounds,final,decoder,shots,errors,p_L,stderr,seconds
helios_p,0.0006,3,3,frame,mwpm,580000,611,0.0010534482758620689,4.259550167670194e-05,0.6
helios_p,0.0006,5,5,frame,mwpm,2140000,602,0.0002813084112149533,1.146366215060206e-05,10.8
helios_p,0.0006,7,7,frame,mwpm,4000000,581,0.00014525,6.025547743514692e-06,61.3
helios_p,0.0006,9,9,frame,mwpm,1560000,175,0.00011217948717948718,8.479496498044461e-06,64.4
helios_p,0.0007,3,3,frame,mwpm,420000,606,0.0014428571428571429,5.856976519954336e-05,0.5
helios_p,0.0007,5,5,frame,mwpm,1120000,608,0.0005428571428571429,2.2009787777656844e-05,6.9
helios_p,0.0007,7,7,frame,mwpm,2060000,600,0.0002912621359223301,1.1888995121346137e-05,34.3
helios_p,0.0007,9,9,frame,mwpm,1400000,371,0.000265,1.375629141779966e-05,64.2
helios_p,0.0008,3,3,frame,mwpm,300000,630,0.0021,8.357810718124693e-05,0.3
helios_p,0.0008,5,5,frame,mwpm,780000,608,0.0007794871794871795,3.160005637823992e-05,5.4
helios_p,0.0008,7,7,frame,mwpm,1060000,601,0.0005669811320754717,2.312108537945197e-05,19.6
helios_p,0.0008,9,9,frame,mwpm,1120000,606,0.0005410714285714285,2.1973577279651857e-05,57.9
helios_p,0.00085,3,3,frame,mwpm,240000,619,0.0025791666666666667,0.00010353168931081404,0.3
helios_p,0.00085,5,5,frame,mwpm,580000,610,0.0010517241379310344,4.256066692885393e-05,4.2
helios_p,0.00085,7,7,frame,mwpm,840000,605,0.0007202380952380952,2.9271295713838492e-05,17.6
helios_p,0.00085,9,9,frame,mwpm,780000,616,0.0007897435897435898,3.180710884107934e-05,37.2
helios_p,0.0009,3,3,frame,mwpm,260000,639,0.002457692307692308,9.710525724920708e-05,0.3
helios_p,0.0009,5,5,frame,mwpm,480000,619,0.0012895833333333333,5.179929834144559e-05,2.4
helios_p,0.0009,7,7,frame,mwpm,640000,606,0.000946875,3.84459528862917e-05,9.6
helios_p,0.0009,9,9,frame,mwpm,580000,622,0.0010724137931034483,4.2976812548480814e-05,23.0
helios_p,0.00095,3,3,frame,mwpm,220000,620,0.002818181818181818,0.00011302131073027148,0.2
helios_p,0.00095,5,5,frame,mwpm,480000,629,0.0013104166666666668,5.221548849931066e-05,2.5
helios_p,0.00095,7,7,frame,mwpm,480000,613,0.0012770833333333334,5.154796293043207e-05,7.7
helios_p,0.00095,9,9,frame,mwpm,380000,606,0.0015947368421052632,6.473008038465935e-05,17.1
helios_p,0.00105,3,3,frame,mwpm,180000,659,0.003661111111111111,0.0001423553335172083,0.2
helios_p,0.00105,5,5,frame,mwpm,300000,607,0.002023333333333333,8.20414418765613e-05,1.8
helios_p,0.00105,7,7,frame,mwpm,320000,617,0.001928125,7.754851977118049e-05,6.2
helios_p,0.00105,9,9,frame,mwpm,240000,649,0.002704166666666667,0.00010600420882574969,12.7
helios_p,0.0011,3,3,frame,mwpm,160000,629,0.00393125,0.00015644078898734937,0.2
helios_p,0.0011,5,5,frame,mwpm,240000,609,0.0025375,0.00010269414730462977,1.5
helios_p,0.0011,7,7,frame,mwpm,260000,600,0.002307692307692308,9.410237600011296e-05,5.2
helios_p,0.0011,9,9,frame,mwpm,180000,633,0.0035166666666666666,0.00013952896398283568,10.2
helios_p,0.00115,3,3,frame,mwpm,140000,616,0.0044,0.00017689060380440144,0.2
helios_p,0.00115,5,5,frame,mwpm,220000,606,0.0027545454545454544,0.00011174154297640071,1.6
helios_p,0.00115,7,7,frame,mwpm,200000,631,0.003155,0.00012540027860814346,4.5
helios_p,0.00115,9,9,frame,mwpm,140000,602,0.0043,0.00017487771237557486,9.4
helios_p,0.0012,3,3,frame,mwpm,140000,626,0.0044714285714285715,0.00017831422701750782,0.2
helios_p,0.0012,5,5,frame,mwpm,200000,618,0.00309,0.00012410583991094053,1.4
helios_p,0.0012,7,7,frame,mwpm,180000,638,0.0035444444444444442,0.00014007698990247175,4.1
helios_p,0.0012,9,9,frame,mwpm,120000,715,0.005958333333333334,0.00022216419598317786,8.2
helios_p,0.0013,3,3,frame,mwpm,120000,638,0.005316666666666667,0.00020992855376338206,0.2
helios_p,0.0013,5,5,frame,mwpm,140000,619,0.004421428571428572,0.000177318912471616,1.1
helios_p,0.0013,7,7,frame,mwpm,120000,632,0.005266666666666667,0.00020894434842976908,3.4
helios_p,0.0013,9,9,frame,mwpm,80000,725,0.0090625,0.0003350442339033385,6.8
helios_p,0.0014,3,3,frame,mwpm,120000,723,0.006025,0.00022339612379134962,0.2
helios_p,0.0014,5,5,frame,mwpm,120000,684,0.0057,0.00021732291641702215,1.1
helios_p,0.0014,7,7,frame,mwpm,100000,711,0.00711,0.00026569621562980535,3.4
helios_p,0.0014,9,9,frame,mwpm,60000,801,0.01335,0.0004685398862423561,6.2
helios_p,0.0016,3,3,frame,mwpm,80000,677,0.0084625,0.0003238611989292249,0.2
helios_p,0.0016,5,5,frame,mwpm,80000,719,0.0089875,0.00033366758989580484,0.9
helios_p,0.0016,7,7,frame,mwpm,60000,746,0.012433333333333333,0.00045237789430879494,2.8
helios_p,0.0016,9,9,frame,mwpm,40000,1103,0.027575,0.0008187585018642554,5.5
h2_p,0.0012,3,3,frame,mwpm,480000,627,0.00130625,5.213251766207401e-05,0.3
h2_p,0.0012,5,5,frame,mwpm,1940000,603,0.0003108247422680412,1.2655794692665677e-05,7.3
h2_p,0.0012,7,7,frame,mwpm,4000000,317,7.925e-05,4.450947074429778e-06,41.0
h2_p,0.0012,9,9,frame,mwpm,2560000,46,1.796875e-05,2.6493238468185905e-06,63.0
h2_p,0.0014,3,3,frame,mwpm,300000,611,0.0020366666666666667,8.231076591300305e-05,0.3
h2_p,0.0014,5,5,frame,mwpm,1140000,603,0.0005289473684210527,2.1534704408223375e-05,4.7
h2_p,0.0014,7,7,frame,mwpm,3780000,601,0.000158994708994709,6.48501385322448e-06,41.4
h2_p,0.0014,9,9,frame,mwpm,2280000,130,5.701754385964912e-05,5.000626840502771e-06,63.2
h2_p,0.0016,3,3,frame,mwpm,260000,601,0.0023115384615384617,9.41805804635903e-05,0.3
h2_p,0.0016,5,5,frame,mwpm,780000,614,0.0007871794871794872,3.175547268873814e-05,3.6
h2_p,0.0016,7,7,frame,mwpm,2080000,601,0.0002889423076923077,1.1784499680054247e-05,25.5
h2_p,0.0016,9,9,frame,mwpm,2160000,275,0.0001273148148148148,7.676883462730446e-06,63.3
h2_p,0.0018,3,3,frame,mwpm,200000,658,0.00329,0.0001280463958883654,0.2
h2_p,0.0018,5,5,frame,mwpm,500000,601,0.001202,4.900112643603206e-05,2.7
h2_p,0.0018,7,7,frame,mwpm,1160000,603,0.0005198275862068966,2.1163512954910987e-05,16.3
h2_p,0.0018,9,9,frame,mwpm,1860000,531,0.00028548387096774194,1.2387176206441906e-05,63.2
h2_p,0.002,3,3,frame,mwpm,160000,643,0.00401875,0.000158165254726613,0.2
h2_p,0.002,5,5,frame,mwpm,320000,604,0.0018875,7.672877034866877e-05,2.1
h2_p,0.002,7,7,frame,mwpm,660000,609,0.0009227272727272728,3.737354126285629e-05,10.5
h2_p,0.002,9,9,frame,mwpm,1200000,610,0.0005083333333333333,2.0576583182417895e-05,44.1
h2_p,0.0021,3,3,frame,mwpm,140000,632,0.004514285714285715,0.00017916287360100007,0.2
h2_p,0.0021,5,5,frame,mwpm,320000,623,0.001946875,7.792393482056667e-05,2.0
h2_p,0.0021,7,7,frame,mwpm,560000,615,0.0010982142857142857,4.425995067893407e-05,9.5
h2_p,0.0021,9,9,frame,mwpm,880000,600,0.0006818181818181819,2.7825619853120402e-05,34.3
h2_p,0.0022,3,3,frame,mwpm,140000,658,0.0047,0.00018279399021068187,0.2
h2_p,0.0022,5,5,frame,mwpm,260000,651,0.002503846153846154,9.801053531055541e-05,1.7
h2_p,0.0022,7,7,frame,mwpm,440000,616,0.0014,5.636810832699317e-05,8.3
h2_p,0.0022,9,9,frame,mwpm,700000,623,0.00089,3.564122612930145e-05,29.7
h2_p,0.0023,3,3,frame,mwpm,120000,638,0.005316666666666667,0.00020992855376338206,0.2
h2_p,0.0023,5,5,frame,mwpm,200000,606,0.00303,0.00012289872049781479,1.7
h2_p,0.0023,7,7,frame,mwpm,360000,621,0.001725,6.916213589578237e-05,7.2
h2_p,0.0023,9,9,frame,mwpm,500000,601,0.001202,4.900112643603206e-05,22.6
h2_p,0.0024,3,3,frame,mwpm,120000,701,0.005841666666666667,0.00021999131795789545,0.2
h2_p,0.0024,5,5,frame,mwpm,180000,609,0.0033833333333333332,0.00013686746202254876,1.5
h2_p,0.0024,7,7,frame,mwpm,280000,626,0.0022357142857142858,8.92571699270256e-05,6.1
h2_p,0.0024,9,9,frame,mwpm,400000,602,0.001505,6.12930455883863e-05,18.8
h2_p,0.0025,3,3,frame,mwpm,100000,621,0.00621,0.00024842374886471704,0.2
h2_p,0.0025,5,5,frame,mwpm,160000,603,0.00376875,0.00015318588633253513,1.3
h2_p,0.0025,7,7,frame,mwpm,260000,638,0.0024538461538461537,9.702943234875075e-05,5.7
h2_p,0.0025,9,9,frame,mwpm,340000,627,0.0018441176470588236,7.357902668645041e-05,17.2
h2_p,0.0026,3,3,frame,mwpm,100000,700,0.007,0.0002636474919281425,0.2
h2_p,0.0026,5,5,frame,mwpm,160000,684,0.004275,0.0001631089431752594,1.3
h2_p,0.0026,7,7,frame,mwpm,200000,618,0.00309,0.00012410583991094053,4.7
h2_p,0.0026,9,9,frame,mwpm,260000,628,0.0024153846153846152,9.626786612493087e-05,14.4
h2_p,0.0028,3,3,frame,mwpm,80000,636,0.00795,0.00031398243382393227,0.2
h2_p,0.0028,5,5,frame,mwpm,120000,668,0.005566666666666667,0.000214780486561064,1.2
h2_p,0.0028,7,7,frame,mwpm,160000,680,0.00425,0.00016263335873983542,4.3
h2_p,0.0028,9,9,frame,mwpm,180000,677,0.003761111111111111,0.00014427914984349276,11.5
h2_p,0.003,3,3,frame,mwpm,80000,753,0.0094125,0.0003413924582454554,0.2
h2_p,0.003,5,5,frame,mwpm,100000,667,0.00667,0.0002574006818172788,1.1
h2_p,0.003,7,7,frame,mwpm,100000,625,0.00625,0.00024921752546721107,3.3
h2_p,0.003,9,9,frame,mwpm,120000,715,0.005958333333333334,0.00022216419598317786,8.9
h2_p,0.0032,3,3,frame,mwpm,60000,611,0.010183333333333334,0.00040987057013069293,0.1
h2_p,0.0032,5,5,frame,mwpm,80000,759,0.0094875,0.00034273691338528885,0.9
h2_p,0.0032,7,7,frame,mwpm,80000,669,0.0083625,0.00032195823863022204,3.0
h2_p,0.0032,9,9,frame,mwpm,80000,627,0.0078375,0.00031177062068430214,7.1
helios_p,0.0007,3,3,frame,corr_gauge,500000,410,0.00082,4.0480306322951656e-05,0.8
helios_p,0.0007,5,5,frame,corr_gauge,2000000,343,0.0001715,9.259335498565758e-06,20.3
helios_p,0.0007,7,7,frame,corr_gauge,1560000,122,7.820512820512821e-05,7.080082760772746e-06,61.7
helios_p,0.0007,9,9,frame,corr_gauge,500000,21,4.2e-05,9.164958919711533e-06,63.2
helios_p,0.0008,3,3,frame,corr_gauge,400000,415,0.0010375,5.0902445760248105e-05,0.7
helios_p,0.0008,5,5,frame,corr_gauge,1500000,402,0.000268,1.3364833856056723e-05,16.9
helios_p,0.0008,7,7,frame,corr_gauge,1360000,184,0.0001352941176470588,9.973339945486023e-06,61.6
helios_p,0.0008,9,9,frame,corr_gauge,440000,51,0.00011590909090909091,1.62295784961605e-05,64.5
helios_p,0.0009,3,3,frame,corr_gauge,300000,416,0.0013866666666666667,6.793977289291407e-05,0.6
helios_p,0.0009,5,5,frame,corr_gauge,980000,412,0.0004204081632653061,2.070766939264454e-05,12.8
helios_p,0.0009,7,7,frame,corr_gauge,1200000,271,0.00022583333333333334,1.3716848904385465e-05,61.5
helios_p,0.0009,9,9,frame,corr_gauge,400000,83,0.0002075,2.277372080655684e-05,66.0
helios_p,0.0011,3,3,frame,corr_gauge,200000,407,0.002035,0.000100768516288571,0.5
helios_p,0.0011,5,5,frame,corr_gauge,420000,411,0.0009785714285714285,4.824574559409388e-05,6.7
helios_p,0.0011,7,7,frame,corr_gauge,560000,405,0.0007232142857142857,3.592380942482955e-05,35.1
helios_p,0.0011,9,9,frame,corr_gauge,320000,291,0.000909375,5.328426236673261e-05,67.2
helios_p,0.0012,3,3,frame,corr_gauge,160000,416,0.0026,0.00012730966184858083,0.5
helios_p,0.0012,5,5,frame,corr_gauge,320000,409,0.001278125,6.315881263935913e-05,5.8
helios_p,0.0012,7,7,frame,corr_gauge,360000,410,0.001138888888888889,5.6213675209162953e-05,24.3
helios_p,0.0012,9,9,frame,corr_gauge,280000,419,0.0014964285714285715,7.305060068588425e-05,64.8
helios_p,0.0013,3,3,frame,corr_gauge,140000,435,0.003107142857142857,0.00014874447217599532,0.4
helios_p,0.0013,5,5,frame,corr_gauge,240000,401,0.0016708333333333334,8.336770081256379e-05,4.9
helios_p,0.0013,7,7,frame,corr_gauge,260000,432,0.0016615384615384615,7.987436653123767e-05,20.5
helios_p,0.0013,9,9,frame,corr_gauge,180000,442,0.0024555555555555554,0.00011665537570289715,49.0
helios_p,0.0014,3,3,frame,corr_gauge,120000,438,0.00365,0.00017408516833243817,0.5
helios_p,0.0014,5,5,frame,corr_gauge,180000,435,0.002416666666666667,0.0001157302032240141,3.9
helios_p,0.0014,7,7,frame,corr_gauge,180000,412,0.002288888888888889,0.0001126363340959452,15.8
helios_p,0.0014,9,9,frame,corr_gauge,100000,421,0.00421,0.00020475047985291756,30.8
h2_p,0.0014,3,3,frame,corr_gauge,380000,409,0.0010763157894736841,5.319174188465461e-05,0.7
h2_p,0.0014,5,5,frame,corr_gauge,2000000,394,0.000197,9.923738987901687e-06,22.1
h2_p,0.0014,7,7,frame,corr_gauge,1660000,62,3.734939759036144e-05,4.743289655369529e-06,61.4
h2_p,0.0014,9,9,frame,corr_gauge,600000,5,8.333333333333334e-06,3.726764434217455e-06,63.2
h2_p,0.0016,3,3,frame,corr_gauge,300000,424,0.0014133333333333333,6.858901326554231e-05,0.6
h2_p,0.0016,5,5,frame,corr_gauge,1280000,400,0.0003125,1.562255840298533e-05,15.6
h2_p,0.0016,7,7,frame,corr_gauge,1400000,113,8.071428571428571e-05,7.592654858403206e-06,61.3
h2_p,0.0016,9,9,frame,corr_gauge,500000,10,2e-05,6.324492074467324e-06,63.0
h2_p,0.0018,3,3,frame,corr_gauge,220000,404,0.0018363636363636364,9.12785797076649e-05,0.5
h2_p,0.0018,5,5,frame,corr_gauge,860000,408,0.0004744186046511628,2.3481648738682895e-05,12.1
h2_p,0.0018,7,7,frame,corr_gauge,1260000,176,0.00013968253968253967,1.052823220628244e-05,61.3
h2_p,0.0018,9,9,frame,corr_gauge,460000,21,4.565217391304348e-05,9.961893677153662e-06,64.4
h2_p,0.002,3,3,frame,corr_gauge,160000,401,0.00250625,0.00012499921777098998,0.5
h2_p,0.002,5,5,frame,corr_gauge,560000,404,0.0007214285714285714,3.5879463690571406e-05,8.9
h2_p,0.002,7,7,frame,corr_gauge,1120000,276,0.00024642857142857143,1.4831429116303129e-05,61.6
h2_p,0.002,9,9,frame,corr_gauge,400000,40,0.0001,1.581059771166163e-05,65.0
h2_p,0.0022,3,3,frame,corr_gauge,140000,415,0.0029642857142857144,0.00014529523452242718,0.4
h2_p,0.0022,5,5,frame,corr_gauge,380000,415,0.0010921052631578947,5.358005739697711e-05,6.5
h2_p,0.0022,7,7,frame,corr_gauge,960000,404,0.00042083333333333333,2.093283486930304e-05,58.1
h2_p,0.0022,9,9,frame,corr_gauge,380000,77,0.00020263157894736842,2.3089671841857966e-05,65.8
h2_p,0.0024,3,3,frame,corr_gauge,100000,400,0.004,0.00019959959919799437,0.4
h2_p,0.0024,5,5,frame,corr_gauge,300000,419,0.0013966666666666667,6.818396656323461e-05,5.7
h2_p,0.0024,7,7,frame,corr_gauge,640000,402,0.000628125,3.131818708295686e-05,41.7
h2_p,0.0024,9,9,frame,corr_gauge,340000,121,0.00035588235294117647,3.234718374376761e-05,66.5
h2_p,0.0026,3,3,frame,corr_gauge,100000,437,0.00437,0.00020858818518794395,0.4
h2_p,0.0026,5,5,frame,corr_gauge,200000,409,0.002045,0.00010101529525274873,4.4
h2_p,0.0026,7,7,frame,corr_gauge,440000,417,0.0009477272727272727,4.6388406803654805e-05,33.2
h2_p,0.0026,9,9,frame,corr_gauge,300000,163,0.0005433333333333334,4.254558818578107e-05,65.7
h2_p,0.0028,3,3,frame,corr_gauge,80000,433,0.0054125,0.00025940327782600397,0.3
h2_p,0.0028,5,5,frame,corr_gauge,160000,433,0.00270625,0.00012987797664869657,3.9
h2_p,0.0028,7,7,frame,corr_gauge,280000,412,0.0014714285714285714,7.243872951348399e-05,22.3
h2_p,0.0028,9,9,frame,corr_gauge,280000,240,0.0008571428571428571,5.530461629096054e-05,66.3
h2_p,0.003,3,3,frame,corr_gauge,80000,469,0.0058625,0.00026991042712699154,0.4
h2_p,0.003,5,5,frame,corr_gauge,120000,407,0.0033916666666666665,0.0001678333316092905,3.3
h2_p,0.003,7,7,frame,corr_gauge,220000,416,0.0018909090909090909,9.26217516598609e-05,19.8
h2_p,0.003,9,9,frame,corr_gauge,260000,341,0.0013115384615384616,7.097719916668708e-05,66.3
helios_p_noxt,0.0025,3,3,frame,mwpm,40000,669,0.016725,0.0006411956482813962,0.1
helios_p_noxt,0.0025,5,5,frame,mwpm,40000,652,0.0163,0.0006331332798076563,0.7
helios_p_noxt,0.0025,7,7,frame,mwpm,60000,846,0.0141,0.0004813382386638319,2.8
helios_p_noxt,0.0025,9,9,frame,mwpm,60000,689,0.011483333333333333,0.00043496104018806266,6.7
helios_p_noxt,0.003,3,3,frame,mwpm,40000,1055,0.026375,0.0008012390307361468,0.2
helios_p_noxt,0.003,5,5,frame,mwpm,20000,646,0.0323,0.0012501341927969173,0.6
helios_p_noxt,0.003,7,7,frame,mwpm,20000,616,0.0308,0.0012217070025173794,1.8
helios_p_noxt,0.003,9,9,frame,mwpm,20000,711,0.03555,0.0013093165679086169,4.4
helios_p_noxt,0.0035,3,3,frame,mwpm,20000,687,0.03435,0.0012878291326880286,0.1
helios_p_noxt,0.0035,5,5,frame,mwpm,20000,938,0.0469,0.0014949981605339854,0.6
helios_p_noxt,0.0035,7,7,frame,mwpm,20000,1202,0.0601,0.0016805949839268234,2.2
helios_p_noxt,0.0035,9,9,frame,mwpm,20000,1418,0.0709,0.001814844208189783,5.9
helios_p_noxt,0.004,3,3,frame,mwpm,20000,911,0.04555,0.0014743676186758851,0.2
helios_p_noxt,0.004,5,5,frame,mwpm,20000,1439,0.07195,0.0018272000095774957,1.0
helios_p_noxt,0.004,7,7,frame,mwpm,20000,1865,0.09325,0.002056142474392278,3.4
helios_p_noxt,0.004,9,9,frame,mwpm,20000,2525,0.12625,0.002348520145751362,8.4
helios_p_noxt,0.0045,3,3,frame,mwpm,20000,1126,0.0563,0.0016298820509472456,0.3
helios_p_noxt,0.0045,5,5,frame,mwpm,20000,1874,0.0937,0.002060586203001466,1.2
helios_p_noxt,0.0045,7,7,frame,mwpm,20000,2894,0.1447,0.002487588289890431,3.7
helios_p_noxt,0.0045,9,9,frame,mwpm,20000,3944,0.1972,0.0028134690330622087,8.9
helios_p_noxt,0.005,3,3,frame,mwpm,20000,1370,0.0685,0.0017861655858290408,0.3
helios_p_noxt,0.005,5,5,frame,mwpm,20000,2518,0.1259,0.00234573218846483,1.2
helios_p_noxt,0.005,7,7,frame,mwpm,20000,3911,0.19555,0.002804551635288607,4.0
helios_p_noxt,0.005,9,9,frame,mwpm,20000,5434,0.2717,0.003145465863747372,9.1
helios_p_noxt,0.0055,3,3,frame,mwpm,20000,1615,0.08075,0.0019265180702500563,0.2
helios_p_noxt,0.0055,5,5,frame,mwpm,20000,3256,0.1628,0.0026105187223998223,1.5
helios_p_noxt,0.0055,7,7,frame,mwpm,20000,4816,0.2408,0.003023370304808857,4.3
helios_p_noxt,0.0055,9,9,frame,mwpm,20000,6691,0.33455,0.0033363625215195067,10.7
helios_p_noxt,0.006,3,3,frame,mwpm,20000,2008,0.1004,0.0021250863511866995,0.2
helios_p_noxt,0.006,5,5,frame,mwpm,20000,3881,0.19405,0.002796377992153421,1.3
helios_p_noxt,0.006,7,7,frame,mwpm,20000,5973,0.29865,0.0032361873980040153,4.7
helios_p_noxt,0.006,9,9,frame,mwpm,20000,7732,0.3866,0.0034434026775850657,10.3
h2_p_noxt,0.0025,3,3,frame,mwpm,100000,616,0.00616,0.0002474278561520509,0.2
h2_p_noxt,0.0025,5,5,frame,mwpm,200000,658,0.00329,0.0001280463958883654,1.7
h2_p_noxt,0.0025,7,7,frame,mwpm,340000,627,0.0018441176470588236,7.357902668645041e-05,6.7
h2_p_noxt,0.0025,9,9,frame,mwpm,760000,607,0.0007986842105263158,3.240464379607074e-05,45.6
h2_p_noxt,0.003,3,3,frame,mwpm,80000,718,0.008975,0.00033343757614807,0.3
h2_p_noxt,0.003,5,5,frame,mwpm,120000,705,0.005875,0.00022061437651476842,2.1
h2_p_noxt,0.003,7,7,frame,mwpm,180000,662,0.0036777777777777776,0.00014267779801580634,8.4
h2_p_noxt,0.003,9,9,frame,mwpm,260000,628,0.0024153846153846152,9.626786612493087e-05,22.8
h2_p_noxt,0.0035,3,3,frame,mwpm,60000,761,0.012683333333333333,0.00045684545871459435,0.2
h2_p_noxt,0.0035,5,5,frame,mwpm,80000,793,0.0099125,0.00035025423523046085,1.1
h2_p_noxt,0.0035,7,7,frame,mwpm,80000,668,0.00835,0.0003217195498411621,3.1
h2_p_noxt,0.0035,9,9,frame,mwpm,100000,635,0.00635,0.0002511907143984427,13.6
h2_p_noxt,0.004,3,3,frame,mwpm,40000,644,0.0161,0.0006293010011115507,0.2
h2_p_noxt,0.004,5,5,frame,mwpm,40000,646,0.01615,0.0006302614041015046,1.1
h2_p_noxt,0.004,7,7,frame,mwpm,60000,864,0.0144,0.0004863578929142612,5.3
h2_p_noxt,0.004,9,9,frame,mwpm,60000,760,0.012666666666666666,0.0004565490521696842,14.7
h2_p_noxt,0.0045,3,3,frame,mwpm,40000,841,0.021025,0.0007173379499057609,0.3
h2_p_noxt,0.0045,5,5,frame,mwpm,40000,949,0.023725,0.0007609553925001123,1.5
h2_p_noxt,0.0045,7,7,frame,mwpm,40000,975,0.024375,0.0007710521930291101,5.2
h2_p_noxt,0.0045,9,9,frame,mwpm,40000,999,0.024975,0.000780244342738222,9.9
h2_p_noxt,0.005,3,3,frame,mwpm,40000,1036,0.0259,0.0007941849595654655,0.2
h2_p_noxt,0.005,5,5,frame,mwpm,20000,647,0.03235,0.00125106909281622,1.1
h2_p_noxt,0.005,7,7,frame,mwpm,20000,726,0.0363,0.001322541303702837,3.5
h2_p_noxt,0.005,9,9,frame,mwpm,20000,883,0.04415,0.0014525972858986072,7.8
h2_p_noxt,0.0055,3,3,frame,mwpm,20000,621,0.03105,0.0012264969934736897,0.2
h2_p_noxt,0.0055,5,5,frame,mwpm,20000,852,0.0426,0.00142802731066321,1.0
h2_p_noxt,0.0055,7,7,frame,mwpm,20000,1106,0.0553,0.0016161978529870655,3.7
h2_p_noxt,0.0055,9,9,frame,mwpm,20000,1358,0.0679,0.0017788983950748846,10.0
h2_p_noxt,0.006,3,3,frame,mwpm,20000,743,0.03715,0.0013373458322363742,0.3
h2_p_noxt,0.006,5,5,frame,mwpm,20000,1113,0.05565,0.001621003971309139,1.5
h2_p_noxt,0.006,7,7,frame,mwpm,20000,1445,0.07225,0.0018307093911923869,4.2
h2_p_noxt,0.006,9,9,frame,mwpm,20000,1972,0.0986,0.0021080564508570445,8.8
h2_p,0.0034,3,3,frame,mwpm,60000,695,0.011583333333333333,0.00043682871781020044,0.3
h2_p,0.0034,5,5,frame,mwpm,60000,652,0.010866666666666667,0.00042325292324688914,1.2
h2_p,0.0034,7,7,frame,mwpm,60000,623,0.010383333333333333,0.0004138340996547252,4.0
h2_p,0.0034,9,9,frame,mwpm,60000,686,0.011433333333333334,0.0004340240435394915,10.2
h2_p,0.0036,3,3,frame,mwpm,60000,765,0.01275,0.0004580290656716012,0.2
h2_p,0.0036,5,5,frame,mwpm,60000,792,0.0132,0.00046593561787010876,1.6
h2_p,0.0036,7,7,frame,mwpm,60000,835,0.013916666666666667,0.00047824319224211225,4.3
h2_p,0.0036,9,9,frame,mwpm,40000,650,0.01625,0.0006321775363772427,8.8
h2_p,0.0038,3,3,frame,mwpm,40000,629,0.015725,0.0006220475137600021,0.2
h2_p,0.0038,5,5,frame,mwpm,40000,636,0.0159,0.0006254436425450338,1.2
h2_p,0.0038,7,7,frame,mwpm,40000,667,0.016675,0.0006402527699081043,3.6
h2_p,0.0038,9,9,frame,mwpm,40000,815,0.020375,0.0007063968320816565,8.6
h2_p,0.004,3,3,frame,mwpm,40000,689,0.017225,0.0006505439911143596,0.2
h2_p,0.004,5,5,frame,mwpm,40000,760,0.019,0.0006826236151789652,1.4
h2_p,0.004,7,7,frame,mwpm,40000,884,0.0221,0.0007350440462992677,3.9
h2_p,0.004,9,9,frame,mwpm,40000,1109,0.027725,0.0008209190638394263,8.8
h2_p,0.0044,3,3,frame,mwpm,40000,907,0.022675,0.0007443259429678641,0.3
h2_p,0.0044,5,5,frame,mwpm,40000,996,0.0249,0.0007791018867901681,1.2
h2_p,0.0044,7,7,frame,mwpm,20000,676,0.0338,0.0012778411481870506,3.3
h2_p,0.0044,9,9,frame,mwpm,20000,877,0.04385,0.001447880822098283,8.3
helios_p_noxt,0.0026,3,3,frame,mwpm,40000,759,0.018975,0.0006821830651482049,0.3
helios_p_noxt,0.0026,5,5,frame,mwpm,40000,688,0.0172,0.000650079995077529,1.7
helios_p_noxt,0.0026,7,7,frame,mwpm,40000,700,0.0175,0.0006556247020971678,5.2
helios_p_noxt,0.0026,9,9,frame,mwpm,40000,615,0.015375,0.0006151952814960465,9.9
helios_p_noxt,0.0027,3,3,frame,mwpm,40000,736,0.0184,0.000671964284765195,0.1
helios_p_noxt,0.0027,5,5,frame,mwpm,40000,817,0.020425,0.0007072449960056275,1.4
helios_p_noxt,0.0027,7,7,frame,mwpm,40000,731,0.018275,0.000669720545731576,3.6
helios_p_noxt,0.0027,9,9,frame,mwpm,40000,756,0.0189,0.0006808595670180452,9.2
helios_p_noxt,0.0028,3,3,frame,mwpm,40000,912,0.0228,0.0007463270060770949,0.3
helios_p_noxt,0.0028,5,5,frame,mwpm,40000,925,0.023125,0.0007515024014432688,1.4
helios_p_noxt,0.0028,7,7,frame,mwpm,40000,985,0.024625,0.0007748969185478802,5.1
helios_p_noxt,0.0028,9,9,frame,mwpm,40000,948,0.0237,0.0007605640998627268,11.5
helios_p_noxt,0.0029,3,3,frame,mwpm,40000,945,0.023625,0.0007593888887618781,0.2
helios_p_noxt,0.0029,5,5,frame,mwpm,40000,1049,0.026225,0.0007990189199105363,1.3
helios_p_noxt,0.0029,7,7,frame,mwpm,40000,1076,0.0269,0.000808955962954721,4.1
helios_p_noxt,0.0029,9,9,frame,mwpm,40000,1088,0.0272,0.0008133289617368854,9.9
helios_p_noxt,0.0031,3,3,frame,mwpm,40000,1059,0.026475,0.0008027153040617824,0.3
helios_p_noxt,0.0031,5,5,frame,mwpm,40000,1222,0.03055,0.0008604751231151311,1.9
helios_p_noxt,0.0031,7,7,frame,mwpm,20000,718,0.0359,0.0013155073165893073,4.4
helios_p_noxt,0.0031,9,9,frame,mwpm,20000,783,0.03915,0.0013714459066984741,7.8
helios_p_noxt,0.0032,3,3,frame,mwpm,40000,1072,0.0268,0.0008074924148250559,0.2
helios_p_noxt,0.0032,5,5,frame,mwpm,20000,767,0.03835,0.0013579263142748212,1.2
helios_p_noxt,0.0032,7,7,frame,mwpm,20000,800,0.04,0.0013856406460551018,3.1
helios_p_noxt,0.0032,9,9,frame,mwpm,20000,1000,0.05,0.0015411035007422442,7.0
h2_p_noxt,0.0038,3,3,frame,mwpm,60000,871,0.014516666666666667,0.0004882952156150955,0.2
h2_p_noxt,0.0038,5,5,frame,mwpm,60000,780,0.013,0.00046243918519087455,1.3
h2_p_noxt,0.0038,7,7,frame,mwpm,60000,728,0.012133333333333333,0.0004469547992723566,4.8
h2_p_noxt,0.0038,9,9,frame,mwpm,60000,619,0.010316666666666667,0.0004125173340914608,10.6
h2_p_noxt,0.0042,3,3,frame,mwpm,40000,701,0.017525,0.0006560844910337387,0.3
h2_p_noxt,0.0042,5,5,frame,mwpm,40000,721,0.018025,0.0006652086021504834,1.0
h2_p_noxt,0.0042,7,7,frame,mwpm,40000,729,0.018225,0.0006688207789647388,3.4
h2_p_noxt,0.0042,9,9,frame,mwpm,40000,688,0.0172,0.000650079995077529,10.7
h2_p_noxt,0.0044,3,3,frame,mwpm,40000,737,0.018425,0.0006724120644180918,0.3
h2_p_noxt,0.0044,5,5,frame,mwpm,40000,888,0.0222,0.0007366674962287938,1.6
h2_p_noxt,0.0044,7,7,frame,mwpm,40000,944,0.0236,0.0007589967061852114,4.8
h2_p_noxt,0.0044,9,9,frame,mwpm,40000,877,0.021925,0.0007321935259035005,9.5
h2_p_noxt,0.0046,3,3,frame,mwpm,40000,890,0.02225,0.0007374777539017702,0.3
h2_p_noxt,0.0046,5,5,frame,mwpm,40000,1004,0.0251,0.0007821443281134244,1.2
h2_p_noxt,0.0046,7,7,frame,mwpm,40000,1089,0.027225,0.000813692192647195,4.2
h2_p_noxt,0.0046,9,9,frame,mwpm,40000,1136,0.0284,0.0008305636640258229,9.9
h2_p_noxt,0.0048,3,3,frame,mwpm,40000,1009,0.025225,0.0007840392109933023,0.3
h2_p_noxt,0.0048,5,5,frame,mwpm,20000,602,0.0301,0.0012081802431756614,1.0
h2_p_noxt,0.0048,7,7,frame,mwpm,20000,682,0.0341,0.0012833002376684889,2.9
h2_p_noxt,0.0048,9,9,frame,mwpm,20000,698,0.0349,0.0012977285925801281,7.3
h2_p,0.0032,3,3,frame,corr_gauge,60000,444,0.0074,0.0003498866483115163,0.5
h2_p,0.0032,5,5,frame,corr_gauge,100000,430,0.0043,0.0002069180997399696,4.8
h2_p,0.0032,7,7,frame,corr_gauge,140000,423,0.0030214285714285716,0.0001466847820721195,21.8
h2_p,0.0032,9,9,frame,corr_gauge,140000,270,0.0019285714285714286,0.00011725588747985343,71.3
h2_p,0.0034,3,3,frame,corr_gauge,60000,505,0.008416666666666666,0.00037295724484380445,0.5
h2_p,0.0034,5,5,frame,corr_gauge,100000,475,0.00475,0.00021742671179043297,4.7
h2_p,0.0034,7,7,frame,corr_gauge,120000,427,0.0035583333333333335,0.00017189317412330597,21.8
h2_p,0.0034,9,9,frame,corr_gauge,140000,409,0.0029214285714285713,0.00014424418350567436,71.2
h2_p,0.0036,3,3,frame,corr_gauge,60000,558,0.0093,0.0003918654105684757,0.6
h2_p,0.0036,5,5,frame,corr_gauge,60000,403,0.006716666666666667,0.0003334554706792586,3.3
h2_p,0.0036,7,7,frame,corr_gauge,100000,485,0.00485,0.0002196924554917624,19.2
h2_p,0.0036,9,9,frame,corr_gauge,100000,472,0.00472,0.0002167422801393397,58.7
h2_p,0.0038,3,3,frame,corr_gauge,40000,411,0.010275,0.0005042178193747222,0.6
h2_p,0.0038,5,5,frame,corr_gauge,60000,476,0.007933333333333334,0.0003621784908843418,3.7
h2_p,0.0038,7,7,frame,corr_gauge,80000,515,0.0064375,0.0002827556054649934,17.3
h2_p,0.0038,9,9,frame,corr_gauge,80000,460,0.00575,0.0002673232476796584,49.5
h2_p,0.004,3,3,frame,corr_gauge,40000,481,0.012025,0.0005449862240231399,0.6
h2_p,0.004,5,5,frame,corr_gauge,60000,570,0.0095,0.00039601662423017884,3.6
h2_p,0.004,7,7,frame,corr_gauge,60000,502,0.008366666666666666,0.0003718571758878122,12.8
h2_p,0.004,9,9,frame,corr_gauge,60000,511,0.008516666666666667,0.00037514737227645076,37.0
h2_p,0.0044,3,3,frame,corr_gauge,40000,635,0.015875,0.0006249596861998381,0.5
h2_p,0.0044,5,5,frame,corr_gauge,40000,535,0.013375,0.0005743715995546785,3.0
h2_p,0.0044,7,7,frame,corr_gauge,40000,596,0.0149,0.0006057637740901976,9.9
h2_p,0.0044,9,9,frame,corr_gauge,40000,645,0.016125,0.0006297813980858756,28.2
helios_p,0.0015,3,3,frame,corr_gauge,100000,446,0.00446,0.00021071564725952367,0.6
helios_p,0.0015,5,5,frame,corr_gauge,160000,439,0.00274375,0.00013077226951693305,6.1
helios_p,0.0015,7,7,frame,corr_gauge,120000,406,0.0033833333333333332,0.0001676277221724997,19.4
helios_p,0.0015,9,9,frame,corr_gauge,80000,496,0.0062,0.00027752387284700394,44.3
helios_p,0.0016,3,3,frame,corr_gauge,80000,417,0.0052125,0.0002545910898811563,0.7
helios_p,0.0016,5,5,frame,corr_gauge,120000,432,0.0036,0.0001728930305130892,4.9
helios_p,0.0016,7,7,frame,corr_gauge,100000,470,0.0047,0.00021628476599150484,16.9
helios_p,0.0016,9,9,frame,corr_gauge,60000,593,0.009883333333333333,0.00040384925107345756,36.9
helios_p,0.0018,3,3,frame,corr_gauge,60000,402,0.0067,0.00033304429134876337,0.4
helios_p,0.0018,5,5,frame,corr_gauge,80000,456,0.0057,0.00026616512731761084,4.5
helios_p,0.0018,7,7,frame,corr_gauge,60000,518,0.008633333333333333,0.00037768591203293263,12.1
helios_p,0.0018,9,9,frame,corr_gauge,40000,758,0.01895,0.0006817422075095542,32.0
helios_p,0.002,3,3,frame,corr_gauge,60000,524,0.008733333333333333,0.0003798478252805594,0.4
helios_p,0.002,5,5,frame,corr_gauge,60000,495,0.00825,0.0003692771655545466,4.2
helios_p,0.002,7,7,frame,corr_gauge,40000,548,0.0137,0.0005812123106060297,10.6
helios_p,0.002,9,9,frame,corr_gauge,20000,652,0.0326,0.0012557316592329748,19.0
