g1_x,g1_y,g1_z,IX,IY,IZ,XI,XX,XY,XZ,YI,YX,YY,YZ,ZI,ZX,ZY,ZZ,round,operator,mean,std,mean_signed,std_signed
0.000575439937337,0.000575439937337,0.000575439937337,0.000575439937337,0.000575439937337,0.000575439937337,0.000575439937337,0.000575439937337,0.000575439937337,0.000575439937337,0.000575439937337,0.000575439937337,0.000575439937337,0.000575439937337,0.000575439937337,0.000575439937337,0.000575439937337,0.000575439937337,1,Logical X,0.988377777778,0.00223989144054,0.988688888889,0.00304491704249
0.000575439937337,0.000575439937337,0.000575439937337,0.000575439937337,0.000575439937337,0.000575439937337,0.000575439937337,0.000575439937337,0.000575439937337,0.000575439937337,0.000575439937337,0.000575439937337,0.000575439937337,0.000575439937337,0.000575439937337,0.000575439937337,0.000575439937337,0.000575439937337,1,Logical Y,0.0158888888889,0.0109950644913,-0.000888888888889,0.0182324987376
0.000575439937337,0.000575439937337,0.000575439937337,0.000575439937337,0.000575439937337,0.000575439937337,0.000575439937337,0.000575439937337,0.000575439937337,0.000575439937337,0.000575439937337,0.000575439937337,0.000575439937337,0.000575439937337,0.000575439937337,0.000575439937337,0.000575439937337,0.000575439937337,1,Logical Z,0.01,0.00987275363654,0.00157777777778,0.0167620108097
0.000575439937337,0.000575439937337,0.000575439937337,0.000575439937337,0.000575439937337,0.000575439937337,0.000575439937337,0.000575439937337,0.000575439937337,0.000575439937337,0.000575439937337,0.000575439937337,0.000575439937337,0.000575439937337,0.000575439937337,0.000575439937337,0.000575439937337,0.000575439937337,1,X0 X1 X3,0.980844444444,0.00355335180748,0.980844444444,0.00355335180748
0.000575439937337,0.000575439937337,0.000575439937337,0.000575439937337,0.000575439937337,0.000575439937337,0.000575439937337,0.000575439937337,0.000575439937337,0.000575439937337,0.000575439937337,0.000575439937337,0.000575439937337,0.000575439937337,0.000575439937337,0.000575439937337,0.000575439937337,0.000575439937337,1,X1 X2 X4,0.979822222222,0.00362593186155,0.979822222222,0.00362593186155
0.000575439937337,0.000575439937337,0.000575439937337,0.000575439937337,0.000575439937337,0.000575439937337,0.000575439937337,0.000575439937337,0.000575439937337,0.000575439937337,0.000575439937337,0.000575439937337,0.000575439937337,0.000575439937337,0.000575439937337,0.000575439937337,0.000575439937337,0.000575439937337,1,X3 X5 X6 X8,0.979888888889,0.00340422695703,0.979888888889,0.00340422695703
0.000575439937337,0.000575439937337,0.000575439937337,0.000575439937337,0.000575439937337,0.000575439937337,0.000575439937337,0.000575439937337,0.000575439937337,0.000575439937337,0.000575439937337,0.000575439937337,0.000575439937337,0.000575439937337,0.000575439937337,0.000575439937337,0.000575439937337,0.000575439937337,1,X4 X6 X7 X9,0.974355555556,0.00440039473441,0.974355555556,0.00440039473441
0.000575439937337,0.000575439937337,0.000575439937337,0.000575439937337,0.000575439937337,0.000575439937337,0.000575439937337,0.000575439937337,0.000575439937337,0.000575439937337,0.000575439937337,0.000575439937337,0.000575439937337,0.000575439937337,0.000575439937337,0.000575439937337,0.000575439937337,0.000575439937337,1,X8 X10 X11,0.984,0.00326129043872,0.984,0.00326129043872
0.000575439937337,0.000575439937337,0.000575439937337,0.000575439937337,0.000575439937337,0.000575439937337,0.000575439937337,0.000575439937337,0.000575439937337,0.000575439937337,0.000575439937337,0.000575439937337,0.000575439937337,0.000575439937337,0.000575439937337,0.000575439937337,0.000575439937337,0.000575439937337,1,X9 X11 X12,0.977266666667,0.00323936515232,0.977266666667,0.00323936515232
0.000575439937337,0.000575439937337,0.000575439937337,0.000575439937337,0.000575439937337,0.000575439937337,0.000575439937337,0.000575439937337,0.000575439937337,0.000575439937337,0.000575439937337,0.000575439937337,0.000575439937337,0.000575439937337,0.000575439937337,0.000575439937337,0.000575439937337,0.000575439937337,1,Z0 Z3 Z5,0.977577777778,0.00307994791882,0.977577777778,0.00307994791882
0.000575439937337,0.000575439937337,0.000575439937337,0.000575439937337,0.000575439937337,0.000575439937337,0.000575439937337,0.000575439937337,0.000575439937337,0.000575439937337,0.000575439937337,0.000575439937337,0.000575439937337,0.000575439937337,0.000575439937337,0.000575439937337,0.000575439937337,0.000575439937337,1,Z1 Z3 Z4 Z6,0.969111111111,0.00380092077303,0.969111111111,0.00380092077303
0.000575439937337,0.000575439937337,0.000575439937337,0.000575439937337,0.000575439937337,0.000575439937337,0.000575439937337,0.000575439937337,0.000575439937337,0.000575439937337,0.000575439937337,0.000575439937337,0.000575439937337,0.000575439937337,0.000575439937337,0.000575439937337,0.000575439937337,0.000575439937337,1,Z2 Z4 Z7,0.977022222222,0.00376201353656,0.977022222222,0.00376201353656
0.000575439937337,0.000575439937337,0.000575439937337,0.000575439937337,0.000575439937337,0.000575439937337,0.000575439937337,0.000575439937337,0.000575439937337,0.000575439937337,0.000575439937337,0.000575439937337,0.000575439937337,0.000575439937337,0.000575439937337,0.000575439937337,0.000575439937337,0.000575439937337,1,Z5 Z8 Z10,0.977955555556,0.00375875308799,0.977955555556,0.00375875308799
0.000575439937337,0.000575439937337,0.000575439937337,0.000575439937337,0.000575439937337,0.000575439937337,0.000575439937337,0.000575439937337,0.000575439937337,0.000575439937337,0.000575439937337,0.000575439937337,0.000575439937337,0.000575439937337,0.000575439937337,0.000575439937337,0.000575439937337,0.000575439937337,1,Z6 Z8 Z9 Z11,0.970422222222,0.00527114121964,0.970422222222,0.00527114121964
0.000575439937337,0.000575439937337,0.000575439937337,0.000575439937337,0.000575439937337,0.000575439937337,0.000575439937337,0.000575439937337,0.000575439937337,0.000575439937337,0.000575439937337,0.000575439937337,0.000575439937337,0.000575439937337,0.000575439937337,0.000575439937337,0.000575439937337,0.000575439937337,1,Z7 Z9 Z12,0.972777777778,0.00453537254113,0.972777777778,0.00453537254113
0.000575439937337,0.000575439937337,0.000575439937337,0.000575439937337,0.000575439937337,0.000575439937337,0.000575439937337,0.000575439937337,0.000575439937337,0.000575439937337,0.000575439937337,0.000575439937337,0.000575439937337,0.000575439937337,0.000575439937337,0.000575439937337,0.000575439937337,0.000575439937337,5,Logical X,0.987577777778,0.00237149957139,0.988488888889,0.00232878593554
0.000575439937337,0.000575439937337,0.000575439937337,0.000575439937337,0.000575439937337,0.000575439937337,0.000575439937337,0.000575439937337,0.000575439937337,0.000575439937337,0.000575439937337,0.000575439937337,0.000575439937337,0.000575439937337,0.000575439937337,0.000575439937337,0.000575439937337,0.000575439937337,5,Logical Y,0.0181555555556,0.0161503314399,-0.00851111111111,0.0191310730639
0.000575439937337,0.000575439937337,0.000575439937337,0.000575439937337,0.000575439937337,0.000575439937337,0.000575439937337,0.000575439937337,0.000575439937337,0.000575439937337,0.000575439937337,0.000575439937337,0.000575439937337,0.000575439937337,0.000575439937337,0.000575439937337,0.000575439937337,0.000575439937337,5,Logical Z,0.014,0.00956045494998,-0.00395555555556,0.0161913210121
0.000575439937337,0.000575439937337,0.000575439937337,0.000575439937337,0.000575439937337,0.000575439937337,0.000575439937337,0.000575439937337,0.000575439937337,0.000575439937337,0.000575439937337,0.000575439937337,0.000575439937337,0.000575439937337,0.000575439937337,0.000575439937337,0.000575439937337,0.000575439937337,5,X0 X1 X3,0.981066666667,0.00484424056656,0.981066666667,0.00484424056656
0.000575439937337,0.000575439937337,0.000575439937337,0.000575439937337,0.000575439937337,0.000575439937337,0.000575439937337,0.000575439937337,0.000575439937337,0.000575439937337,0.000575439937337,0.000575439937337,0.000575439937337,0.000575439937337,0.000575439937337,0.000575439937337,0.000575439937337,0.000575439937337,5,X1 X2 X4,0.979133333333,0.00427825294669,0.979133333333,0.00427825294669
0.000575439937337,0.000575439937337,0.000575439937337,0.000575439937337,0.000575439937337,0.000575439937337,0.000575439937337,0.000575439937337,0.000575439937337,0.000575439937337,0.000575439937337,0.000575439937337,0.000575439937337,0.000575439937337,0.000575439937337,0.000575439937337,0.000575439937337,0.000575439937337,5,X3 X5 X6 X8,0.98,0.00395763000406,0.98,0.00395763000406
0.000575439937337,0.000575439937337,0.000575439937337,0.000575439937337,0.000575439937337,0.000575439937337,0.000575439937337,0.000575439937337,0.000575439937337,0.000575439937337,0.000575439937337,0.000575439937337,0.000575439937337,0.000575439937337,0.000575439937337,0.000575439937337,0.000575439937337,0.000575439937337,5,X4 X6 X7 X9,0.973666666667,0.00321752862015,0.973666666667,0.00321752862015
0.000575439937337,0.000575439937337,0.000575439937337,0.000575439937337,0.000575439937337,0.000575439937337,0.000575439937337,0.000575439937337,0.000575439937337,0.000575439937337,0.000575439937337,0.000575439937337,0.000575439937337,0.000575439937337,0.000575439937337,0.000575439937337,0.000575439937337,0.000575439937337,5,X8 X10 X11,0.983111111111,0.00377665072212,0.983111111111,0.00377665072212
0.000575439937337,0.000575439937337,0.000575439937337,0.000575439937337,0.000575439937337,0.000575439937337,0.000575439937337,0.000575439937337,0.000575439937337,0.000575439937337,0.000575439937337,0.000575439937337,0.000575439937337,0.000575439937337,0.000575439937337,0.000575439937337,0.000575439937337,0.000575439937337,5,X9 X11 X12,0.977088888889,0.00391669316042,0.977088888889,0.00391669316042
0.000575439937337,0.000575439937337,0.000575439937337,0.000575439937337,0.000575439937337,0.000575439937337,0.000575439937337,0.000575439937337,0.000575439937337,0.000575439937337,0.000575439937337,0.000575439937337,0.000575439937337,0.000575439937337,0.000575439937337,0.000575439937337,0.000575439937337,0.000575439937337,5,Z0 Z3 Z5,0.978622222222,0.00347043708901,0.978622222222,0.00347043708901
0.000575439937337,0.000575439937337,0.000575439937337,0.000575439937337,0.000575439937337,0.000575439937337,0.000575439937337,0.000575439937337,0.000575439937337,0.000575439937337,0.000575439937337,0.000575439937337,0.000575439937337,0.000575439937337,0.000575439937337,0.000575439937337,0.000575439937337,0.000575439937337,5,Z1 Z3 Z4 Z6,0.970422222222,0.00318753959733,0.970422222222,0.00318753959733
0.000575439937337,0.000575439937337,0.000575439937337,0.000575439937337,0.000575439937337,0.000575439937337,0.000575439937337,0.000575439937337,0.000575439937337,0.000575439937337,0.000575439937337,0.000575439937337,0.000575439937337,0.000575439937337,0.000575439937337,0.000575439937337,0.000575439937337,0.000575439937337,5,Z2 Z4 Z7,0.977555555556,0.00333256696171,0.977555555556,0.00333256696171
0.000575439937337,0.000575439937337,0.000575439937337,0.000575439937337,0.000575439937337,0.000575439937337,0.000575439937337,0.000575439937337,0.000575439937337,0.000575439937337,0.000575439937337,0.000575439937337,0.000575439937337,0.000575439937337,0.000575439937337,0.000575439937337,0.000575439937337,0.000575439937337,5,Z5 Z8 Z10,0.978777777778,0.00351497435266,0.978777777778,0.00351497435266
0.000575439937337,0.000575439937337,0.000575439937337,0.000575439937337,0.000575439937337,0.000575439937337,0.000575439937337,0.000575439937337,0.000575439937337,0.000575439937337,0.000575439937337,0.000575439937337,0.000575439937337,0.000575439937337,0.000575439937337,0.000575439937337,0.000575439937337,0.000575439937337,5,Z6 Z8 Z9 Z11,0.972333333333,0.00445238753808,0.972333333333,0.00445238753808
0.000575439937337,0.000575439937337,0.000575439937337,0.000575439937337,0.000575439937337,0.000575439937337,0.000575439937337,0.000575439937337,0.000575439937337,0.000575439937337,0.000575439937337,0.000575439937337,0.000575439937337,0.000575439937337,0.000575439937337,0.000575439937337,0.000575439937337,0.000575439937337,5,Z7 Z9 Z12,0.973511111111,0.00368878733184,0.973511111111,0.00368878733184
0.000575439937337,0.000575439937337,0.000575439937337,0.000575439937337,0.000575439937337,0.000575439937337,0.000575439937337,0.000575439937337,0.000575439937337,0.000575439937337,0.000575439937337,0.000575439937337,0.000575439937337,0.000575439937337,0.000575439937337,0.000575439937337,0.000575439937337,0.000575439937337,10,Logical X,0.987466666667,0.00332366413692,0.988466666667,0.00252588135675
0.000575439937337,0.000575439937337,0.000575439937337,0.000575439937337,0.000575439937337,0.000575439937337,0.000575439937337,0.000575439937337,0.000575439937337,0.000575439937337,0.000575439937337,0.000575439937337,0.000575439937337,0.000575439937337,0.000575439937337,0.000575439937337,0.000575439937337,0.000575439937337,10,Logical Y,0.0116,0.00840105813441,-0.00433333333333,0.0165663648531
0.000575439937337,0.000575439937337,0.000575439937337,0.000575439937337,0.000575439937337,0.000575439937337,0.000575439937337,0.000575439937337,0.000575439937337,0.000575439937337,0.000575439937337,0.000575439937337,0.000575439937337,0.000575439937337,0.000575439937337,0.000575439937337,0.000575439937337,0.000575439937337,10,Logical Z,0.0128444444444,0.0111978833979,0.00308888888889,0.0182972337028
0.000575439937337,0.000575439937337,0.000575439937337,0.000575439937337,0.000575439937337,0.000575439937337,0.000575439937337,0.000575439937337,0.000575439937337,0.000575439937337,0.000575439937337,0.000575439937337,0.000575439937337,0.000575439937337,0.000575439937337,0.000575439937337,0.000575439937337,0.000575439937337,10,X0 X1 X3,0.981844444444,0.00324566711859,0.981844444444,0.00324566711859
0.000575439937337,0.000575439937337,0.000575439937337,0.000575439937337,0.000575439937337,0.000575439937337,0.000575439937337,0.000575439937337,0.000575439937337,0.000575439937337,0.000575439937337,0.000575439937337,0.000575439937337,0.000575439937337,0.000575439937337,0.000575439937337,0.000575439937337,0.000575439937337,10,X1 X2 X4,0.979488888889,0.00365435061486,0.979488888889,0.00365435061486
0.000575439937337,0.000575439937337,0.000575439937337,0.000575439937337,0.000575439937337,0.000575439937337,0.000575439937337,0.000575439937337,0.000575439937337,0.000575439937337,0.000575439937337,0.000575439937337,0.000575439937337,0.000575439937337,0.000575439937337,0.000575439937337,0.000575439937337,0.000575439937337,10,X3 X5 X6 X8,0.979355555556,0.00379749194641,0.979355555556,0.00379749194641
0.000575439937337,0.000575439937337,0.000575439937337,0.000575439937337,0.000575439937337,0.000575439937337,0.000575439937337,0.000575439937337,0.000575439937337,0.000575439937337,0.000575439937337,0.000575439937337,0.000575439937337,0.000575439937337,0.000575439937337,0.000575439937337,0.000575439937337,0.000575439937337,10,X4 X6 X7 X9,0.9746,0.00397443940479,0.9746,0.00397443940479
0.000575439937337,0.000575439937337,0.000575439937337,0.000575439937337,0.000575439937337,0.000575439937337,0.000575439937337,0.000575439937337,0.000575439937337,0.000575439937337,0.000575439937337,0.000575439937337,0.000575439937337,0.000575439937337,0.000575439937337,0.000575439937337,0.000575439937337,0.000575439937337,10,X8 X10 X11,0.984577777778,0.00271639457538,0.984577777778,0.00271639457538
0.000575439937337,0.000575439937337,0.000575439937337,0.000575439937337,0.000575439937337,0.000575439937337,0.000575439937337,0.000575439937337,0.000575439937337,0.000575439937337,0.000575439937337,0.000575439937337,0.000575439937337,0.000575439937337,0.000575439937337,0.000575439937337,0.000575439937337,0.000575439937337,10,X9 X11 X12,0.976555555556,0.0049086157215,0.976555555556,0.0049086157215
0.000575439937337,0.000575439937337,0.000575439937337,0.000575439937337,0.000575439937337,0.000575439937337,0.000575439937337,0.000575439937337,0.000575439937337,0.000575439937337,0.000575439937337,0.000575439937337,0.000575439937337,0.000575439937337,0.000575439937337,0.000575439937337,0.000575439937337,0.000575439937337,10,Z0 Z3 Z5,0.976777777778,0.00350624329131,0.976777777778,0.00350624329131
0.000575439937337,0.000575439937337,0.000575439937337,0.000575439937337,0.000575439937337,0.000575439937337,0.000575439937337,0.000575439937337,0.000575439937337,0.000575439937337,0.000575439937337,0.000575439937337,0.000575439937337,0.000575439937337,0.000575439937337,0.000575439937337,0.000575439937337,0.000575439937337,10,Z1 Z3 Z4 Z6,0.969533333333,0.00522636991886,0.969533333333,0.00522636991886
0.000575439937337,0.000575439937337,0.000575439937337,0.000575439937337,0.000575439937337,0.000575439937337,0.000575439937337,0.000575439937337,0.000575439937337,0.000575439937337,0.000575439937337,0.000575439937337,0.000575439937337,0.000575439937337,0.000575439937337,0.000575439937337,0.000575439937337,0.000575439937337,10,Z2 Z4 Z7,0.975822222222,0.00459529438922,0.975822222222,0.00459529438922
0.000575439937337,0.000575439937337,0.000575439937337,0.000575439937337,0.000575439937337,0.000575439937337,0.000575439937337,0.000575439937337,0.000575439937337,0.000575439937337,0.000575439937337,0.000575439937337,0.000575439937337,0.000575439937337,0.000575439937337,0.000575439937337,0.000575439937337,0.000575439937337,10,Z5 Z8 Z10,0.978222222222,0.00432522081764,0.978222222222,0.00432522081764
0.000575439937337,0.000575439937337,0.000575439937337,0.000575439937337,0.000575439937337,0.000575439937337,0.000575439937337,0.000575439937337,0.000575439937337,0.000575439937337,0.000575439937337,0.000575439937337,0.000575439937337,0.000575439937337,0.000575439937337,0.000575439937337,0.000575439937337,0.000575439937337,10,Z6 Z8 Z9 Z11,0.973377777778,0.0038434233357,0.973377777778,0.0038434233357
0.000575439937337,0.000575439937337,0.000575439937337,0.000575439937337,0.000575439937337,0.000575439937337,0.000575439937337,0.000575439937337,0.000575439937337,0.000575439937337,0.000575439937337,0.000575439937337,0.000575439937337,0.000575439937337,0.000575439937337,0.000575439937337,0.000575439937337,0.000575439937337,10,Z7 Z9 Z12,0.972977777778,0.00446607761885,0.972977777778,0.00446607761885
