idx,sd6_X,sd6_Y,hyb_X,hyb_Y
270,5,5,5,5
271,5,5,5,5
272,5,5,5,5
273,5,5,5,5
274,5,5,5,5
275,5,5,5,5
276,5,5,5,5
277,5,5,5,5
878,5,5,5,5
879,5,5,5,5
880,5,5,5,5
881,5,5,5,5
882,5,5,5,5
883,5,5,5,5
884,5,5,5,5
885,5,5,5,5
890,5,5,5,5
891,5,5,5,5
892,5,5,5,5
893,5,5,5,5
886,5,5,5,5
887,5,5,5,5
888,5,5,5,5
889,5,5,5,5
898,5,5,5,5
899,5,5,5,5
900,5,5,5,5
901,5,5,5,5
894,5,5,5,5
895,5,5,5,5
896,5,5,5,5
897,5,5,5,5
902,5,5,5,5
903,5,5,5,5
904,5,5,5,5
905,5,5,5,5
906,5,5,5,5
907,5,5,5,5
908,5,5,5,5
909,5,5,5,5
1430,5,5,5,5
1431,5,5,5,5
1432,5,5,5,5
1433,5,5,5,5
1434,5,5,5,5
1435,5,5,5,5
1436,5,5,5,5
1437,5,5,5,5
1442,5,5,5,5
1443,5,5,5,5
1444,5,5,5,5
1445,5,5,5,5
1438,5,5,5,5
1439,5,5,5,5
1440,5,5,5,5
1441,5,5,5,5
1446,5,5,5,5
1447,5,5,5,5
1448,5,5,5,5
1449,5,5,5,5
1450,5,5,5,5
1451,5,5,5,5
1452,5,5,5,5
1453,5,5,5,5
1454,5,5,5,5
1455,5,5,5,5
1456,5,5,5,5
1457,5,5,5,5
1458,5,5,5,5
1459,5,5,5,5
1460,5,5,5,5
1461,5,5,5,5
1462,5,5,5,5
1463,5,5,5,5
1464,5,5,5,5
1465,5,5,5,5
1466,5,5,5,5
1467,5,5,5,5
1468,5,5,5,5
1469,5,5,5,5
1470,5,5,5,5
1471,5,5,5,5
1472,5,5,5,5
1473,5,5,5,5
1474,5,5,5,5
1475,5,5,5,5
1476,5,5,5,5
1477,5,5,5,5
1478,5,5,5,5
1479,5,5,5,5
1480,5,5,5,5
1481,5,5,5,5
1482,5,5,5,5
1483,5,5,5,5
1484,5,5,5,5
1485,5,5,5,5
1486,5,5,5,5
1487,5,5,5,5
1488,5,5,5,5
1489,5,5,5,5
1490,5,5,5,5
1491,5,5,5,5
1492,5,5,5,5
1493,5,5,5,5
1494,5,5,5,5
1495,5,5,5,5
1496,5,5,5,5
1497,5,5,5,5
1498,5,5,5,5
1499,5,5,5,5
1500,5,5,5,5
1501,5,5,5,5
1510,6,5,5,5
1511,6,5,5,5
1522,6,5,5,5
1523,6,5,5,5
1502,6,5,5,5
1503,6,5,5,5
1504,6,5,5,5
1505,6,5,5,5
1528,6,5,5,5
1529,6,5,5,5
1530,6,5,5,5
1531,6,5,5,5
1524,6,5,5,5
1525,6,5,5,5
1526,6,5,5,5
1527,6,5,5,5
1536,6,5,5,5
1537,6,5,5,5
1538,6,5,5,5
1539,6,5,5,5
1532,6,5,5,5
1533,6,5,5,5
1534,6,5,5,5
1535,6,5,5,5
1560,6,5,5,5
1561,6,5,5,5
1602,5,5,5,5
1603,5,5,5,5
1556,6,5,5,5
1557,6,5,5,5
1558,6,5,5,5
1559,6,5,5,5
1604,5,5,5,5
1605,5,5,5,5
1606,5,5,5,5
1607,5,5,5,5
1608,5,5,5,5
1609,5,5,5,5
1610,5,5,5,5
1611,5,5,5,5
1650,6,5,5,5
1651,6,5,5,5
1652,6,5,5,5
1653,6,5,5,5
1654,6,5,5,5
1655,6,5,5,5
1656,6,5,5,5
1657,6,5,5,5
1658,6,5,5,5
1659,6,5,5,5
1660,6,5,5,5
1661,6,5,5,5
1662,6,5,5,5
1663,6,5,5,5
1664,6,5,5,5
1710,5,5,5,5
1711,5,5,5,5
1712,5,5,5,5
1713,5,5,5,5
1714,5,5,5,5
1715,5,5,5,5
1716,5,5,5,5
1717,5,5,5,5
1718,5,5,5,5
1719,5,5,5,5
1720,5,5,5,5
1721,5,5,5,5
1742,6,5,5,5
1743,6,5,5,5
1744,6,5,5,5
1745,6,5,5,5
1750,6,5,5,5
1751,6,5,5,5
1762,6,5,5,5
1763,6,5,5,5
1764,6,5,5,5
1765,6,5,5,5
1770,6,5,5,5
1771,6,5,5,5
1782,5,5,5,5
1783,5,5,5,5
1784,5,5,5,5
1785,5,5,5,5
1786,5,5,5,5
1787,5,5,5,5
1788,5,5,5,5
1789,5,5,5,5
1790,5,5,5,5
1791,5,5,5,5
1792,5,5,5,5
1793,5,5,5,5
1794,5,5,5,5
1795,5,5,5,5
1796,5,5,5,5
1797,5,5,5,5
1798,5,5,5,5
1799,5,5,5,5
1800,5,5,5,5
1801,5,5,5,5
1802,5,5,5,5
1803,5,5,5,5
1804,5,5,5,5
1805,5,5,5,5
1806,5,5,5,5
1807,5,5,5,5
1808,5,5,5,5
1809,5,5,5,5
1810,5,5,5,5
1811,5,5,5,5
1812,5,5,5,5
1813,5,5,5,5
1814,5,5,5,5
1815,5,5,5,5
1816,5,5,5,5
1817,5,5,5,5
1818,5,5,5,5
1819,5,5,5,5
1820,5,5,5,5
1821,5,5,5,5
1822,5,5,5,5
1823,5,5,5,5
1824,5,5,5,5
1825,5,5,5,5
1826,5,5,5,5
1827,5,5,5,5
1828,5,5,5,5
1829,5,5,5,5
1830,5,5,5,5
1831,5,5,5,5
1832,5,5,5,5
1833,5,5,5,5
1834,5,5,5,5
1835,5,5,5,5
1836,5,5,5,5
1837,5,5,5,5
1838,5,5,5,5
1839,5,5,5,5
1840,5,5,5,5
1841,5,5,5,5
1842,5,5,5,5
1843,5,5,5,5
1844,5,5,5,5
1845,5,5,5,5
1846,5,5,5,5
1847,5,5,5,5
1848,5,5,5,5
1849,5,5,5,5
1850,5,5,5,5
1851,5,5,5,5
1852,5,5,5,5
1853,5,5,5,5
1854,5,5,5,5
1855,5,5,5,5
1856,5,5,5,5
1857,5,5,5,5
1858,5,5,5,5
1859,5,5,5,5
1860,5,5,5,5
1861,5,5,5,5
1874,5,5,5,5
1875,5,5,5,5
1876,5,5,5,5
1877,5,5,5,5
1878,5,5,5,5
1879,5,5,5,5
1880,5,5,5,5
1881,5,5,5,5
1882,5,5,5,5
1883,5,5,5,5
1884,5,5,5,5
1885,5,5,5,5
1898,5,5,5,5
1899,5,5,5,5
1900,5,5,5,5
1901,5,5,5,5
1902,5,5,5,5
1903,5,5,5,5
1904,5,5,5,5
1905,5,5,5,5
1922,5,5,5,5
1923,5,5,5,5
1924,5,5,5,5
1925,5,5,5,5
1926,5,5,5,5
1927,5,5,5,5
1958,5,5,5,5
1959,5,5,5,5
1960,5,5,5,5
1961,5,5,5,5
1962,5,5,5,5
1963,5,5,5,5
2380,5,5,5,5
2381,5,5,5,5
2382,5,5,5,5
2383,5,5,5,5
2384,5,5,5,5
2385,5,5,5,5
2386,5,5,5,5
2387,5,5,5,5
2388,5,5,5,5
2389,5,5,5,5
2390,5,5,5,5
2391,5,5,5,5
2392,5,5,5,5
2393,5,5,5,5
2394,5,5,5,5
2395,5,5,5,5
2396,5,5,5,5
2397,5,5,5,5
2398,5,5,5,5
2399,5,5,5,5
2400,5,5,5,5
2401,5,5,5,5
2402,5,5,5,5
2403,5,5,5,5
2404,5,5,5,5
2405,5,5,5,5
2406,5,5,5,5
2407,5,5,5,5
2408,5,5,5,5
2409,5,5,5,5
2410,5,5,5,5
2411,5,5,5,5
2412,5,5,5,5
2413,5,5,5,5
2414,5,5,5,5
2415,5,5,5,5
2416,5,5,5,5
2417,5,5,5,5
2418,5,5,5,5
2419,5,5,5,5
2420,5,5,5,5
2421,5,5,5,5
2422,5,5,5,5
2423,5,5,5,5
2424,5,5,5,5
2425,5,5,5,5
2426,5,5,5,5
2427,5,5,5,5
2552,5,5,5,5
2553,5,5,5,5
2554,5,5,5,5
2555,5,5,5,5
2556,5,5,5,5
2557,5,5,5,5
2558,5,5,5,5
2559,5,5,5,5
2560,5,5,5,5
2561,5,5,5,5
2562,5,5,5,5
2563,5,5,5,5
2564,5,5,5,5
2565,5,5,5,5
2566,5,5,5,5
2567,5,5,5,5
2568,5,5,5,5
2569,5,5,5,5
2570,5,5,5,5
2571,5,5,5,5
2572,5,5,5,5
2573,5,5,5,5
2574,5,5,5,5
2575,5,5,5,5
2576,5,5,5,5
2577,5,5,5,5
2578,5,5,5,5
2579,5,5,5,5
2580,5,5,5,5
2581,5,5,5,5
2582,5,5,5,5
2583,5,5,5,5
2584,6,5,5,5
2585,6,5,5,5
2586,6,5,5,5
2587,6,5,5,5
2588,6,5,5,5
2589,6,5,5,5
2590,6,5,5,5
2591,6,5,5,5
2592,6,5,5,5
2593,6,5,5,5
2626,5,5,5,5
2627,5,5,5,5
2628,5,5,5,5
2629,5,5,5,5
2630,5,5,5,5
2631,5,5,5,5
2632,5,5,5,5
2633,5,5,5,5
2634,5,5,5,5
2635,5,5,5,5
2636,5,5,5,5
2637,5,5,5,5
2638,5,5,5,5
2639,5,5,5,5
2640,5,5,5,5
2641,5,5,5,5
2642,5,5,5,5
2676,6,5,5,5
2677,6,5,5,5
2678,6,5,5,5
2679,6,5,5,5
2680,6,5,5,5
2681,6,5,5,5
2682,6,5,5,5
2683,6,5,5,5
2684,6,5,5,5
2685,6,5,5,5
2686,6,5,5,5
2687,6,5,5,5
2724,5,5,5,5
2725,5,5,5,5
2726,5,5,5,5
2727,5,5,5,5
2728,5,5,5,5
2729,5,5,5,5
2730,5,5,5,5
2731,5,5,5,5
2732,5,5,5,5
2733,5,5,5,5
2734,5,5,5,5
2735,5,5,5,5
2736,5,5,5,5
2737,5,5,5,5
2738,5,5,5,5
2739,5,5,5,5
2740,5,5,5,5
2741,5,5,5,5
2742,5,5,5,5
2743,5,5,5,5
2744,5,5,5,5
2745,5,5,5,5
2746,5,5,5,5
2747,5,5,5,5
2788,6,5,5,5
2789,6,5,5,5
2790,6,5,5,5
2791,5,5,5,5
2792,5,5,5,5
2839,5,5,5,5
2840,5,5,5,5
2841,5,5,5,5
2842,5,5,5,5
2843,5,5,5,5
2844,5,5,5,5
2845,5,5,5,5
2846,5,5,5,5
2847,5,5,5,5
2848,5,5,5,5
2849,5,5,5,5
2850,5,5,5,5
2851,5,5,5,5
2852,5,5,5,5
2853,5,5,5,5
2854,5,5,5,5
2860,5,5,5,5
2861,5,5,5,5
2862,5,5,5,5
2863,5,5,5,5
2864,5,5,5,5
2865,5,5,5,5
2866,5,5,5,5
2867,5,5,5,5
2868,5,5,5,5
2869,5,5,5,5
2870,5,5,5,5
2871,5,5,5,5
2872,5,5,5,5
2873,5,5,5,5
2874,5,5,5,5
2875,5,5,5,5
2876,5,5,5,5
2877,5,5,5,5
2878,5,5,5,5
2879,5,5,5,5
2880,5,5,5,5
2881,5,5,5,5
2882,5,5,5,5
2883,5,5,5,5
2884,5,5,5,5
2885,5,5,5,5
2886,5,5,5,5
2887,5,5,5,5
2888,5,5,5,5
2889,5,5,5,5
2890,5,5,5,5
2891,5,5,5,5
2892,5,5,5,5
2893,5,5,5,5
2894,5,5,5,5
2895,5,5,5,5
2896,5,5,5,5
2897,5,5,5,5
2898,5,5,5,5
2899,5,5,5,5
2900,5,5,5,5
2901,5,5,5,5
2902,5,5,5,5
2903,5,5,5,5
2904,5,5,5,5
2905,5,5,5,5
2906,5,5,5,5
2907,5,5,5,5
2908,5,5,5,5
2909,5,5,5,5
2910,5,5,5,5
2911,5,5,5,5
2912,5,5,5,5
2913,5,5,5,5
2914,5,5,5,5
2915,5,5,5,5
2916,5,5,5,5
2917,5,5,5,5
2918,5,5,5,5
2919,5,5,5,5
2920,5,5,5,5
2921,5,5,5,5
2922,5,5,5,5
2923,5,5,5,5
2924,5,5,5,5
2925,5,5,5,5
2926,5,5,5,5
2927,5,5,5,5
2928,5,5,5,5
2929,5,5,5,5
2930,5,5,5,5
2931,5,5,5,5
2932,5,5,5,5
2933,5,5,5,5
2934,5,5,5,5
2935,5,5,5,5
2936,5,5,5,5
2937,5,5,5,5
2938,5,5,5,5
2939,5,5,5,5
3650,5,5,5,5
3651,5,5,5,5
3652,5,5,5,5
3653,5,5,5,5
3654,5,5,5,5
3655,5,5,5,5
3656,5,5,5,5
3657,5,5,5,5
3658,5,5,5,5
3659,5,5,5,5
3660,5,5,5,5
3661,5,5,5,5
3770,5,5,5,5
3771,5,5,5,5
3772,5,5,5,5
3773,5,5,5,5
3774,5,5,5,5
3775,5,5,5,5
3776,5,5,5,5
3777,5,5,5,5
3820,5,5,5,5
3821,5,5,5,5
3822,5,5,5,5
3823,5,5,5,5
3824,5,5,5,5
3825,5,5,5,5
3856,5,5,5,5
3857,5,5,5,5
3858,5,5,5,5
3859,5,5,5,5
3860,5,5,5,5
3861,5,5,5,5
3862,5,5,5,5
3863,5,5,5,5
3864,5,5,5,5
3865,5,5,5,5
3866,5,5,5,5
3867,5,5,5,5
3868,5,5,5,5
3869,5,5,5,5
3870,5,5,5,5
3871,5,5,5,5
3900,5,5,5,5
3901,5,5,5,5
3902,5,5,5,5
3903,5,5,5,5
3904,5,5,5,5
3905,5,5,5,5
3956,5,5,5,5
3957,5,5,5,5
3958,5,5,5,5
3959,5,5,5,5
3960,5,5,5,5
3961,5,5,5,5
3962,5,5,5,5
3963,5,5,5,5
3964,5,5,5,5
3965,5,5,5,5
3966,5,5,5,5
3967,5,5,5,5
3968,5,5,5,5
3969,5,5,5,5
3970,5,5,5,5
3971,5,5,5,5
3972,5,5,5,5
3973,5,5,5,5
3974,5,5,5,5
3975,5,5,5,5
3976,5,5,5,5
3977,5,5,5,5
3978,5,5,5,5
3979,5,5,5,5
3980,5,5,5,5
3981,5,5,5,5
3982,5,5,5,5
3983,5,5,5,5
3984,5,5,5,5
3985,5,5,5,5
3986,5,5,5,5
3987,5,5,5,5
3988,5,5,5,5
3989,5,5,5,5
3990,5,5,5,5
3991,5,5,5,5
3992,5,5,5,5
3993,5,5,5,5
3994,5,5,5,5
3995,5,5,5,5
3996,5,5,5,5
3997,5,5,5,5
3998,5,5,5,5
3999,5,5,5,5
4000,5,5,5,5
4001,5,5,5,5
4086,5,5,5,5
4087,5,5,5,5
4088,5,5,5,5
4089,5,5,5,5
4090,5,5,5,5
4091,5,5,5,5
4092,5,5,5,5
4093,5,5,5,5
4094,5,5,5,5
4095,5,5,5,5
4096,5,5,5,5
4097,5,5,5,5
4098,5,5,5,5
4099,5,5,5,5
4100,5,5,5,5
4101,5,5,5,5
4102,5,5,5,5
4103,5,5,5,5
4104,5,5,5,5
4105,5,5,5,5
4106,5,5,5,5
4107,5,5,5,5
4108,5,5,5,5
4109,5,5,5,5
4110,5,5,5,5
4111,5,5,5,5
4112,5,5,5,5
4113,5,5,5,5
4114,5,5,5,5
4115,5,5,5,5
4116,5,5,5,5
4117,5,5,5,5
4118,5,5,5,5
4119,5,5,5,5
4120,5,5,5,5
4121,5,5,5,5
4122,5,5,5,5
4123,5,5,5,5
4124,5,5,5,5
4125,5,5,5,5
4126,5,5,5,5
4127,5,5,5,5
4128,5,5,5,5
4129,5,5,5,5
4130,5,5,5,5
4131,5,5,5,5
4132,5,5,5,5
4133,5,5,5,5
4134,5,5,5,5
4135,5,5,5,5
4136,5,5,5,5
4137,5,5,5,5
4138,5,5,5,5
4139,5,5,5,5
4140,5,5,5,5
4141,5,5,5,5
4142,5,5,5,5
4143,5,5,5,5
4144,5,5,5,5
4145,5,5,5,5
4146,5,5,5,5
4147,5,5,5,5
4148,5,5,5,5
4149,5,5,5,5
4150,5,5,5,5
4151,5,5,5,5
4152,5,5,5,5
4153,5,5,5,5
4154,5,5,5,5
4155,5,5,5,5
4190,5,5,5,5
4191,5,5,5,5
4192,5,5,5,5
4193,5,5,5,5
4194,5,5,5,5
4195,5,5,5,5
4196,5,5,5,5
4197,5,5,5,5
4210,5,5,5,5
4211,5,5,5,5
4212,5,5,5,5
4213,5,5,5,5
4214,5,5,5,5
4215,5,5,5,5
4216,5,5,5,5
4217,5,5,5,5
4218,5,5,5,5
4219,5,5,5,5
4220,5,5,5,5
4221,5,5,5,5
4222,5,5,5,5
4223,5,5,5,5
4224,5,5,5,5
4225,5,5,5,5
4226,5,5,5,5
4227,5,5,5,5
4228,5,5,5,5
4229,5,5,5,5
4230,5,5,5,5
4231,5,5,5,5
4232,5,5,5,5
4233,5,5,5,5
4316,5,5,5,5
4317,5,5,5,5
4318,5,5,5,5
4319,5,5,5,5
4320,5,5,5,5
4321,5,5,5,5
4322,5,5,5,5
4323,5,5,5,5
4324,5,5,5,5
4325,5,5,5,5
4326,5,5,5,5
4327,5,5,5,5
4328,5,5,5,5
4329,5,5,5,5
4330,5,5,5,5
4331,5,5,5,5
4332,5,5,5,5
4333,5,5,5,5
4334,5,5,5,5
4335,5,5,5,5
4336,5,5,5,5
4337,5,5,5,5
4338,5,5,5,5
4339,5,5,5,5
4340,5,5,5,5
4341,5,5,5,5
4342,5,5,5,5
4343,5,5,5,5
4344,5,5,5,5
4345,5,5,5,5
4346,5,5,5,5
4347,5,5,5,5
4348,5,5,5,5
4349,5,5,5,5
4350,5,5,5,5
4351,5,5,5,5
4352,5,5,5,5
4353,5,5,5,5
4354,5,5,5,5
4355,5,5,5,5
4356,5,5,5,5
4357,5,5,5,5
4358,5,5,5,5
4359,5,5,5,5
4360,5,5,5,5
4361,5,5,5,5
4362,5,5,5,5
4363,5,5,5,5
4364,5,5,5,5
4365,5,5,5,5
4366,5,5,5,5
4367,5,5,5,5
4368,5,5,5,5
4369,5,5,5,5
4370,5,5,5,5
4371,5,5,5,5
4418,5,5,5,5
4419,5,5,5,5
4420,5,5,5,5
4421,5,5,5,5
4422,5,5,5,5
4423,5,5,5,5
4424,5,5,5,5
4425,5,5,5,5
4426,5,5,5,5
4427,5,5,5,5
4428,5,5,5,5
4429,5,5,5,5
4430,5,5,5,5
4431,5,5,5,5
4432,5,5,5,5
4433,5,5,5,5
4434,5,5,5,5
4435,5,5,5,5
4436,5,5,5,5
4437,5,5,5,5
4438,5,5,5,5
4439,5,5,5,5
4440,5,5,5,5
4441,5,5,5,5
4442,5,5,5,5
4443,5,5,5,5
4444,5,5,5,5
4445,5,5,5,5
4446,5,5,5,5
4447,5,5,5,5
4448,5,5,5,5
4449,5,5,5,5
4450,5,5,5,5
4451,5,5,5,5
4452,5,5,5,5
4453,5,5,5,5
4454,5,5,5,5
4455,5,5,5,5
4456,5,5,5,5
4457,5,5,5,5
4458,5,5,5,5
4459,5,5,5,5
4460,5,5,5,5
4461,5,5,5,5
4462,5,5,5,5
4463,5,5,5,5
4464,5,5,5,5
4465,5,5,5,5
4466,5,5,5,5
4467,5,5,5,5
4468,5,5,5,5
4469,5,5,5,5
4470,5,5,5,5
4471,5,5,5,5
4472,5,5,5,5
4473,5,5,5,5
4474,5,5,5,5
4475,5,5,5,5
4476,5,5,5,5
4477,5,5,5,5
4478,5,5,5,5
4479,5,5,5,5
4480,5,5,5,5
4481,5,5,5,5
4482,5,5,5,5
4483,5,5,5,5
4484,5,5,5,5
4485,5,5,5,5
4486,5,5,5,5
4487,5,5,5,5
4488,5,5,5,5
4489,5,5,5,5
4490,5,5,5,5
4491,5,5,5,5
4492,5,5,5,5
4493,5,5,5,5
4494,5,5,5,5
4495,5,5,5,5
4496,5,5,5,5
4497,5,5,5,5
4498,5,5,5,5
4499,5,5,5,5
4500,5,5,5,5
4501,5,5,5,5
4502,5,5,5,5
4503,5,5,5,5
4504,5,5,5,5
4505,5,5,5,5
4506,5,5,5,5
4507,5,5,5,5
4508,5,5,5,5
4509,5,5,5,5
4556,5,5,5,5
4557,5,5,5,5
4558,5,5,5,5
4559,5,5,5,5
4560,5,5,5,5
4561,5,5,5,5
4562,5,5,5,5
4563,5,5,5,5
4564,5,5,5,5
4565,5,5,5,5
4566,5,5,5,5
4567,5,5,5,5
4568,5,5,5,5
4569,5,5,5,5
4570,5,5,5,5
4571,5,5,5,5
4572,5,5,5,5
4573,5,5,5,5
4574,5,5,5,5
4575,5,5,5,5
4576,5,5,5,5
4577,5,5,5,5
4578,5,5,5,5
4579,5,5,5,5
4580,5,5,5,5
4581,5,5,5,5
4582,5,5,5,5
4583,5,5,5,5
4584,5,5,5,5
4585,5,5,5,5
4586,5,5,5,5
4587,5,5,5,5
4588,5,5,5,5
4589,5,5,5,5
4590,5,5,5,5
4591,5,5,5,5
4592,5,5,5,5
4593,5,5,5,5
4594,5,5,5,5
4595,5,5,5,5
4596,5,5,5,5
4597,5,5,5,5
4598,5,5,5,5
4599,5,5,5,5
4600,5,5,5,5
4601,5,5,5,5
4602,5,5,5,5
4603,5,5,5,5
4604,5,5,5,5
4605,5,5,5,5
4606,5,5,5,5
4607,5,5,5,5
4608,5,5,5,5
4609,5,5,5,5
4610,5,5,5,5
4611,5,5,5,5
4694,5,5,5,5
4695,5,5,5,5
4696,5,5,5,5
4697,5,5,5,5
4698,5,5,5,5
4699,5,5,5,5
4700,5,5,5,5
4701,5,5,5,5
4702,5,5,5,5
4703,5,5,5,5
4704,5,5,5,5
4705,5,5,5,5
4706,5,5,5,5
4707,5,5,5,5
4708,5,5,5,5
4709,5,5,5,5
4710,5,5,5,5
4711,5,5,5,5
4712,5,5,5,5
4713,5,5,5,5
4714,5,5,5,5
4715,5,5,5,5
4716,5,5,5,5
4717,5,5,5,5
4730,5,5,5,5
4731,5,5,5,5
4732,5,5,5,5
4733,5,5,5,5
4734,5,5,5,5
4735,5,5,5,5
4736,5,5,5,5
4737,5,5,5,5
4772,5,5,5,5
4773,5,5,5,5
4774,5,5,5,5
4775,5,5,5,5
4776,5,5,5,5
4777,5,5,5,5
4778,5,5,5,5
4779,5,5,5,5
4780,5,5,5,5
4781,5,5,5,5
4782,5,5,5,5
4783,5,5,5,5
4784,5,5,5,5
4785,5,5,5,5
4786,5,5,5,5
4787,5,5,5,5
4788,5,5,5,5
4789,5,5,5,5
4790,5,5,5,5
4791,5,5,5,5
4792,5,5,5,5
4793,5,5,5,5
4794,5,5,5,5
4795,5,5,5,5
4796,5,5,5,5
4797,5,5,5,5
4798,5,5,5,5
4799,5,5,5,5
4800,5,5,5,5
4801,5,5,5,5
4802,5,5,5,5
4803,5,5,5,5
4804,5,5,5,5
4805,5,5,5,5
4806,5,5,5,5
4807,5,5,5,5
4808,5,5,5,5
4809,5,5,5,5
4810,5,5,5,5
4811,5,5,5,5
4812,5,5,5,5
4813,5,5,5,5
4814,5,5,5,5
4815,5,5,5,5
4816,5,5,5,5
4817,5,5,5,5
4818,5,5,5,5
4819,5,5,5,5
4820,5,5,5,5
4821,5,5,5,5
4822,5,5,5,5
4823,5,5,5,5
4824,5,5,5,5
4825,5,5,5,5
4826,5,5,5,5
4827,5,5,5,5
4828,5,5,5,5
4829,5,5,5,5
4830,5,5,5,5
4831,5,5,5,5
4832,5,5,5,5
4833,5,5,5,5
4834,5,5,5,5
4835,5,5,5,5
4836,5,5,5,5
4837,5,5,5,5
4838,5,5,5,5
4839,5,5,5,5
4840,5,5,5,5
4841,5,5,5,5
4926,5,5,5,5
4927,5,5,5,5
4928,5,5,5,5
4929,5,5,5,5
4930,5,5,5,5
4931,5,5,5,5
4932,5,5,5,5
4933,5,5,5,5
4934,5,5,5,5
4935,5,5,5,5
4936,5,5,5,5
4937,5,5,5,5
4938,5,5,5,5
4939,5,5,5,5
4940,5,5,5,5
4941,5,5,5,5
4942,5,5,5,5
4943,5,5,5,5
4944,5,5,5,5
4945,5,5,5,5
4946,5,5,5,5
4947,5,5,5,5
4948,5,5,5,5
4949,5,5,5,5
4950,5,5,5,5
4951,5,5,5,5
4952,5,5,5,5
4953,5,5,5,5
4954,5,5,5,5
4955,5,5,5,5
4956,5,5,5,5
4957,5,5,5,5
4958,5,5,5,5
4959,5,5,5,5
4960,5,5,5,5
4961,5,5,5,5
4962,5,5,5,5
4963,5,5,5,5
4964,5,5,5,5
4965,5,5,5,5
4966,5,5,5,5
4967,5,5,5,5
4968,5,5,5,5
4969,5,5,5,5
4970,5,5,5,5
4971,5,5,5,5
5022,5,5,5,5
5023,5,5,5,5
5024,5,5,5,5
5025,5,5,5,5
5026,5,5,5,5
5027,5,5,5,5
5056,5,5,5,5
5057,5,5,5,5
5058,5,5,5,5
5059,5,5,5,5
5060,5,5,5,5
5061,5,5,5,5
5062,5,5,5,5
5063,5,5,5,5
5064,5,5,5,5
5065,5,5,5,5
5066,5,5,5,5
5067,5,5,5,5
5068,5,5,5,5
5069,5,5,5,5
5070,5,5,5,5
5071,5,5,5,5
5102,5,5,5,5
5103,5,5,5,5
5104,5,5,5,5
5105,5,5,5,5
5106,5,5,5,5
5107,5,5,5,5
5150,5,5,5,5
5151,5,5,5,5
5152,5,5,5,5
5153,5,5,5,5
5154,5,5,5,5
5155,5,5,5,5
5156,5,5,5,5
5157,5,5,5,5
5266,5,5,5,5
5267,5,5,5,5
5268,5,5,5,5
5269,5,5,5,5
5270,5,5,5,5
5271,5,5,5,5
5272,5,5,5,5
5273,5,5,5,5
5274,5,5,5,5
5275,5,5,5,5
5276,5,5,5,5
5277,5,5,5,5
5988,5,5,5,5
5989,5,5,5,5
5990,5,5,5,5
5991,5,5,5,5
5992,5,5,5,5
5993,5,5,5,5
5994,5,5,5,5
5995,5,5,5,5
5996,5,5,5,5
5997,5,5,5,5
5998,5,5,5,5
5999,5,5,5,5
6000,5,5,5,5
6001,5,5,5,5
6002,5,5,5,5
6003,5,5,5,5
6004,5,5,5,5
6005,5,5,5,5
6006,5,5,5,5
6007,5,5,5,5
6008,5,5,5,5
6009,5,5,5,5
6010,5,5,5,5
6011,5,5,5,5
6012,5,5,5,5
6013,5,5,5,5
6014,5,5,5,5
6015,5,5,5,5
6016,5,5,5,5
6017,5,5,5,5
6018,5,5,5,5
6019,5,5,5,5
6020,5,5,5,5
6021,5,5,5,5
6022,5,5,5,5
6023,5,5,5,5
6024,5,5,5,5
6025,5,5,5,5
6026,5,5,5,5
6027,5,5,5,5
6028,5,5,5,5
6029,5,5,5,5
6030,5,5,5,5
6031,5,5,5,5
6032,5,5,5,5
6033,5,5,5,5
6034,5,5,5,5
6035,5,5,5,5
6036,5,5,5,5
6037,5,5,5,5
6038,5,5,5,5
6039,5,5,5,5
6040,5,5,5,5
6041,5,5,5,5
6042,5,5,5,5
6043,5,5,5,5
6044,5,5,5,5
6045,5,5,5,5
6046,5,5,5,5
6047,5,5,5,5
6048,5,5,5,5
6049,5,5,5,5
6050,5,5,5,5
6051,5,5,5,5
6052,5,5,5,5
6053,5,5,5,5
6054,5,5,5,5
6055,5,5,5,5
6056,5,5,5,5
6057,5,5,5,5
6058,5,5,5,5
6059,5,5,5,5
6060,5,5,5,5
6061,5,5,5,5
6062,5,5,5,5
6063,5,5,5,5
6064,5,5,5,5
6065,5,5,5,5
6066,5,5,5,5
6067,5,5,5,5
6073,5,5,5,5
6074,5,5,5,5
6075,5,5,5,5
6076,5,5,5,5
6077,5,5,5,5
6078,5,5,5,5
6079,5,5,5,5
6080,5,5,5,5
6081,5,5,5,5
6082,5,5,5,5
6083,5,5,5,5
6084,5,5,5,5
6085,5,5,5,5
6086,5,5,5,5
6087,5,5,5,5
6088,5,5,5,5
6135,5,5,5,5
6136,5,5,5,5
6137,6,5,5,5
6138,6,5,5,5
6139,6,5,5,5
6180,5,5,5,5
6181,5,5,5,5
6182,5,5,5,5
6183,5,5,5,5
6184,5,5,5,5
6185,5,5,5,5
6186,5,5,5,5
6187,5,5,5,5
6188,5,5,5,5
6189,5,5,5,5
6190,5,5,5,5
6191,5,5,5,5
6192,5,5,5,5
6193,5,5,5,5
6194,5,5,5,5
6195,5,5,5,5
6196,5,5,5,5
6197,5,5,5,5
6198,5,5,5,5
6199,5,5,5,5
6200,5,5,5,5
6201,5,5,5,5
6202,5,5,5,5
6203,5,5,5,5
6240,6,5,5,5
6241,6,5,5,5
6242,6,5,5,5
6243,6,5,5,5
6244,6,5,5,5
6245,6,5,5,5
6246,6,5,5,5
6247,6,5,5,5
6248,6,5,5,5
6249,6,5,5,5
6250,6,5,5,5
6251,6,5,5,5
6285,5,5,5,5
6286,5,5,5,5
6287,5,5,5,5
6288,5,5,5,5
6289,5,5,5,5
6290,5,5,5,5
6291,5,5,5,5
6292,5,5,5,5
6293,5,5,5,5
6294,5,5,5,5
6295,5,5,5,5
6296,5,5,5,5
6297,5,5,5,5
6298,5,5,5,5
6299,5,5,5,5
6300,5,5,5,5
6301,5,5,5,5
6334,6,5,5,5
6335,6,5,5,5
6336,6,5,5,5
6337,6,5,5,5
6338,6,5,5,5
6339,6,5,5,5
6340,6,5,5,5
6341,6,5,5,5
6342,6,5,5,5
6343,6,5,5,5
6344,5,5,5,5
6345,5,5,5,5
6346,5,5,5,5
6347,5,5,5,5
6348,5,5,5,5
6349,5,5,5,5
6350,5,5,5,5
6351,5,5,5,5
6352,5,5,5,5
6353,5,5,5,5
6354,5,5,5,5
6355,5,5,5,5
6356,5,5,5,5
6357,5,5,5,5
6358,5,5,5,5
6359,5,5,5,5
6360,5,5,5,5
6361,5,5,5,5
6362,5,5,5,5
6363,5,5,5,5
6364,5,5,5,5
6365,5,5,5,5
6366,5,5,5,5
6367,5,5,5,5
6368,5,5,5,5
6369,5,5,5,5
6370,5,5,5,5
6371,5,5,5,5
6372,5,5,5,5
6373,5,5,5,5
6374,5,5,5,5
6375,5,5,5,5
6500,5,5,5,5
6501,5,5,5,5
6502,5,5,5,5
6503,5,5,5,5
6504,5,5,5,5
6505,5,5,5,5
6506,5,5,5,5
6507,5,5,5,5
6508,5,5,5,5
6509,5,5,5,5
6510,5,5,5,5
6511,5,5,5,5
6512,5,5,5,5
6513,5,5,5,5
6514,5,5,5,5
6515,5,5,5,5
6516,5,5,5,5
6517,5,5,5,5
6518,5,5,5,5
6519,5,5,5,5
6520,5,5,5,5
6521,5,5,5,5
6522,5,5,5,5
6523,5,5,5,5
6524,5,5,5,5
6525,5,5,5,5
6526,5,5,5,5
6527,5,5,5,5
6528,5,5,5,5
6529,5,5,5,5
6530,5,5,5,5
6531,5,5,5,5
6532,5,5,5,5
6533,5,5,5,5
6534,5,5,5,5
6535,5,5,5,5
6536,5,5,5,5
6537,5,5,5,5
6538,5,5,5,5
6539,5,5,5,5
6540,5,5,5,5
6541,5,5,5,5
6542,5,5,5,5
6543,5,5,5,5
6544,5,5,5,5
6545,5,5,5,5
6546,5,5,5,5
6547,5,5,5,5
6964,5,5,5,5
6965,5,5,5,5
6966,5,5,5,5
6967,5,5,5,5
6968,5,5,5,5
6969,5,5,5,5
7000,5,5,5,5
7001,5,5,5,5
7002,5,5,5,5
7003,5,5,5,5
7004,5,5,5,5
7005,5,5,5,5
7022,5,5,5,5
7023,5,5,5,5
7024,5,5,5,5
7025,5,5,5,5
7026,5,5,5,5
7027,5,5,5,5
7028,5,5,5,5
7029,5,5,5,5
7042,5,5,5,5
7043,5,5,5,5
7044,5,5,5,5
7045,5,5,5,5
7046,5,5,5,5
7047,5,5,5,5
7048,5,5,5,5
7049,5,5,5,5
7050,5,5,5,5
7051,5,5,5,5
7052,5,5,5,5
7053,5,5,5,5
7066,5,5,5,5
7067,5,5,5,5
7068,5,5,5,5
7069,5,5,5,5
7070,5,5,5,5
7071,5,5,5,5
7072,5,5,5,5
7073,5,5,5,5
7074,5,5,5,5
7075,5,5,5,5
7076,5,5,5,5
7077,5,5,5,5
7078,5,5,5,5
7079,5,5,5,5
7080,5,5,5,5
7081,5,5,5,5
7082,5,5,5,5
7083,5,5,5,5
7084,5,5,5,5
7085,5,5,5,5
7086,5,5,5,5
7087,5,5,5,5
7088,5,5,5,5
7089,5,5,5,5
7090,5,5,5,5
7091,5,5,5,5
7092,5,5,5,5
7093,5,5,5,5
7094,5,5,5,5
7095,5,5,5,5
7096,5,5,5,5
7097,5,5,5,5
7098,5,5,5,5
7099,5,5,5,5
7100,5,5,5,5
7101,5,5,5,5
7102,5,5,5,5
7103,5,5,5,5
7104,5,5,5,5
7105,5,5,5,5
7106,5,5,5,5
7107,5,5,5,5
7108,5,5,5,5
7109,5,5,5,5
7110,5,5,5,5
7111,5,5,5,5
7112,5,5,5,5
7113,5,5,5,5
7114,5,5,5,5
7115,5,5,5,5
7116,5,5,5,5
7117,5,5,5,5
7118,5,5,5,5
7119,5,5,5,5
7120,5,5,5,5
7121,5,5,5,5
7122,5,5,5,5
7123,5,5,5,5
7124,5,5,5,5
7125,5,5,5,5
7126,5,5,5,5
7127,5,5,5,5
7128,5,5,5,5
7129,5,5,5,5
7130,5,5,5,5
7131,5,5,5,5
7132,5,5,5,5
7133,5,5,5,5
7134,5,5,5,5
7135,5,5,5,5
7136,5,5,5,5
7137,5,5,5,5
7138,5,5,5,5
7139,5,5,5,5
7140,5,5,5,5
7141,5,5,5,5
7142,5,5,5,5
7143,5,5,5,5
7144,5,5,5,5
7145,5,5,5,5
7156,6,5,5,5
7157,6,5,5,5
7162,6,5,5,5
7163,6,5,5,5
7164,6,5,5,5
7165,6,5,5,5
7176,6,5,5,5
7177,6,5,5,5
7182,6,5,5,5
7183,6,5,5,5
7184,6,5,5,5
7185,6,5,5,5
7206,5,5,5,5
7207,5,5,5,5
7208,5,5,5,5
7209,5,5,5,5
7210,5,5,5,5
7211,5,5,5,5
7212,5,5,5,5
7213,5,5,5,5
7214,5,5,5,5
7215,5,5,5,5
7216,5,5,5,5
7217,5,5,5,5
7263,6,5,5,5
7264,6,5,5,5
7265,6,5,5,5
7266,6,5,5,5
7267,6,5,5,5
7268,6,5,5,5
7269,6,5,5,5
7270,6,5,5,5
7271,6,5,5,5
7272,6,5,5,5
7273,6,5,5,5
7274,6,5,5,5
7275,6,5,5,5
7276,6,5,5,5
7277,6,5,5,5
7316,5,5,5,5
7317,5,5,5,5
7318,5,5,5,5
7319,5,5,5,5
7320,5,5,5,5
7321,5,5,5,5
7322,5,5,5,5
7323,5,5,5,5
7324,5,5,5,5
7325,5,5,5,5
7366,6,5,5,5
7367,6,5,5,5
7368,6,5,5,5
7369,6,5,5,5
7370,6,5,5,5
7371,6,5,5,5
7388,6,5,5,5
7389,6,5,5,5
7390,6,5,5,5
7391,6,5,5,5
7392,6,5,5,5
7393,6,5,5,5
7394,6,5,5,5
7395,6,5,5,5
7396,6,5,5,5
7397,6,5,5,5
7398,6,5,5,5
7399,6,5,5,5
7400,6,5,5,5
7401,6,5,5,5
7402,6,5,5,5
7403,6,5,5,5
7404,6,5,5,5
7405,6,5,5,5
7416,6,5,5,5
7417,6,5,5,5
7422,6,5,5,5
7423,6,5,5,5
7424,6,5,5,5
7425,6,5,5,5
7426,5,5,5,5
7427,5,5,5,5
7428,5,5,5,5
7429,5,5,5,5
7430,5,5,5,5
7431,5,5,5,5
7432,5,5,5,5
7433,5,5,5,5
7434,5,5,5,5
7435,5,5,5,5
7436,5,5,5,5
7437,5,5,5,5
7438,5,5,5,5
7439,5,5,5,5
7440,5,5,5,5
7441,5,5,5,5
7442,5,5,5,5
7443,5,5,5,5
7444,5,5,5,5
7445,5,5,5,5
7446,5,5,5,5
7447,5,5,5,5
7448,5,5,5,5
7449,5,5,5,5
7450,5,5,5,5
7451,5,5,5,5
7452,5,5,5,5
7453,5,5,5,5
7454,5,5,5,5
7455,5,5,5,5
7456,5,5,5,5
7457,5,5,5,5
7458,5,5,5,5
7459,5,5,5,5
7460,5,5,5,5
7461,5,5,5,5
7462,5,5,5,5
7463,5,5,5,5
7464,5,5,5,5
7465,5,5,5,5
7466,5,5,5,5
7467,5,5,5,5
7468,5,5,5,5
7469,5,5,5,5
7470,5,5,5,5
7471,5,5,5,5
7472,5,5,5,5
7473,5,5,5,5
7474,5,5,5,5
7475,5,5,5,5
7476,5,5,5,5
7477,5,5,5,5
7478,5,5,5,5
7479,5,5,5,5
7480,5,5,5,5
7481,5,5,5,5
7482,5,5,5,5
7483,5,5,5,5
7484,5,5,5,5
7485,5,5,5,5
7486,5,5,5,5
7487,5,5,5,5
7488,5,5,5,5
7489,5,5,5,5
7490,5,5,5,5
7491,5,5,5,5
7492,5,5,5,5
7493,5,5,5,5
7494,5,5,5,5
7495,5,5,5,5
7496,5,5,5,5
7497,5,5,5,5
8018,5,5,5,5
8019,5,5,5,5
8020,5,5,5,5
8021,5,5,5,5
8022,5,5,5,5
8023,5,5,5,5
8024,5,5,5,5
8025,5,5,5,5
8026,5,5,5,5
8027,5,5,5,5
8028,5,5,5,5
8029,5,5,5,5
8030,5,5,5,5
8031,5,5,5,5
8032,5,5,5,5
8033,5,5,5,5
8034,5,5,5,5
8035,5,5,5,5
8036,5,5,5,5
8037,5,5,5,5
8038,5,5,5,5
8039,5,5,5,5
8040,5,5,5,5
8041,5,5,5,5
8042,5,5,5,5
8043,5,5,5,5
8044,5,5,5,5
8045,5,5,5,5
8046,5,5,5,5
8047,5,5,5,5
8048,5,5,5,5
8049,5,5,5,5
8650,5,5,5,5
8651,5,5,5,5
8656,5,5,5,5
8657,5,5,5,5
8652,5,5,5,5
8653,5,5,5,5
8654,5,5,5,5
8655,5,5,5,5
