idx,hyb_X,hyb_Y
9,2,3
10,2,3
13,2,2
15,2,2
25,2,3
32,2,3
35,2,3
38,2,3
39,2,3
40,2,3
41,2,3
42,2,2
43,2,2
49,2,3
54,2,3
57,2,2
59,2,3
63,2,3
71,2,2
80,2,2
81,2,2
85,2,2
87,2,2
93,2,2
95,2,2
101,2,2
103,2,2
105,2,2
106,2,2
109,2,2
118,2,2
124,2,2
127,2,2
129,2,2
136,2,2
140,2,2
156,2,2
157,2,2
162,2,2
165,2,2
142,2,2
146,2,2
152,2,2
154,2,2
166,2,2
169,2,2
178,2,2
180,2,2
182,2,2
184,2,2
186,2,2
187,2,2
190,2,2
193,2,2
200,2,3
201,2,3
202,2,3
203,2,3
204,2,3
205,2,3
206,2,3
207,2,3
208,2,2
209,2,2
210,2,2
211,2,2
213,2,3
220,2,3
223,2,3
226,2,3
229,2,3
231,2,3
235,2,3
236,2,3
239,2,2
240,2,2
265,3,2
272,3,2
276,2,2
278,2,2
241,2,3
254,3,2
260,3,2
263,3,2
282,3,2
288,2,2
290,2,2
292,2,2
293,2,2
306,2,2
308,2,2
310,2,2
312,2,2
314,2,2
315,2,2
318,2,2
321,3,2
329,3,2
330,3,2
334,3,2
336,3,2
342,2,2
344,2,2
350,2,2
352,2,2
354,2,2
355,2,2
358,3,2
367,2,2
368,2,2
369,2,2
370,2,2
363,2,2
364,2,2
365,2,2
366,2,2
371,2,2
372,2,2
373,2,2
374,2,2
379,3,3
382,2,3
384,3,3
388,2,3
389,3,3
392,3,2
393,3,2
394,3,3
402,3,3
407,3,3
410,3,2
412,3,3
416,3,3
424,3,2
425,2,2
428,2,2
429,2,2
432,3,2
433,3,3
434,3,3
435,2,3
436,2,3
437,3,3
438,3,3
439,2,2
440,2,2
441,3,2
442,3,2
443,3,2
444,3,2
446,3,3
451,3,3
452,3,3
455,3,2
457,3,2
467,3,3
468,3,3
469,3,3
470,2,3
471,3,3
472,3,3
473,2,2
474,3,3
475,3,2
476,3,2
477,3,2
478,3,2
479,3,2
486,3,3
489,3,3
498,3,3
501,3,3
504,3,3
505,3,3
506,2,3
507,2,3
508,3,2
509,3,2
532,2,2
533,2,2
534,2,3
535,2,2
536,2,2
544,2,2
546,2,3
548,2,3
569,2,3
570,2,3
571,2,3
572,2,3
573,2,3
574,2,2
575,2,2
576,2,3
577,2,3
578,2,3
580,2,3
581,2,3
582,2,2
583,2,2
585,2,3
593,2,2
595,2,3
601,2,3
604,2,2
605,2,2
608,3,2
609,3,2
610,3,3
625,2,2
627,2,2
631,2,2
633,2,2
635,2,2
636,2,2
637,2,2
638,2,2
641,2,2
651,2,2
655,2,2
659,2,2
661,2,2
665,2,2
667,2,2
669,2,2
671,2,2
672,2,2
673,2,2
674,2,2
675,2,2
676,2,2
677,2,2
678,2,2
679,2,2
680,2,2
681,2,2
682,2,2
683,2,2
684,2,2
685,2,2
686,2,2
687,2,2
688,2,2
689,2,2
690,2,2
691,2,2
692,2,2
693,2,2
694,2,2
695,2,2
696,2,2
697,2,2
698,2,2
699,2,2
700,2,2
701,2,2
702,2,2
703,2,2
705,2,3
710,2,3
712,2,3
713,2,3
714,2,3
715,2,3
716,2,3
719,2,3
722,2,3
729,3,2
739,3,2
743,3,2
747,2,2
749,2,2
753,3,2
755,2,2
757,2,2
759,2,2
760,2,2
761,3,2
762,2,2
763,2,2
764,2,2
765,2,2
766,2,2
767,2,2
768,2,2
769,2,2
770,2,2
771,2,2
772,2,2
773,2,2
774,2,2
775,2,2
776,2,2
777,2,2
778,2,2
779,2,2
780,2,2
781,2,2
782,3,2
783,3,2
798,2,2
800,2,2
804,2,2
806,2,2
808,2,2
809,2,2
810,2,2
811,3,2
812,3,3
813,3,3
814,3,3
815,3,3
816,3,3
817,3,3
818,2,3
822,3,3
830,3,2
832,3,3
840,3,2
841,3,3
842,2,2
843,2,2
844,2,2
845,2,2
846,2,2
847,2,2
848,3,2
849,3,2
850,3,2
869,2,3
872,3,3
873,3,3
874,2,3
875,2,3
876,3,2
877,3,2
878,3,3
879,3,3
880,2,3
881,2,3
882,3,2
883,3,2
884,3,3
886,3,2
887,3,2
890,3,3
891,3,3
892,3,3
894,3,2
895,3,2
896,3,2
897,3,2
911,3,2
912,2,3
917,3,2
924,3,2
898,3,3
903,3,3
907,3,3
910,2,3
925,3,2
926,3,3
927,2,3
928,3,2
934,3,3
935,3,3
936,3,3
937,3,3
963,2,2
964,2,2
968,2,3
969,2,3
938,3,3
939,3,3
942,2,3
951,2,2
981,2,2
993,3,2
994,3,2
995,3,2
970,2,3
971,2,3
972,2,3
977,2,3
996,3,2
997,3,3
998,2,2
999,2,2
1000,2,2
1001,2,2
1002,2,2
1003,2,2
1004,2,2
1005,2,2
1006,2,2
1007,2,2
1008,2,2
1009,2,2
1010,2,2
1011,2,2
1012,2,2
1013,2,2
1014,2,2
1015,2,2
1016,2,2
1017,2,2
1018,2,2
1019,2,2
1033,2,2
1034,2,2
1036,2,2
1038,2,2
1040,2,2
1042,2,2
1044,2,2
1045,2,2
1046,2,3
1047,2,3
1048,2,3
1049,2,2
1050,2,3
1051,2,2
1052,2,3
1053,2,3
1054,2,3
1055,2,2
1056,2,3
1057,2,2
1058,2,3
1059,2,3
1060,2,3
1061,2,2
1062,2,3
1063,2,2
1064,2,3
1065,2,3
1067,2,3
1071,2,3
1080,2,3
1089,2,2
1093,2,3
1095,2,3
1098,2,3
1099,2,2
1100,2,2
1101,2,2
1102,2,2
1120,2,2
1121,2,2
1123,2,2
1125,2,2
1127,2,2
1129,2,2
1131,2,2
1132,2,2
1133,2,2
1134,2,2
1135,2,2
1136,2,2
1137,2,2
1138,2,2
1139,2,2
1140,2,2
1141,2,2
1142,2,2
1143,2,2
1144,2,2
1145,2,2
1146,2,2
1147,2,2
1148,2,2
1149,2,2
1150,2,2
1151,2,2
1152,2,2
1153,2,2
1154,2,2
1155,2,2
1156,2,2
1157,2,2
1158,2,2
1159,2,2
1160,2,2
1161,2,2
1162,2,2
1163,2,2
1164,2,2
1165,2,2
1166,2,2
1167,2,2
1168,2,2
1169,2,2
1170,2,2
1171,2,2
1172,2,2
1173,2,2
1174,2,2
1175,3,3
1176,3,3
1177,3,3
1180,2,3
1189,3,3
1190,3,3
1191,3,3
1192,3,3
1193,3,3
1198,3,3
1204,3,3
1205,2,2
1206,2,2
1207,2,2
1208,3,2
1209,2,2
1210,2,2
1211,2,2
1212,3,2
1213,2,2
1214,2,2
1215,2,2
1216,2,2
1217,2,2
1218,2,2
1219,2,2
1220,3,2
1233,3,2
1244,3,3
1251,3,3
1259,3,3
1229,2,3
1230,3,3
1231,3,3
1232,3,3
1260,2,2
1261,2,2
1262,2,2
1263,2,2
1264,2,2
1265,2,2
1266,2,2
1267,3,2
1272,2,2
1273,2,2
1274,2,2
1275,3,2
1276,2,2
1277,2,2
1278,2,2
1279,3,2
1281,3,3
1284,3,2
1288,3,2
1289,3,2
1290,3,3
1291,3,2
1292,3,2
1300,3,2
1301,3,2
1302,3,3
1305,3,3
1306,3,3
1307,3,2
1313,3,2
1323,3,2
1326,3,3
1337,3,3
1340,3,2
1350,3,2
1356,3,2
1357,3,3
1358,3,3
1361,3,3
1362,3,2
1363,3,2
1371,3,2
1372,3,2
1373,3,3
1374,3,2
1375,3,2
1379,3,2
1382,3,3
1384,2,2
1385,2,2
1386,2,2
1387,2,2
1388,2,2
1389,2,2
1390,2,2
1391,2,2
1396,2,2
1397,2,2
1398,2,2
1399,2,2
1400,2,3
1401,2,3
1402,2,3
1403,2,3
1404,3,3
1412,3,3
1419,3,3
1430,3,2
1431,3,3
1432,3,3
1433,3,3
1434,2,3
1443,2,2
1444,2,2
1445,2,2
1446,2,2
1447,2,2
1448,2,2
1449,2,2
1450,2,2
1451,2,2
1452,2,2
1453,2,2
1454,2,2
1455,2,2
1456,2,2
1457,2,2
1458,2,2
1459,3,3
1465,3,3
1470,3,3
1471,3,3
1472,3,3
1473,3,3
1474,3,3
1483,2,3
1486,3,3
1487,3,3
1488,3,3
1489,2,2
1490,2,2
1491,2,2
1492,2,2
1493,2,2
1494,2,2
1495,2,2
1496,2,2
1497,2,2
1498,2,2
1499,2,2
1500,3,2
1501,2,2
1502,2,2
1503,2,2
1504,2,2
1505,2,2
1506,2,2
1507,2,2
1508,3,2
1509,2,2
1510,2,2
1511,2,2
1512,2,2
1513,2,2
1514,2,2
1515,2,2
1516,2,2
1517,2,2
1518,2,2
1519,2,2
1520,2,2
1521,2,2
1522,2,2
1523,2,2
1524,2,2
1525,2,2
1526,2,2
1527,2,2
1528,2,2
1529,2,2
1530,2,2
1531,2,2
1532,2,2
1534,2,2
1536,2,2
1538,2,2
1540,2,2
1542,2,2
1543,3,2
1561,2,2
1562,2,2
1563,2,2
1564,2,2
1565,2,3
1568,2,3
1570,2,3
1574,2,2
1583,2,3
1592,2,3
1596,2,3
1602,2,2
1603,2,2
1604,2,2
1605,2,2
1598,2,2
1599,2,2
1600,2,2
1601,2,2
1606,2,2
1607,2,2
1608,2,2
1609,2,2
1610,2,2
1611,2,2
1612,2,2
1613,2,2
1614,2,2
1615,2,2
1616,2,2
1617,2,2
1618,2,2
1619,2,2
1621,2,2
1623,2,2
1625,2,2
1627,2,2
1629,2,2
1630,3,2
1644,2,2
1645,2,2
1646,2,2
1647,2,2
1648,2,2
1649,2,2
1650,2,2
1651,2,2
1652,2,2
1653,2,2
1654,2,2
1655,3,2
1660,2,2
1661,2,2
1662,2,2
1663,3,2
1656,2,2
1657,2,2
1658,2,2
1659,2,2
1668,3,2
1669,3,2
1670,3,2
1682,2,2
1664,2,2
1665,2,2
1666,3,3
1667,3,2
1686,2,3
1691,2,3
1692,2,3
1693,2,3
1694,2,3
1695,2,3
1699,2,2
1700,2,2
1712,2,2
1721,2,3
1724,3,3
1725,3,3
1726,3,3
1727,3,3
1728,3,3
1729,3,3
1735,3,2
1736,2,3
1737,3,3
1738,3,2
1739,3,2
1746,3,2
1751,2,3
1752,3,2
1753,2,3
1756,3,3
1760,3,3
1765,3,3
1766,3,2
1767,3,2
1768,3,2
1769,3,2
1771,3,3
1772,3,3
1773,3,3
1776,3,2
1777,3,2
1779,3,3
1780,3,2
1781,3,2
1782,2,3
1783,2,3
1784,3,3
1785,3,3
1786,3,2
1787,3,2
1788,2,3
1789,2,3
1790,3,3
1791,3,3
1794,2,3
1813,3,2
1814,2,2
1815,2,2
1816,2,2
1817,2,2
1818,2,2
1819,2,2
1820,2,2
1821,2,2
1822,3,3
1823,3,2
1831,3,3
1833,3,2
1841,3,3
1845,2,2
1846,3,2
1847,3,3
1852,3,2
1853,2,2
1854,2,2
1855,2,2
1848,3,3
1849,3,3
1850,3,3
1851,3,3
1857,2,2
1859,2,2
1863,2,2
1865,2,2
1880,2,2
1881,2,2
1882,2,2
1883,2,2
1884,2,2
1885,2,2
1886,2,2
1887,2,2
1888,2,2
1889,2,2
1890,2,2
1891,2,2
1892,2,2
1893,2,2
1894,2,2
1895,2,2
1896,2,2
1897,2,2
1898,2,2
1899,2,2
1900,2,2
1901,2,2
1902,3,2
1903,2,2
1904,2,2
1906,2,2
1908,2,2
1910,3,2
1914,2,2
1916,2,2
1920,3,2
1924,3,2
1934,3,2
1941,2,3
1944,2,3
1947,2,3
1948,2,3
1949,2,3
1950,2,3
1951,2,3
1953,2,3
1958,2,3
1960,2,2
1961,2,2
1962,2,2
1963,2,2
1964,2,2
1965,2,2
1966,2,2
1967,2,2
1968,2,2
1969,2,2
1970,2,2
1971,2,2
1972,2,2
1973,2,2
1974,2,2
1975,2,2
1976,2,2
1977,2,2
1978,2,2
1979,2,2
1980,2,2
1981,2,2
1982,2,2
1983,2,2
1984,2,2
1985,2,2
1986,2,2
1987,2,2
1988,2,2
1989,2,2
1990,2,2
1991,2,2
1992,2,2
1994,2,2
1996,2,2
1998,2,2
2002,2,2
2004,2,2
2008,2,2
2012,2,2
2022,2,2
2025,2,2
2032,2,2
2036,2,2
2038,2,2
2053,3,3
2026,2,2
2027,2,2
2028,2,2
2030,2,2
2054,3,2
2055,3,2
2058,2,3
2059,2,2
2062,2,3
2068,2,3
2070,2,2
2078,2,3
2085,2,3
2086,2,3
2087,2,3
2088,2,2
2080,2,2
2081,2,2
2082,2,3
2083,2,3
2089,2,2
2090,2,3
2091,2,3
2092,2,3
2093,2,3
2094,2,3
2115,2,3
2117,2,3
2119,2,2
2127,2,2
2128,2,2
2129,2,3
2130,2,2
2131,2,2
2154,3,2
2155,3,2
2156,2,3
2157,2,3
2158,3,3
2159,3,3
2184,3,2
2185,3,2
2186,3,2
2187,3,2
2162,3,3
2165,3,3
2174,3,3
2177,3,3
2188,3,2
2189,3,3
2190,2,2
2191,3,3
2192,3,3
2193,2,3
2194,3,3
2195,3,3
2196,3,3
2206,3,2
2208,3,2
2211,3,3
2212,3,3
2217,3,3
2219,3,2
2220,3,2
2225,3,3
2226,3,3
2227,2,3
2228,2,3
2221,3,2
2222,3,2
2223,2,2
2224,2,2
2229,3,3
2230,3,3
2231,2,2
2234,2,2
2235,2,2
2238,2,2
2239,3,2
2247,3,3
2269,3,3
2270,3,2
2271,3,2
2274,3,3
2251,3,3
2253,3,2
2256,3,3
2261,3,3
2289,2,2
2290,2,2
2291,2,2
2292,2,2
2275,2,3
2279,3,3
2281,2,3
2284,3,3
2293,2,2
2294,2,2
2295,2,2
2296,2,2
2297,2,2
2298,2,2
2299,2,2
2300,2,2
2305,3,2
2308,2,2
2309,2,2
2311,2,2
2313,2,2
2319,2,2
2321,2,2
2327,3,2
2329,3,2
2333,3,2
2334,3,2
2342,2,2
2345,2,2
2348,2,2
2349,2,2
2351,2,2
2371,2,2
2373,2,2
2375,2,2
2381,3,2
2353,2,2
2355,2,2
2357,2,2
2370,2,2
2385,2,2
2387,2,2
2391,3,2
2398,3,2
2400,3,2
2403,3,2
2409,3,2
2422,2,3
2432,2,3
2434,2,3
2437,2,3
2440,2,3
2423,2,2
2424,2,2
2427,2,3
2428,2,3
2454,2,2
2455,2,2
2456,2,3
2457,2,3
2443,2,3
2450,2,3
2452,2,2
2453,2,2
2458,2,3
2459,2,3
2460,2,3
2461,2,3
2462,2,3
2463,2,3
2470,2,2
2473,2,2
2476,2,2
2477,2,2
2479,2,2
2481,2,2
2483,2,2
2485,2,2
2494,2,2
2497,2,2
2498,2,2
2501,2,2
2506,2,2
2507,2,2
2509,2,2
2511,2,2
2517,2,2
2521,2,2
2523,2,2
2527,2,2
2534,2,2
2536,2,2
2539,2,2
2545,2,2
2554,2,2
2557,2,2
2558,2,2
2560,2,2
2562,2,2
2568,2,2
2570,2,2
2576,2,2
2578,2,2
2582,2,2
2583,2,2
2592,2,2
2600,2,3
2604,2,3
2606,2,2
2609,2,3
2614,2,3
2620,2,2
2621,2,2
2622,2,3
2623,2,3
2624,2,3
2625,2,3
2628,2,3
2631,2,3
2638,2,3
2648,2,2
2650,2,2
2653,2,3
2654,2,3
