code,comp,noise,p,d,rounds,logical,decoder,shots,errors,p_L,stderr,seconds
xyz2,s1525,hyb,0.005,7,7,X,bp_full,2000,67,0.0335,0.004023540107914919,142.0
xyz2,s1525,hyb,0.005,7,7,Y,bp_full,2000,56,0.028,0.0036889022757454555,148.4
xyz2,s1525,hyb,0.006,7,7,Y,bp_full,1500,101,0.06733333333333333,0.006470422735059152,116.7
xyz2,s1525,hyb,0.006,7,7,X,bp_full,2000,107,0.0535,0.005031786462082826,151.2
xyz2,s1525,hyb,0.007,7,7,X,bp_full,1000,100,0.1,0.009486832980505138,86.0
xyz2,s1525,hyb,0.007,7,7,Y,bp_full,1000,104,0.104,0.009653186002558949,117.2
xyz2,s1525_5_R,hyb,0.005,7,7,X,bp_full,1000,29,0.029,0.005306505441436953,151.4
xyz2,s1525_5_R,hyb,0.005,7,7,Y,bp_full,1000,29,0.029,0.005306505441436953,157.3
xyz2,s1525_5_R,hyb,0.006,7,7,X,bp_full,1000,66,0.066,0.007851369307324678,152.9
xyz2,s1525_5_R,hyb,0.006,7,7,Y,bp_full,1000,54,0.054,0.007147307185227175,135.4
xyz2,s1525_5_R,hyb,0.007,7,7,X,bp_full,1000,106,0.106,0.009734680272099337,84.6
xyz2,s1525,hyb,0.005,5,5,X,bp_full,3500,114,0.03257142857142857,0.003000501415822976,63.6
xyz2,s1525_5_R,hyb,0.007,7,7,Y,bp_full,1500,134,0.08933333333333333,0.007364459196659267,117.4
xyz2,s1525,hyb,0.006,5,5,X,bp_full,2000,108,0.054,0.005053909377897471,38.3
xyz2,s1525,hyb,0.005,5,5,Y,bp_full,3000,107,0.035666666666666666,0.0033859787140281686,58.2
xyz2,s1525,hyb,0.006,5,5,Y,bp_full,1500,104,0.06933333333333333,0.006558771339319696,32.3
xyz2,s1525,hyb,0.007,5,5,X,bp_full,1500,124,0.08266666666666667,0.007110222166659721,31.8
xyz2,s1525,hyb,0.007,5,5,Y,bp_full,1000,108,0.108,0.009815090422405696,21.4
xyz2,s1525_5_R,hyb,0.005,5,5,X,bp_full,3000,101,0.033666666666666664,0.0032930847859427193,57.0
xyz2,s1525_5_R,hyb,0.005,5,5,Y,bp_full,2500,101,0.0404,0.003937910105627095,46.7
xyz2,s1525_5_R,hyb,0.006,5,5,X,bp_full,2500,120,0.048,0.004275324549083964,49.0
xyz2,s1525_5_R,hyb,0.006,5,5,Y,bp_full,2000,103,0.0515,0.004942051699446294,40.5
xyz2,s1525_5_R,hyb,0.007,5,5,X,bp_full,1500,150,0.1,0.007745966692414835,30.0
xyz2,s1525_5_R,hyb,0.007,5,5,Y,bp_full,1500,141,0.094,0.007534985069660059,30.9
xyz2,s1525,sd6,0.005,7,7,X,bp_full,1500,60,0.04,0.005059644256269407,124.7
xyz2,s1525,sd6,0.005,7,7,Y,bp_full,1500,63,0.042,0.005179189125722288,128.5
xyz2,s1525,sd6,0.006,7,7,X,bp_full,1000,87,0.087,0.00891240708226459,126.2
xyz2,s1525,sd6,0.006,7,7,Y,bp_full,1000,87,0.087,0.00891240708226459,130.4
xyz2,s1525,sd6,0.007,7,7,X,bp_full,1000,165,0.165,0.011737759581794134,72.2
xyz2,s1525,sd6,0.007,7,7,Y,bp_full,1000,136,0.136,0.010839926199010766,69.7
xyz2,s7402,sd6,0.005,7,7,X,bp_full,1500,65,0.043333333333333335,0.005257093972627562,180.0
xyz2,s7402,sd6,0.005,7,7,Y,bp_full,1500,67,0.04466666666666667,0.0053336388801364975,181.8
xyz2,y20,hyb,0.006,7,7,Y,bp_full,2000,45,0.0225,0.0033161536454151216,140.6
xyz2,y20,hyb,0.006,7,7,X,bp_full,2000,46,0.023,0.003351939736928455,144.0
xyz2,y20,hyb,0.007,7,7,X,bp_full,2000,94,0.047,0.00473238840333293,144.0
xyz2,y20,hyb,0.007,7,7,Y,bp_full,2000,74,0.037,0.0042208411483968455,141.7
xyz2,y12,hyb,0.006,7,7,X,bp_full,2000,37,0.0185,0.003013117156700018,139.6
xyz2,y12,hyb,0.006,7,7,Y,bp_full,2000,31,0.0155,0.0027622228367747597,144.4
xyz2,y12,hyb,0.007,7,7,X,bp_full,2000,66,0.033,0.003994433626936364,139.8
xyz2,y12,hyb,0.007,7,7,Y,bp_full,2000,101,0.0505,0.00489641450451246,145.1
xyz2,y20,hyb,0.006,5,5,X,bp_full,4000,104,0.026,0.0025161478493920027,70.0
xyz2,y20,hyb,0.006,5,5,Y,bp_full,4000,113,0.02825,0.0026197298286273723,64.5
xyz2,y20,hyb,0.007,5,5,X,bp_full,3000,106,0.035333333333333335,0.0033707016524204022,53.3
xyz2,y20,hyb,0.007,5,5,Y,bp_full,3000,119,0.03966666666666667,0.0035633889404246546,51.2
xyz2,y12,hyb,0.006,5,5,Y,bp_full,3500,110,0.03142857142857143,0.0029491314133646977,59.4
xyz2,y12,hyb,0.006,5,5,X,bp_full,5000,107,0.0214,0.002046560040653584,79.8
xyz2,y12,hyb,0.007,5,5,X,bp_full,2500,108,0.0432,0.0040661411682330955,44.7
xyz2,y12,hyb,0.007,5,5,Y,bp_full,2500,112,0.0448,0.00413729186787686,46.7
