comp,noise,pX,pY,worst
h379_R_R,hyb,0.0516,0.064,0.064
h384_R_R,hyb,0.0516,0.0666,0.0666
h389_R_R,hyb,0.0486,0.069,0.069
h394_R_R,hyb,0.054,0.088,0.088
h402_R_R,hyb,0.0498,0.0656,0.0656
h407_R_R,hyb,0.0496,0.0716,0.0716
h412_R_R,hyb,0.056,0.0834,0.0834
h416_R_R,hyb,0.045,0.0674,0.0674
h433_R_R,hyb,0.047,0.0818,0.0818
h434_R_R,hyb,0.049,0.0774,0.0774
h437_R_R,hyb,0.0434,0.0802,0.0802
h438_R_R,hyb,0.0414,0.0798,0.0798
h452_R_R,hyb,0.046,0.0862,0.0862
h467_R_R,hyb,0.0584,0.0946,0.0946
h446_R_R,hyb,0.0598,0.101,0.101
h451_R_R,hyb,0.046,0.0852,0.0852
h468_R_R,hyb,0.0452,0.0868,0.0868
h469_R_R,hyb,0.0446,0.0844,0.0844
h471_R_R,hyb,0.0456,0.087,0.087
h472_R_R,hyb,0.0438,0.0778,0.0778
h474_R_R,hyb,0.0502,0.0816,0.0816
h486_R_R,hyb,0.0492,0.074,0.074
h489_R_R,hyb,0.0588,0.0874,0.0874
h498_R_R,hyb,0.0464,0.0758,0.0758
h501_R_R,hyb,0.058,0.0866,0.0866
h504_R_R,hyb,0.0504,0.0702,0.0702
h505_R_R,hyb,0.047,0.0682,0.0682
h610_R_R,hyb,0.064,0.0822,0.0822
h814_R_R,hyb,0.0698,0.0748,0.0748
h815_R_R,hyb,0.0762,0.0658,0.0762
h812_R_R,hyb,0.0658,0.072,0.072
h813_R_R,hyb,0.0668,0.0744,0.0744
h816_R_R,hyb,0.066,0.0654,0.066
h817_R_R,hyb,0.0692,0.067,0.0692
h822_R_R,hyb,0.0432,0.0718,0.0718
h832_R_R,hyb,0.044,0.068,0.068
h841_R_R,hyb,0.0558,0.0916,0.0916
h872_R_R,hyb,0.0454,0.078,0.078
h873_R_R,hyb,0.0446,0.0768,0.0768
h878_R_R,hyb,0.0498,0.0714,0.0714
h879_R_R,hyb,0.047,0.0738,0.0738
h884_R_R,hyb,0.058,0.0932,0.0932
h890_R_R,hyb,0.0708,0.082,0.082
h891_R_R,hyb,0.0724,0.0862,0.0862
h892_R_R,hyb,0.071,0.0836,0.0836
h898_R_R,hyb,0.074,0.0858,0.0858
h903_R_R,hyb,0.065,0.085,0.085
h907_R_R,hyb,0.0746,0.0862,0.0862
h935_R_R,hyb,0.0644,0.081,0.081
h936_R_R,hyb,0.0642,0.1014,0.1014
h926_R_R,hyb,0.077,0.1024,0.1024
h934_R_R,hyb,0.072,0.096,0.096
h937_R_R,hyb,0.0676,0.106,0.106
h938_R_R,hyb,0.0672,0.0892,0.0892
h939_R_R,hyb,0.0616,0.1062,0.1062
h997_R_R,hyb,0.0572,0.0814,0.0814
h1175_R_R,hyb,0.0516,0.0706,0.0706
h1176_R_R,hyb,0.0554,0.074,0.074
h1177_R_R,hyb,0.0544,0.0748,0.0748
h1189_R_R,hyb,0.067,0.1052,0.1052
h1190_R_R,hyb,0.073,0.0948,0.0948
h1191_R_R,hyb,0.065,0.0918,0.0918
h1192_R_R,hyb,0.0728,0.094,0.094
h1193_R_R,hyb,0.0672,0.085,0.085
h1198_R_R,hyb,0.078,0.0906,0.0906
h1204_R_R,hyb,0.0678,0.0952,0.0952
h1230_R_R,hyb,0.0878,0.0914,0.0914
h1231_R_R,hyb,0.0852,0.0886,0.0886
h1232_R_R,hyb,0.0784,0.0914,0.0914
h1244_R_R,hyb,0.0812,0.087,0.087
h1251_R_R,hyb,0.077,0.0864,0.0864
h1259_R_R,hyb,0.0852,0.092,0.092
h1281_R_R,hyb,0.0676,0.1056,0.1056
h1290_R_R,hyb,0.0708,0.0896,0.0896
h1302_R_R,hyb,0.082,0.0988,0.0988
h1305_R_R,hyb,0.0804,0.0764,0.0804
h1306_R_R,hyb,0.0818,0.0728,0.0818
h1326_R_R,hyb,0.0764,0.0806,0.0806
h1337_R_R,hyb,0.0648,0.0624,0.0648
h1357_R_R,hyb,0.0708,0.0602,0.0708
h1358_R_R,hyb,0.0732,0.0642,0.0732
h1361_R_R,hyb,0.0692,0.0744,0.0744
h1373_R_R,hyb,0.0548,0.0716,0.0716
h1382_R_R,hyb,0.0514,0.0796,0.0796
h1404_R_R,hyb,0.07,0.0632,0.07
h1412_R_R,hyb,0.0618,0.0686,0.0686
h1419_R_R,hyb,0.066,0.0646,0.066
h1431_R_R,hyb,0.0702,0.0656,0.0702
h1432_R_R,hyb,0.069,0.064,0.069
h1433_R_R,hyb,0.071,0.0744,0.0744
h1459_R_R,hyb,0.0536,0.0716,0.0716
h1465_R_R,hyb,0.0548,0.075,0.075
h1470_R_R,hyb,0.0526,0.073,0.073
h1471_R_R,hyb,0.0532,0.0736,0.0736
h1472_R_R,hyb,0.0504,0.0806,0.0806
h1473_R_R,hyb,0.0534,0.0798,0.0798
h1474_R_R,hyb,0.0576,0.0836,0.0836
h1486_R_R,hyb,0.0748,0.0958,0.0958
h1487_R_R,hyb,0.0808,0.0862,0.0862
h1488_R_R,hyb,0.0726,0.0876,0.0876
h1666_R_R,hyb,0.0756,0.1026,0.1026
h1724_R_R,hyb,0.056,0.0746,0.0746
h1725_R_R,hyb,0.0512,0.066,0.066
h1726_R_R,hyb,0.065,0.0812,0.0812
h1727_R_R,hyb,0.057,0.0744,0.0744
h1728_R_R,hyb,0.0556,0.0648,0.0648
h1729_R_R,hyb,0.0662,0.0776,0.0776
h1737_R_R,hyb,0.0678,0.0788,0.0788
h1756_R_R,hyb,0.0608,0.072,0.072
h1760_R_R,hyb,0.0572,0.0676,0.0676
h1765_R_R,hyb,0.0576,0.0712,0.0712
h1771_R_R,hyb,0.062,0.0658,0.0658
h1772_R_R,hyb,0.0624,0.071,0.071
h1773_R_R,hyb,0.0592,0.0648,0.0648
h1779_R_R,hyb,0.044,0.0824,0.0824
h1784_R_R,hyb,0.0588,0.0618,0.0618
h1785_R_R,hyb,0.0554,0.06,0.06
h1790_R_R,hyb,0.0492,0.062,0.062
h1791_R_R,hyb,0.0492,0.0594,0.0594
h1822_R_R,hyb,0.0446,0.0876,0.0876
h1831_R_R,hyb,0.0538,0.0614,0.0614
h1841_R_R,hyb,0.0462,0.0638,0.0638
h1847_R_R,hyb,0.0792,0.0808,0.0808
h1848_R_R,hyb,0.0816,0.083,0.083
h1849_R_R,hyb,0.0858,0.0942,0.0942
h1850_R_R,hyb,0.0854,0.0944,0.0944
h1851_R_R,hyb,0.0804,0.0902,0.0902
h2053_R_R,hyb,0.0812,0.106,0.106
h2158_R_R,hyb,0.0584,0.0574,0.0584
h2159_R_R,hyb,0.057,0.061,0.061
h2162_R_R,hyb,0.0426,0.0834,0.0834
h2165_R_R,hyb,0.0572,0.0738,0.0738
h2174_R_R,hyb,0.0446,0.0912,0.0912
h2177_R_R,hyb,0.055,0.0678,0.0678
h2189_R_R,hyb,0.0566,0.0714,0.0714
h2191_R_R,hyb,0.0512,0.0696,0.0696
h2192_R_R,hyb,0.052,0.0676,0.0676
h2194_R_R,hyb,0.0484,0.072,0.072
h2195_R_R,hyb,0.0496,0.0712,0.0712
h2196_R_R,hyb,0.048,0.083,0.083
h2211_R_R,hyb,0.0442,0.068,0.068
h2212_R_R,hyb,0.0516,0.0718,0.0718
h2217_R_R,hyb,0.0536,0.0858,0.0858
h2225_R_R,hyb,0.0482,0.0694,0.0694
h2226_R_R,hyb,0.0552,0.0658,0.0658
h2229_R_R,hyb,0.0434,0.068,0.068
h2230_R_R,hyb,0.047,0.0676,0.0676
h2247_R_R,hyb,0.0556,0.0582,0.0582
h2251_R_R,hyb,0.041,0.0834,0.0834
h2256_R_R,hyb,0.0534,0.0714,0.0714
h2261_R_R,hyb,0.0492,0.0582,0.0582
h2269_R_R,hyb,0.0412,0.087,0.087
h2284_R_R,hyb,0.0488,0.0632,0.0632
h2274_R_R,hyb,0.055,0.0666,0.0666
h2279_R_R,hyb,0.0538,0.0614,0.0614
