code,variant,noise,basis,decoder,d,rounds,p,shots,errors,p_L,seconds
xyz2,ours,phen,X,mwpm,7,7,0.0275,50000,809,0.01618,1.5
xyz2,ours,phen,X,mwpm,7,7,0.03,50000,1235,0.0247,1.6
xyz2,ours,phen,X,mwpm,7,7,0.0325,50000,1744,0.03488,1.8
xyz2,ours,phen,X,mwpm,7,7,0.035,50000,2410,0.0482,1.9
xyz2,ours,phen,X,mwpm,7,7,0.0375,50000,3377,0.06754,2.1
xyz2,ours,phen,X,mwpm,7,7,0.04,50000,4376,0.08752,2.3
xyz2,ours,phen,Y,mwpm,7,7,0.0275,50000,1146,0.02292,1.5
xyz2,ours,phen,Y,mwpm,7,7,0.03,50000,1683,0.03366,1.6
xyz2,ours,phen,Y,mwpm,7,7,0.0325,50000,2359,0.04718,1.8
xyz2,ours,phen,Y,mwpm,7,7,0.035,50000,3123,0.06246,2.0
xyz2,ours,phen,Y,mwpm,7,7,0.0375,50000,4203,0.08406,2.1
xyz2,ours,phen,X,mwpm,5,5,0.0275,50000,947,0.01894,0.6
xyz2,ours,phen,Y,mwpm,7,7,0.04,50000,5138,0.10276,2.3
xyz2,ours,phen,X,mwpm,5,5,0.03,50000,1265,0.0253,0.6
xyz2,ours,phen,X,mwpm,5,5,0.0325,50000,1604,0.03208,0.7
xyz2,ours,phen,X,mwpm,5,5,0.035,50000,2054,0.04108,0.7
xyz2,ours,phen,X,mwpm,5,5,0.0375,50000,2651,0.05302,0.6
xyz2,ours,phen,X,mwpm,5,5,0.04,50000,3303,0.06606,0.7
xyz2,ours,phen,Y,mwpm,5,5,0.0275,50000,1489,0.02978,0.6
xyz2,ours,phen,Y,mwpm,5,5,0.03,50000,1947,0.03894,0.6
xyz2,ours,phen,Y,mwpm,5,5,0.0325,50000,2402,0.04804,0.7
xyz2,ours,phen,Y,mwpm,5,5,0.035,50000,3101,0.06202,0.7
xyz2,ours,phen,Y,mwpm,5,5,0.0375,50000,3728,0.07456,0.7
xyz2,ours,phen,X,mwpm,3,3,0.0275,50000,958,0.01916,0.1
xyz2,ours,phen,X,mwpm,3,3,0.03,50000,1253,0.02506,0.1
xyz2,ours,phen,X,mwpm,3,3,0.0325,50000,1393,0.02786,0.1
xyz2,ours,phen,Y,mwpm,5,5,0.04,50000,4446,0.08892,0.7
xyz2,ours,phen,X,mwpm,3,3,0.035,50000,1637,0.03274,0.1
xyz2,ours,phen,X,mwpm,3,3,0.0375,50000,1847,0.03694,0.1
xyz2,ours,phen,X,mwpm,3,3,0.04,50000,2166,0.04332,0.1
xyz2,ours,phen,Y,mwpm,3,3,0.0275,50000,2043,0.04086,0.1
xyz2,ours,phen,Y,mwpm,3,3,0.03,50000,2425,0.0485,0.1
xyz2,ours,phen,Y,mwpm,3,3,0.0325,50000,2817,0.05634,0.1
xyz2,ours,phen,Y,mwpm,3,3,0.035,50000,3219,0.06438,0.1
xyz2,ours,phen,Y,mwpm,3,3,0.0375,50000,3587,0.07174,0.1
xyz2,ours,phen,Y,mwpm,3,3,0.04,50000,3952,0.07904,0.1
xyz2,ours,phen,X,bm,7,7,0.0375,10000,348,0.0348,52.8
xyz2,ours,phen,X,bm,7,7,0.035,10000,238,0.0238,53.3
xyz2,ours,phen,X,bm,7,7,0.04,10000,388,0.0388,51.8
xyz2,ours,phen,X,bm,7,7,0.0425,10000,553,0.0553,52.7
xyz2,ours,phen,X,bm,5,5,0.035,10000,215,0.0215,18.0
xyz2,ours,phen,X,bm,5,5,0.0375,10000,350,0.035,17.9
xyz2,ours,phen,X,bm,7,7,0.045,10000,686,0.0686,51.6
xyz2,ours,phen,X,bm,5,5,0.04,10000,389,0.0389,17.8
xyz2,ours,phen,X,bm,5,5,0.0425,10000,462,0.0462,18.4
xyz2,ours,phen,X,bm,3,3,0.035,10000,268,0.0268,3.2
xyz2,ours,phen,X,bm,5,5,0.045,10000,537,0.0537,18.6
xyz2,ours,phen,X,bm,3,3,0.0375,10000,309,0.0309,3.5
xyz2,ours,phen,X,bm,3,3,0.04,10000,370,0.037,3.6
xyz2,ours,phen,X,bm,3,3,0.0425,10000,416,0.0416,3.9
xyz2,ours,phen,X,bm,3,3,0.045,10000,492,0.0492,3.7
xyz2,ours,phen,Y,bm,7,7,0.045,10000,801,0.0801,53.5
xyz2,ours,phen,Y,bm,7,7,0.0425,10000,667,0.0667,54.7
xyz2,ours,phen,Y,bm,7,7,0.0475,10000,963,0.0963,54.1
xyz2,ours,phen,Y,bm,7,7,0.05,10000,1135,0.1135,54.6
xyz2,ours,phen,Y,bm,5,5,0.0425,10000,656,0.0656,19.5
xyz2,ours,phen,Y,bm,5,5,0.045,10000,781,0.0781,19.7
xyz2,ours,phen,Y,bm,7,7,0.0525,10000,1395,0.1395,55.5
xyz2,ours,phen,Y,bm,5,5,0.0475,10000,910,0.091,19.5
xyz2,ours,phen,Y,bm,5,5,0.05,10000,1017,0.1017,20.0
xyz2,ours,phen,Y,bm,3,3,0.0425,10000,760,0.076,3.8
xyz2,ours,phen,Y,bm,5,5,0.0525,10000,1163,0.1163,20.1
xyz2,ours,phen,Y,bm,3,3,0.045,10000,872,0.0872,3.8
xyz2,ours,phen,Y,bm,3,3,0.0475,10000,871,0.0871,3.9
xyz2,ours,phen,Y,bm,3,3,0.05,10000,969,0.0969,3.9
xyz2,ours,phen,Y,bm,3,3,0.0525,10000,1065,0.1065,4.1
xyz2,ours,phen,X,seq_soft,7,7,0.035,10000,304,0.0304,60.3
xyz2,ours,phen,X,seq_soft,7,7,0.0325,10000,240,0.024,61.5
xyz2,ours,phen,X,seq_soft,7,7,0.0375,10000,401,0.0401,64.0
xyz2,ours,phen,X,seq_soft,7,7,0.04,10000,573,0.0573,65.4
xyz2,ours,phen,X,seq_soft,7,7,0.0425,10000,695,0.0695,67.1
xyz2,ours,phen,Y,seq_soft,7,7,0.0325,10000,280,0.028,67.0
xyz2,ours,phen,Y,seq_soft,7,7,0.035,10000,363,0.0363,63.7
xyz2,ours,phen,Y,seq_soft,7,7,0.0375,10000,491,0.0491,63.3
xyz2,ours,phen,Y,seq_soft,7,7,0.04,10000,605,0.0605,63.0
xyz2,ours,phen,Y,seq_soft,7,7,0.0425,10000,792,0.0792,62.0
xyz2,ours,phen,X,seq_soft,5,5,0.0325,10000,246,0.0246,23.2
xyz2,ours,phen,X,seq_soft,5,5,0.035,10000,300,0.03,24.1
xyz2,ours,phen,X,seq_soft,5,5,0.0375,10000,365,0.0365,23.0
xyz2,ours,phen,X,seq_soft,5,5,0.04,10000,484,0.0484,24.0
xyz2,ours,phen,X,seq_soft,5,5,0.0425,10000,584,0.0584,23.3
xyz2,ours,phen,Y,seq_soft,5,5,0.0325,10000,298,0.0298,21.7
xyz2,ours,phen,Y,seq_soft,5,5,0.035,10000,431,0.0431,23.3
xyz2,ours,phen,Y,seq_soft,5,5,0.0375,10000,510,0.051,25.7
xyz2,ours,phen,Y,seq_soft,5,5,0.04,10000,581,0.0581,22.2
xyz2,ours,phen,Y,seq_soft,5,5,0.0425,10000,750,0.075,22.4
xyz2,ours,phen,X,seq_soft,3,3,0.0325,10000,266,0.0266,5.1
xyz2,ours,phen,X,seq_soft,3,3,0.035,10000,304,0.0304,4.7
xyz2,ours,phen,X,seq_soft,3,3,0.0375,10000,316,0.0316,5.2
xyz2,ours,phen,X,seq_soft,3,3,0.04,10000,398,0.0398,4.9
xyz2,ours,phen,X,seq_soft,3,3,0.0425,10000,471,0.0471,5.4
xyz2,ours,phen,Y,seq_soft,3,3,0.0325,10000,469,0.0469,4.8
xyz2,ours,phen,Y,seq_soft,3,3,0.035,10000,531,0.0531,4.4
xyz2,ours,phen,Y,seq_soft,3,3,0.0375,10000,582,0.0582,4.8
xyz2,ours,phen,Y,seq_soft,3,3,0.04,10000,676,0.0676,5.1
xyz2,ours,phen,Y,seq_soft,3,3,0.0425,10000,762,0.0762,5.1
xyz2,ours,phen_b10,X,mwpm,7,7,0.025,50000,581,0.01162,1.5
xyz2,ours,phen_b10,X,mwpm,7,7,0.0275,50000,964,0.01928,1.6
xyz2,ours,phen_b10,X,mwpm,7,7,0.03,50000,1422,0.02844,1.7
xyz2,ours,phen_b10,X,mwpm,7,7,0.0325,50000,2167,0.04334,2.1
xyz2,ours,phen_b10,X,mwpm,7,7,0.035,50000,2958,0.05916,1.9
xyz2,ours,phen_b10,X,mwpm,7,7,0.0375,50000,3872,0.07744,2.3
xyz2,ours,phen_b10,Y,mwpm,7,7,0.025,50000,746,0.01492,1.5
xyz2,ours,phen_b10,Y,mwpm,7,7,0.0275,50000,1112,0.02224,1.6
xyz2,ours,phen_b10,Y,mwpm,7,7,0.03,50000,1678,0.03356,2.0
xyz2,ours,phen_b10,Y,mwpm,7,7,0.0325,50000,2456,0.04912,2.2
xyz2,ours,phen_b10,Y,mwpm,7,7,0.035,50000,3359,0.06718,2.1
xyz2,ours,phen_b10,X,mwpm,5,5,0.025,50000,768,0.01536,0.7
xyz2,ours,phen_b10,X,mwpm,5,5,0.0275,50000,1088,0.02176,0.7
xyz2,ours,phen_b10,Y,mwpm,7,7,0.0375,50000,4397,0.08794,2.7
xyz2,ours,phen_b10,X,mwpm,5,5,0.03,50000,1507,0.03014,0.6
xyz2,ours,phen_b10,X,mwpm,5,5,0.0325,50000,2042,0.04084,0.7
xyz2,ours,phen_b10,X,mwpm,5,5,0.035,50000,2501,0.05002,0.8
xyz2,ours,phen_b10,Y,mwpm,5,5,0.025,50000,1054,0.02108,0.5
xyz2,ours,phen_b10,X,mwpm,5,5,0.0375,50000,3103,0.06206,1.0
xyz2,ours,phen_b10,Y,mwpm,5,5,0.0275,50000,1429,0.02858,0.6
xyz2,ours,phen_b10,Y,mwpm,5,5,0.03,50000,1842,0.03684,0.7
xyz2,ours,phen_b10,Y,mwpm,5,5,0.0325,50000,2411,0.04822,0.9
xyz2,ours,phen_b10,Y,mwpm,5,5,0.035,50000,3108,0.06216,0.9
xyz2,ours,phen_b10,X,mwpm,3,3,0.025,50000,1040,0.0208,0.1
xyz2,ours,phen_b10,X,mwpm,3,3,0.0275,50000,1222,0.02444,0.1
xyz2,ours,phen_b10,X,mwpm,3,3,0.03,50000,1464,0.02928,0.1
xyz2,ours,phen_b10,Y,mwpm,5,5,0.0375,50000,3683,0.07366,0.7
xyz2,ours,phen_b10,X,mwpm,3,3,0.0325,50000,1741,0.03482,0.1
xyz2,ours,phen_b10,X,mwpm,3,3,0.035,50000,2106,0.04212,0.1
xyz2,ours,phen_b10,X,mwpm,3,3,0.0375,50000,2475,0.0495,0.1
xyz2,ours,phen_b10,Y,mwpm,3,3,0.025,50000,1522,0.03044,0.1
xyz2,ours,phen_b10,Y,mwpm,3,3,0.0275,50000,1904,0.03808,0.1
xyz2,ours,phen_b10,Y,mwpm,3,3,0.03,50000,2248,0.04496,0.1
xyz2,ours,phen_b10,Y,mwpm,3,3,0.0325,50000,2644,0.05288,0.1
xyz2,ours,phen_b10,Y,mwpm,3,3,0.035,50000,3104,0.06208,0.1
xyz2,ours,phen_b10,Y,mwpm,3,3,0.0375,50000,3369,0.06738,0.1
xyz2,ours,phen_b10,X,bm,7,7,0.0475,10000,316,0.0316,63.8
xyz2,ours,phen_b10,X,bm,7,7,0.045,10000,233,0.0233,64.6
xyz2,ours,phen_b10,X,bm,7,7,0.0525,10000,522,0.0522,61.0
xyz2,ours,phen_b10,X,bm,7,7,0.05,10000,412,0.0412,63.5
xyz2,ours,phen_b10,X,bm,7,7,0.055,10000,652,0.0652,59.0
xyz2,ours,phen_b10,X,bm,7,7,0.0575,10000,870,0.087,59.8
xyz2,ours,phen_b10,X,bm,5,5,0.045,10000,290,0.029,18.8
xyz2,ours,phen_b10,X,bm,5,5,0.0475,10000,386,0.0386,20.2
xyz2,ours,phen_b10,X,bm,5,5,0.05,10000,500,0.05,20.8
xyz2,ours,phen_b10,X,bm,5,5,0.0525,10000,565,0.0565,21.5
xyz2,ours,phen_b10,X,bm,5,5,0.055,10000,689,0.0689,18.5
xyz2,ours,phen_b10,X,bm,3,3,0.045,10000,407,0.0407,4.3
xyz2,ours,phen_b10,X,bm,5,5,0.0575,10000,770,0.077,19.4
xyz2,ours,phen_b10,X,bm,3,3,0.0475,10000,426,0.0426,4.0
xyz2,ours,phen_b10,X,bm,3,3,0.05,10000,480,0.048,4.5
xyz2,ours,phen_b10,X,bm,3,3,0.0525,10000,534,0.0534,4.2
xyz2,ours,phen_b10,X,bm,3,3,0.055,10000,671,0.0671,4.3
xyz2,ours,phen_b10,X,bm,3,3,0.0575,10000,683,0.0683,4.3
xyz2,ours,phen_b10,Y,bm,7,7,0.0525,10000,430,0.043,57.1
xyz2,ours,phen_b10,Y,bm,7,7,0.05,10000,355,0.0355,58.4
xyz2,ours,phen_b10,Y,bm,7,7,0.055,10000,576,0.0576,54.7
xyz2,ours,phen_b10,Y,bm,7,7,0.0575,10000,752,0.0752,54.8
xyz2,ours,phen_b10,Y,bm,7,7,0.06,10000,922,0.0922,55.8
xyz2,ours,phen_b10,Y,bm,7,7,0.0625,10000,1099,0.1099,57.2
xyz2,ours,phen_b10,Y,bm,5,5,0.05,10000,447,0.0447,19.9
xyz2,ours,phen_b10,Y,bm,5,5,0.0525,10000,506,0.0506,20.0
xyz2,ours,phen_b10,Y,bm,5,5,0.055,10000,688,0.0688,19.4
xyz2,ours,phen_b10,Y,bm,5,5,0.0575,10000,808,0.0808,20.2
xyz2,ours,phen_b10,Y,bm,5,5,0.06,10000,866,0.0866,19.6
xyz2,ours,phen_b10,Y,bm,5,5,0.0625,10000,1058,0.1058,20.0
xyz2,ours,phen_b10,Y,bm,3,3,0.05,10000,637,0.0637,4.0
xyz2,ours,phen_b10,Y,bm,3,3,0.0525,10000,668,0.0668,4.1
xyz2,ours,phen_b10,Y,bm,3,3,0.055,10000,767,0.0767,4.2
xyz2,ours,phen_b10,Y,bm,3,3,0.0575,10000,848,0.0848,4.1
xyz2,ours,phen_b10,Y,bm,3,3,0.06,10000,998,0.0998,4.4
xyz2,ours,phen_b10,Y,bm,3,3,0.0625,10000,1037,0.1037,5.2
xyz2,ours,phen_b10,X,seq_soft,7,7,0.0375,10000,313,0.0313,59.2
xyz2,ours,phen_b10,X,seq_soft,7,7,0.04,10000,396,0.0396,59.2
xyz2,ours,phen_b10,X,seq_soft,7,7,0.045,10000,698,0.0698,61.9
xyz2,ours,phen_b10,X,seq_soft,7,7,0.0425,10000,563,0.0563,62.9
xyz2,ours,phen_b10,X,seq_soft,7,7,0.0475,10000,915,0.0915,61.1
xyz2,ours,phen_b10,X,seq_soft,7,7,0.05,10000,1100,0.11,61.9
xyz2,ours,phen_b10,Y,seq_soft,7,7,0.0375,10000,301,0.0301,61.1
xyz2,ours,phen_b10,Y,seq_soft,7,7,0.04,10000,469,0.0469,60.3
xyz2,ours,phen_b10,Y,seq_soft,7,7,0.045,10000,735,0.0735,58.1
xyz2,ours,phen_b10,Y,seq_soft,7,7,0.0425,10000,561,0.0561,59.9
xyz2,ours,phen_b10,Y,seq_soft,7,7,0.0475,10000,943,0.0943,57.2
xyz2,ours,phen_b10,Y,seq_soft,7,7,0.05,10000,1133,0.1133,58.4
xyz2,ours,phen_b10,X,seq_soft,5,5,0.0375,10000,381,0.0381,23.1
xyz2,ours,phen_b10,X,seq_soft,5,5,0.04,10000,444,0.0444,21.6
xyz2,ours,phen_b10,X,seq_soft,5,5,0.045,10000,651,0.0651,21.3
xyz2,ours,phen_b10,X,seq_soft,5,5,0.0425,10000,500,0.05,22.8
xyz2,ours,phen_b10,X,seq_soft,5,5,0.0475,10000,759,0.0759,22.4
xyz2,ours,phen_b10,X,seq_soft,5,5,0.05,10000,922,0.0922,22.1
xyz2,ours,phen_b10,Y,seq_soft,5,5,0.0375,10000,377,0.0377,20.4
xyz2,ours,phen_b10,Y,seq_soft,5,5,0.04,10000,461,0.0461,21.8
xyz2,ours,phen_b10,Y,seq_soft,5,5,0.0425,10000,554,0.0554,22.3
xyz2,ours,phen_b10,Y,seq_soft,5,5,0.045,10000,699,0.0699,21.7
xyz2,ours,phen_b10,Y,seq_soft,5,5,0.0475,10000,823,0.0823,23.1
xyz2,ours,phen_b10,Y,seq_soft,5,5,0.05,10000,957,0.0957,23.2
xyz2,ours,phen_b10,X,seq_soft,3,3,0.0375,10000,354,0.0354,5.1
xyz2,ours,phen_b10,X,seq_soft,3,3,0.04,10000,430,0.043,5.5
xyz2,ours,phen_b10,X,seq_soft,3,3,0.0425,10000,458,0.0458,5.1
xyz2,ours,phen_b10,X,seq_soft,3,3,0.045,10000,545,0.0545,5.3
xyz2,ours,phen_b10,X,seq_soft,3,3,0.0475,10000,625,0.0625,5.5
xyz2,ours,phen_b10,X,seq_soft,3,3,0.05,10000,724,0.0724,5.6
xyz2,ours,phen_b10,Y,seq_soft,3,3,0.0375,10000,472,0.0472,4.9
xyz2,ours,phen_b10,Y,seq_soft,3,3,0.04,10000,525,0.0525,5.0
xyz2,ours,phen_b10,Y,seq_soft,3,3,0.0425,10000,584,0.0584,5.4
xyz2,ours,phen_b10,Y,seq_soft,3,3,0.045,10000,640,0.064,5.6
xyz2,ours,phen_b10,Y,seq_soft,3,3,0.0475,10000,724,0.0724,5.4
xyz2,ours,phen_b10,Y,seq_soft,3,3,0.05,10000,886,0.0886,5.5
xzzx,ours,phen,X,mwpm,7,7,0.0325,50000,2084,0.04168,0.8
xzzx,ours,phen,X,mwpm,7,7,0.035,50000,2633,0.05266,1.0
xzzx,ours,phen,X,mwpm,7,7,0.0375,50000,3318,0.06636,1.0
xzzx,ours,phen,X,mwpm,7,7,0.04,50000,4172,0.08344,1.2
xzzx,ours,phen,X,mwpm,7,7,0.0425,50000,4967,0.09934,1.3
xzzx,ours,phen,X,mwpm,7,7,0.045,50000,6009,0.12018,1.3
xzzx,ours,phen,Z,mwpm,7,7,0.0325,50000,2010,0.0402,1.0
xzzx,ours,phen,Z,mwpm,7,7,0.035,50000,2572,0.05144,1.0
xzzx,ours,phen,Z,mwpm,7,7,0.0375,50000,3368,0.06736,0.9
xzzx,ours,phen,Z,mwpm,7,7,0.04,50000,3997,0.07994,1.2
xzzx,ours,phen,Z,mwpm,7,7,0.0425,50000,4954,0.09908,1.1
xzzx,ours,phen,X,mwpm,5,5,0.0325,50000,2239,0.04478,0.3
xzzx,ours,phen,X,mwpm,5,5,0.035,50000,2724,0.05448,0.3
xzzx,ours,phen,Z,mwpm,7,7,0.045,50000,6006,0.12012,1.3
xzzx,ours,phen,X,mwpm,5,5,0.0375,50000,3354,0.06708,0.3
xzzx,ours,phen,X,mwpm,5,5,0.04,50000,3921,0.07842,0.4
xzzx,ours,phen,X,mwpm,5,5,0.0425,50000,4386,0.08772,0.4
xzzx,ours,phen,Z,mwpm,5,5,0.0325,50000,2362,0.04724,0.3
xzzx,ours,phen,X,mwpm,5,5,0.045,50000,5042,0.10084,0.4
xzzx,ours,phen,Z,mwpm,5,5,0.035,50000,2796,0.05592,0.3
xzzx,ours,phen,Z,mwpm,5,5,0.0375,50000,3323,0.06646,0.3
xzzx,ours,phen,Z,mwpm,5,5,0.04,50000,3820,0.0764,0.4
xzzx,ours,phen,Z,mwpm,5,5,0.0425,50000,4371,0.08742,0.4
xzzx,ours,phen,X,mwpm,3,3,0.0325,50000,2288,0.04576,0.0
xzzx,ours,phen,X,mwpm,3,3,0.035,50000,2770,0.0554,0.0
xzzx,ours,phen,X,mwpm,3,3,0.0375,50000,2956,0.05912,0.0
xzzx,ours,phen,X,mwpm,3,3,0.04,50000,3276,0.06552,0.0
xzzx,ours,phen,X,mwpm,3,3,0.0425,50000,3592,0.07184,0.1
xzzx,ours,phen,X,mwpm,3,3,0.045,50000,4115,0.0823,0.1
xzzx,ours,phen,Z,mwpm,5,5,0.045,50000,5052,0.10104,0.4
xzzx,ours,phen,Z,mwpm,3,3,0.0325,50000,2290,0.0458,0.1
xzzx,ours,phen,Z,mwpm,3,3,0.035,50000,2631,0.05262,0.0
xzzx,ours,phen,Z,mwpm,3,3,0.0375,50000,2960,0.0592,0.1
xzzx,ours,phen,Z,mwpm,3,3,0.04,50000,3358,0.06716,0.0
xzzx,ours,phen,Z,mwpm,3,3,0.0425,50000,3587,0.07174,0.1
xzzx,ours,phen,Z,mwpm,3,3,0.045,50000,3953,0.07906,0.1
xzzx,ours,phen,X,bm,7,7,0.04,10000,477,0.0477,29.3
xzzx,ours,phen,X,bm,7,7,0.0425,10000,588,0.0588,30.4
xzzx,ours,phen,X,bm,7,7,0.045,10000,707,0.0707,29.7
xzzx,ours,phen,X,bm,7,7,0.0475,10000,947,0.0947,31.1
xzzx,ours,phen,X,bm,7,7,0.05,10000,1101,0.1101,30.3
xzzx,ours,phen,X,bm,7,7,0.0525,10000,1335,0.1335,30.8
xzzx,ours,phen,Z,bm,7,7,0.04,10000,455,0.0455,29.6
xzzx,ours,phen,Z,bm,7,7,0.0425,10000,614,0.0614,30.6
xzzx,ours,phen,Z,bm,7,7,0.045,10000,751,0.0751,31.0
xzzx,ours,phen,Z,bm,7,7,0.0475,10000,923,0.0923,31.4
xzzx,ours,phen,Z,bm,7,7,0.05,10000,1025,0.1025,32.2
xzzx,ours,phen,Z,bm,7,7,0.0525,10000,1332,0.1332,31.7
xzzx,ours,phen,X,bm,5,5,0.04,10000,532,0.0532,11.5
xzzx,ours,phen,X,bm,5,5,0.0425,10000,590,0.059,10.8
xzzx,ours,phen,X,bm,5,5,0.045,10000,742,0.0742,10.6
xzzx,ours,phen,X,bm,5,5,0.0475,10000,860,0.086,12.1
xzzx,ours,phen,X,bm,5,5,0.05,10000,989,0.0989,12.6
xzzx,ours,phen,X,bm,5,5,0.0525,10000,1107,0.1107,12.7
xzzx,ours,phen,Z,bm,5,5,0.04,10000,497,0.0497,11.8
xzzx,ours,phen,Z,bm,5,5,0.0425,10000,687,0.0687,11.6
xzzx,ours,phen,Z,bm,5,5,0.045,10000,796,0.0796,11.3
xzzx,ours,phen,Z,bm,5,5,0.0475,10000,894,0.0894,11.3
xzzx,ours,phen,Z,bm,5,5,0.05,10000,953,0.0953,11.9
xzzx,ours,phen,X,bm,3,3,0.04,10000,555,0.0555,2.1
xzzx,ours,phen,X,bm,3,3,0.0425,10000,646,0.0646,2.0
xzzx,ours,phen,Z,bm,5,5,0.0525,10000,1105,0.1105,12.4
xzzx,ours,phen,X,bm,3,3,0.045,10000,708,0.0708,2.1
xzzx,ours,phen,X,bm,3,3,0.0475,10000,763,0.0763,2.2
xzzx,ours,phen,X,bm,3,3,0.05,10000,844,0.0844,2.2
xzzx,ours,phen,X,bm,3,3,0.0525,10000,966,0.0966,2.3
xzzx,ours,phen,Z,bm,3,3,0.04,10000,560,0.056,2.0
xzzx,ours,phen,Z,bm,3,3,0.0425,10000,615,0.0615,2.3
xzzx,ours,phen,Z,bm,3,3,0.045,10000,700,0.07,1.9
xzzx,ours,phen,Z,bm,3,3,0.0475,10000,753,0.0753,2.2
xzzx,ours,phen,Z,bm,3,3,0.05,10000,878,0.0878,2.1
xzzx,ours,phen,Z,bm,3,3,0.0525,10000,922,0.0922,2.3
xzzx,ours,phen_b10,X,mwpm,7,7,0.045,50000,1627,0.03254,1.0
xzzx,ours,phen_b10,X,mwpm,7,7,0.0475,50000,2100,0.042,1.1
xzzx,ours,phen_b10,X,mwpm,7,7,0.05,50000,2459,0.04918,1.1
xzzx,ours,phen_b10,X,mwpm,7,7,0.0525,50000,2921,0.05842,1.2
xzzx,ours,phen_b10,X,mwpm,7,7,0.055,50000,3448,0.06896,1.2
xzzx,ours,phen_b10,X,mwpm,7,7,0.0575,50000,3819,0.07638,1.4
xzzx,ours,phen_b10,X,mwpm,7,7,0.06,50000,4564,0.09128,1.5
xzzx,ours,phen_b10,X,mwpm,7,7,0.0625,50000,5048,0.10096,1.4
xzzx,ours,phen_b10,Z,mwpm,7,7,0.045,50000,1373,0.02746,1.2
xzzx,ours,phen_b10,X,mwpm,7,7,0.065,50000,5794,0.11588,1.7
xzzx,ours,phen_b10,Z,mwpm,7,7,0.0475,50000,1514,0.03028,1.3
xzzx,ours,phen_b10,Z,mwpm,7,7,0.05,50000,1925,0.0385,1.2
xzzx,ours,phen_b10,Z,mwpm,7,7,0.0525,50000,2180,0.0436,1.2
xzzx,ours,phen_b10,Z,mwpm,7,7,0.055,50000,2684,0.05368,1.3
xzzx,ours,phen_b10,Z,mwpm,7,7,0.0575,50000,3090,0.0618,1.4
xzzx,ours,phen_b10,Z,mwpm,7,7,0.06,50000,3602,0.07204,1.5
xzzx,ours,phen_b10,Z,mwpm,7,7,0.0625,50000,4023,0.08046,1.7
xzzx,ours,phen_b10,Z,mwpm,7,7,0.065,50000,4616,0.09232,1.7
xzzx,ours,phen_b10,X,mwpm,5,5,0.045,50000,2050,0.041,0.3
xzzx,ours,phen_b10,X,mwpm,5,5,0.0475,50000,2393,0.04786,0.4
xzzx,ours,phen_b10,X,mwpm,5,5,0.05,50000,2797,0.05594,0.4
xzzx,ours,phen_b10,X,mwpm,5,5,0.0525,50000,3133,0.06266,0.4
xzzx,ours,phen_b10,X,mwpm,5,5,0.055,50000,3598,0.07196,0.5
xzzx,ours,phen_b10,X,mwpm,5,5,0.0575,50000,4015,0.0803,0.4
xzzx,ours,phen_b10,X,mwpm,5,5,0.06,50000,4317,0.08634,0.4
xzzx,ours,phen_b10,X,mwpm,5,5,0.0625,50000,4780,0.0956,0.6
xzzx,ours,phen_b10,X,mwpm,5,5,0.065,50000,5195,0.1039,0.6
xzzx,ours,phen_b10,Z,mwpm,5,5,0.045,50000,1325,0.0265,0.4
xzzx,ours,phen_b10,Z,mwpm,5,5,0.0475,50000,1523,0.03046,0.4
xzzx,ours,phen_b10,Z,mwpm,5,5,0.05,50000,1904,0.03808,0.4
xzzx,ours,phen_b10,Z,mwpm,5,5,0.0525,50000,2216,0.04432,0.4
xzzx,ours,phen_b10,Z,mwpm,5,5,0.055,50000,2420,0.0484,0.4
xzzx,ours,phen_b10,Z,mwpm,5,5,0.0575,50000,2771,0.05542,0.4
xzzx,ours,phen_b10,Z,mwpm,5,5,0.06,50000,3032,0.06064,0.4
xzzx,ours,phen_b10,Z,mwpm,5,5,0.0625,50000,3363,0.06726,0.4
xzzx,ours,phen_b10,X,mwpm,3,3,0.045,50000,2641,0.05282,0.0
xzzx,ours,phen_b10,X,mwpm,3,3,0.0475,50000,2922,0.05844,0.0
xzzx,ours,phen_b10,X,mwpm,3,3,0.05,50000,3071,0.06142,0.0
xzzx,ours,phen_b10,X,mwpm,3,3,0.0525,50000,3348,0.06696,0.0
xzzx,ours,phen_b10,X,mwpm,3,3,0.055,50000,3673,0.07346,0.0
xzzx,ours,phen_b10,X,mwpm,3,3,0.0575,50000,3966,0.07932,0.1
xzzx,ours,phen_b10,X,mwpm,3,3,0.06,50000,4280,0.0856,0.1
xzzx,ours,phen_b10,X,mwpm,3,3,0.0625,50000,4517,0.09034,0.1
xzzx,ours,phen_b10,Z,mwpm,5,5,0.065,50000,3651,0.07302,0.5
xzzx,ours,phen_b10,X,mwpm,3,3,0.065,50000,4906,0.09812,0.1
xzzx,ours,phen_b10,Z,mwpm,3,3,0.045,50000,1361,0.02722,0.1
xzzx,ours,phen_b10,Z,mwpm,3,3,0.0475,50000,1426,0.02852,0.0
xzzx,ours,phen_b10,Z,mwpm,3,3,0.0525,50000,1714,0.03428,0.0
xzzx,ours,phen_b10,Z,mwpm,3,3,0.05,50000,1626,0.03252,0.1
xzzx,ours,phen_b10,Z,mwpm,3,3,0.055,50000,1952,0.03904,0.0
xzzx,ours,phen_b10,Z,mwpm,3,3,0.0575,50000,2048,0.04096,0.1
xzzx,ours,phen_b10,Z,mwpm,3,3,0.06,50000,2218,0.04436,0.0
xzzx,ours,phen_b10,Z,mwpm,3,3,0.0625,50000,2472,0.04944,0.1
xzzx,ours,phen_b10,Z,mwpm,3,3,0.065,50000,2664,0.05328,0.1
xzzx,ours,phen_b10,X,bm,7,7,0.045,10000,299,0.0299,31.7
xzzx,ours,phen_b10,X,bm,7,7,0.0475,10000,414,0.0414,32.8
xzzx,ours,phen_b10,X,bm,7,7,0.05,10000,432,0.0432,33.4
xzzx,ours,phen_b10,X,bm,7,7,0.0525,10000,573,0.0573,32.7
xzzx,ours,phen_b10,X,bm,7,7,0.055,10000,637,0.0637,35.0
xzzx,ours,phen_b10,X,bm,7,7,0.0575,10000,668,0.0668,34.6
xzzx,ours,phen_b10,Z,bm,7,7,0.045,10000,220,0.022,32.8
xzzx,ours,phen_b10,X,bm,7,7,0.06,10000,790,0.079,33.2
xzzx,ours,phen_b10,Z,bm,7,7,0.0475,10000,276,0.0276,32.6
xzzx,ours,phen_b10,Z,bm,7,7,0.05,10000,349,0.0349,33.7
xzzx,ours,phen_b10,Z,bm,7,7,0.0525,10000,408,0.0408,35.1
xzzx,ours,phen_b10,Z,bm,7,7,0.055,10000,531,0.0531,34.4
xzzx,ours,phen_b10,Z,bm,7,7,0.0575,10000,602,0.0602,34.9
xzzx,ours,phen_b10,Z,bm,7,7,0.06,10000,648,0.0648,34.9
xzzx,ours,phen_b10,X,bm,5,5,0.045,10000,420,0.042,10.8
xzzx,ours,phen_b10,X,bm,5,5,0.0475,10000,474,0.0474,11.0
xzzx,ours,phen_b10,X,bm,5,5,0.05,10000,509,0.0509,11.2
xzzx,ours,phen_b10,X,bm,5,5,0.0525,10000,653,0.0653,10.7
xzzx,ours,phen_b10,X,bm,5,5,0.055,10000,670,0.067,12.0
xzzx,ours,phen_b10,X,bm,5,5,0.0575,10000,705,0.0705,11.7
xzzx,ours,phen_b10,Z,bm,5,5,0.045,10000,237,0.0237,10.6
xzzx,ours,phen_b10,X,bm,5,5,0.06,10000,798,0.0798,11.3
xzzx,ours,phen_b10,Z,bm,5,5,0.0475,10000,302,0.0302,11.5
xzzx,ours,phen_b10,Z,bm,5,5,0.05,10000,351,0.0351,13.5
xzzx,ours,phen_b10,Z,bm,5,5,0.0525,10000,401,0.0401,11.6
xzzx,ours,phen_b10,Z,bm,5,5,0.055,10000,491,0.0491,11.2
xzzx,ours,phen_b10,Z,bm,5,5,0.0575,10000,547,0.0547,11.2
xzzx,ours,phen_b10,X,bm,3,3,0.045,10000,551,0.0551,2.1
xzzx,ours,phen_b10,Z,bm,5,5,0.06,10000,558,0.0558,11.9
xzzx,ours,phen_b10,X,bm,3,3,0.0475,10000,571,0.0571,2.0
xzzx,ours,phen_b10,X,bm,3,3,0.05,10000,649,0.0649,2.2
xzzx,ours,phen_b10,X,bm,3,3,0.0525,10000,682,0.0682,2.0
xzzx,ours,phen_b10,X,bm,3,3,0.055,10000,717,0.0717,2.1
xzzx,ours,phen_b10,X,bm,3,3,0.0575,10000,810,0.081,2.2
xzzx,ours,phen_b10,X,bm,3,3,0.06,10000,880,0.088,2.4
xzzx,ours,phen_b10,Z,bm,3,3,0.045,10000,259,0.0259,2.3
xzzx,ours,phen_b10,Z,bm,3,3,0.0475,10000,263,0.0263,2.3
xzzx,ours,phen_b10,Z,bm,3,3,0.05,10000,290,0.029,1.9
xzzx,ours,phen_b10,Z,bm,3,3,0.0525,10000,341,0.0341,2.2
xzzx,ours,phen_b10,Z,bm,3,3,0.055,10000,352,0.0352,2.1
xzzx,ours,phen_b10,Z,bm,3,3,0.0575,10000,357,0.0357,2.3
xzzx,ours,phen_b10,Z,bm,3,3,0.06,10000,437,0.0437,2.5
xyz2,paper,phen,X,seq_hard,7,7,0.0275,10000,222,0.0222,29.1
xyz2,paper,phen,X,seq_hard,7,7,0.03,10000,276,0.0276,30.8
xyz2,paper,phen,X,seq_hard,7,7,0.035,10000,451,0.0451,30.6
xyz2,paper,phen,X,seq_hard,7,7,0.0325,10000,390,0.039,32.3
xyz2,paper,phen,Y,seq_hard,7,7,0.0275,10000,204,0.0204,31.9
xyz2,paper,phen,X,seq_hard,7,7,0.0375,10000,641,0.0641,33.5
xyz2,paper,phen,Y,seq_hard,7,7,0.03,10000,293,0.0293,31.4
xyz2,paper,phen,Y,seq_hard,7,7,0.0325,10000,407,0.0407,30.9
xyz2,paper,phen,Y,seq_hard,7,7,0.035,10000,522,0.0522,29.4
xyz2,paper,phen,Y,seq_hard,7,7,0.0375,10000,678,0.0678,30.7
xyz2,paper,phen,X,seq_hard,5,5,0.0275,10000,244,0.0244,11.1
xyz2,paper,phen,X,seq_hard,5,5,0.03,10000,308,0.0308,11.6
xyz2,paper,phen,X,seq_hard,5,5,0.0325,10000,354,0.0354,13.6
xyz2,paper,phen,X,seq_hard,5,5,0.035,10000,398,0.0398,13.5
xyz2,paper,phen,X,seq_hard,5,5,0.0375,10000,528,0.0528,12.0
xyz2,paper,phen,Y,seq_hard,5,5,0.0275,10000,246,0.0246,11.4
xyz2,paper,phen,Y,seq_hard,5,5,0.03,10000,312,0.0312,11.9
xyz2,paper,phen,Y,seq_hard,5,5,0.0325,10000,410,0.041,13.2
xyz2,paper,phen,Y,seq_hard,5,5,0.035,10000,482,0.0482,12.7
xyz2,paper,phen,Y,seq_hard,5,5,0.0375,10000,555,0.0555,12.4
xyz2,paper,phen,X,seq_hard,3,3,0.0275,10000,147,0.0147,3.8
xyz2,paper,phen,X,seq_hard,3,3,0.03,10000,171,0.0171,3.9
xyz2,paper,phen,X,seq_hard,3,3,0.0325,10000,208,0.0208,3.8
xyz2,paper,phen,X,seq_hard,3,3,0.035,10000,273,0.0273,3.8
xyz2,paper,phen,X,seq_hard,3,3,0.0375,10000,313,0.0313,4.0
xyz2,paper,phen,Y,seq_hard,3,3,0.0275,10000,238,0.0238,4.2
xyz2,paper,phen,Y,seq_hard,3,3,0.03,10000,348,0.0348,4.0
xyz2,paper,phen,Y,seq_hard,3,3,0.0325,10000,376,0.0376,4.0
xyz2,paper,phen,Y,seq_hard,3,3,0.035,10000,426,0.0426,4.0
xyz2,paper,phen,Y,seq_hard,3,3,0.0375,10000,502,0.0502,3.5
xyz2,paper,phen,X,bm,7,7,0.04,10000,372,0.0372,62.9
xyz2,paper,phen,X,bm,7,7,0.0425,10000,437,0.0437,63.1
xyz2,paper,phen,X,bm,7,7,0.0475,10000,749,0.0749,65.6
xyz2,paper,phen,X,bm,7,7,0.045,10000,586,0.0586,65.9
xyz2,paper,phen,Y,bm,7,7,0.04,10000,428,0.0428,61.7
xyz2,paper,phen,X,bm,7,7,0.05,10000,896,0.0896,63.1
xyz2,paper,phen,Y,bm,7,7,0.0425,10000,556,0.0556,62.7
xyz2,paper,phen,Y,bm,7,7,0.045,10000,705,0.0705,62.8
xyz2,paper,phen,Y,bm,7,7,0.0475,10000,830,0.083,59.6
xyz2,paper,phen,Y,bm,7,7,0.05,10000,1043,0.1043,58.5
xyz2,paper,phen,X,bm,5,5,0.04,10000,359,0.0359,21.3
xyz2,paper,phen,X,bm,5,5,0.0425,10000,412,0.0412,21.5
xyz2,paper,phen,X,bm,5,5,0.0475,10000,603,0.0603,21.0
xyz2,paper,phen,X,bm,5,5,0.045,10000,465,0.0465,21.6
xyz2,paper,phen,Y,bm,5,5,0.04,10000,410,0.041,19.5
xyz2,paper,phen,X,bm,5,5,0.05,10000,739,0.0739,20.6
xyz2,paper,phen,Y,bm,5,5,0.0425,10000,520,0.052,20.2
xyz2,paper,phen,Y,bm,5,5,0.045,10000,684,0.0684,20.4
xyz2,paper,phen,Y,bm,5,5,0.0475,10000,798,0.0798,21.6
xyz2,paper,phen,Y,bm,5,5,0.05,10000,853,0.0853,22.2
xyz2,paper,phen,X,bm,3,3,0.04,10000,292,0.0292,4.2
xyz2,paper,phen,X,bm,3,3,0.0425,10000,332,0.0332,4.2
xyz2,paper,phen,X,bm,3,3,0.045,10000,429,0.0429,4.6
xyz2,paper,phen,X,bm,3,3,0.0475,10000,430,0.043,4.7
xyz2,paper,phen,X,bm,3,3,0.05,10000,526,0.0526,4.6
xyz2,paper,phen,Y,bm,3,3,0.04,10000,546,0.0546,4.2
xyz2,paper,phen,Y,bm,3,3,0.0425,10000,589,0.0589,4.5
xyz2,paper,phen,Y,bm,3,3,0.045,10000,651,0.0651,4.6
xyz2,paper,phen,Y,bm,3,3,0.0475,10000,734,0.0734,4.7
xyz2,paper,phen,Y,bm,3,3,0.05,10000,828,0.0828,4.7
xyz2,paper,phen_b10,X,seq_hard,7,7,0.0275,10000,84,0.0084,26.6
xyz2,paper,phen_b10,X,seq_hard,7,7,0.03,10000,147,0.0147,27.1
xyz2,paper,phen_b10,X,seq_hard,7,7,0.0325,10000,191,0.0191,28.2
xyz2,paper,phen_b10,X,seq_hard,7,7,0.035,10000,323,0.0323,28.5
xyz2,paper,phen_b10,X,seq_hard,7,7,0.0375,10000,441,0.0441,29.5
xyz2,paper,phen_b10,Y,seq_hard,7,7,0.0275,10000,104,0.0104,30.4
xyz2,paper,phen_b10,Y,seq_hard,7,7,0.03,10000,132,0.0132,28.5
xyz2,paper,phen_b10,Y,seq_hard,7,7,0.0325,10000,234,0.0234,29.3
xyz2,paper,phen_b10,Y,seq_hard,7,7,0.035,10000,287,0.0287,30.8
xyz2,paper,phen_b10,Y,seq_hard,7,7,0.0375,10000,437,0.0437,31.3
xyz2,paper,phen_b10,X,seq_hard,5,5,0.0275,10000,121,0.0121,11.8
xyz2,paper,phen_b10,X,seq_hard,5,5,0.03,10000,189,0.0189,12.2
xyz2,paper,phen_b10,X,seq_hard,5,5,0.0325,10000,282,0.0282,12.1
xyz2,paper,phen_b10,X,seq_hard,5,5,0.035,10000,297,0.0297,12.2
xyz2,paper,phen_b10,X,seq_hard,5,5,0.0375,10000,367,0.0367,11.4
xyz2,paper,phen_b10,Y,seq_hard,5,5,0.0275,10000,113,0.0113,12.5
xyz2,paper,phen_b10,Y,seq_hard,5,5,0.03,10000,170,0.017,13.0
xyz2,paper,phen_b10,Y,seq_hard,5,5,0.0325,10000,233,0.0233,12.9
xyz2,paper,phen_b10,Y,seq_hard,5,5,0.035,10000,306,0.0306,10.8
xyz2,paper,phen_b10,X,seq_hard,3,3,0.0275,10000,186,0.0186,3.8
xyz2,paper,phen_b10,Y,seq_hard,5,5,0.0375,10000,380,0.038,11.8
xyz2,paper,phen_b10,X,seq_hard,3,3,0.03,10000,234,0.0234,3.6
xyz2,paper,phen_b10,X,seq_hard,3,3,0.0325,10000,264,0.0264,3.9
xyz2,paper,phen_b10,X,seq_hard,3,3,0.035,10000,346,0.0346,3.7
xyz2,paper,phen_b10,X,seq_hard,3,3,0.0375,10000,373,0.0373,3.6
xyz2,paper,phen_b10,Y,seq_hard,3,3,0.0275,10000,158,0.0158,3.4
xyz2,paper,phen_b10,Y,seq_hard,3,3,0.03,10000,186,0.0186,3.4
xyz2,paper,phen_b10,Y,seq_hard,3,3,0.0325,10000,195,0.0195,3.5
xyz2,paper,phen_b10,Y,seq_hard,3,3,0.035,10000,326,0.0326,3.8
xyz2,paper,phen_b10,Y,seq_hard,3,3,0.0375,10000,328,0.0328,3.7
xyz2,paper,phen_b10,X,bm,7,7,0.045,10000,102,0.0102,61.8
xyz2,paper,phen_b10,X,bm,7,7,0.0475,10000,147,0.0147,62.6
xyz2,paper,phen_b10,X,bm,7,7,0.05,10000,150,0.015,59.8
xyz2,paper,phen_b10,X,bm,7,7,0.0525,10000,243,0.0243,60.1
xyz2,paper,phen_b10,X,bm,7,7,0.055,10000,349,0.0349,60.8
xyz2,paper,phen_b10,X,bm,7,7,0.0575,10000,435,0.0435,62.1
xyz2,paper,phen_b10,Y,bm,7,7,0.045,10000,46,0.0046,62.0
xyz2,paper,phen_b10,Y,bm,7,7,0.0475,10000,80,0.008,63.7
xyz2,paper,phen_b10,Y,bm,7,7,0.05,10000,130,0.013,65.3
xyz2,paper,phen_b10,Y,bm,7,7,0.0525,10000,184,0.0184,65.8
xyz2,paper,phen_b10,Y,bm,7,7,0.055,10000,228,0.0228,67.3
xyz2,paper,phen_b10,Y,bm,7,7,0.0575,10000,327,0.0327,66.8
xyz2,paper,phen_b10,X,bm,5,5,0.045,10000,108,0.0108,21.4
xyz2,paper,phen_b10,X,bm,5,5,0.0475,10000,154,0.0154,22.5
xyz2,paper,phen_b10,X,bm,5,5,0.05,10000,192,0.0192,22.7
xyz2,paper,phen_b10,X,bm,5,5,0.0525,10000,257,0.0257,23.1
xyz2,paper,phen_b10,X,bm,5,5,0.055,10000,320,0.032,23.1
xyz2,paper,phen_b10,X,bm,5,5,0.0575,10000,370,0.037,23.2
xyz2,paper,phen_b10,Y,bm,5,5,0.045,10000,95,0.0095,21.5
xyz2,paper,phen_b10,Y,bm,5,5,0.0475,10000,95,0.0095,22.1
xyz2,paper,phen_b10,Y,bm,5,5,0.05,10000,152,0.0152,22.3
xyz2,paper,phen_b10,Y,bm,5,5,0.0525,10000,207,0.0207,23.6
xyz2,paper,phen_b10,Y,bm,5,5,0.055,10000,232,0.0232,24.2
xyz2,paper,phen_b10,X,bm,3,3,0.045,10000,155,0.0155,4.8
xyz2,paper,phen_b10,Y,bm,5,5,0.0575,10000,296,0.0296,24.8
xyz2,paper,phen_b10,X,bm,3,3,0.0475,10000,198,0.0198,4.4
xyz2,paper,phen_b10,X,bm,3,3,0.05,10000,209,0.0209,5.3
xyz2,paper,phen_b10,X,bm,3,3,0.0525,10000,244,0.0244,5.3
xyz2,paper,phen_b10,X,bm,3,3,0.055,10000,275,0.0275,4.4
xyz2,paper,phen_b10,X,bm,3,3,0.0575,10000,311,0.0311,4.7
xyz2,paper,phen_b10,Y,bm,3,3,0.045,10000,134,0.0134,4.3
xyz2,paper,phen_b10,Y,bm,3,3,0.0475,10000,188,0.0188,4.4
xyz2,paper,phen_b10,Y,bm,3,3,0.05,10000,203,0.0203,4.7
xyz2,paper,phen_b10,Y,bm,3,3,0.0525,10000,213,0.0213,5.3
xyz2,paper,phen_b10,Y,bm,3,3,0.055,10000,285,0.0285,4.9
xyz2,paper,phen_b10,Y,bm,3,3,0.0575,10000,278,0.0278,5.4
xyz2,ours,phen,Y,bm,7,7,0.04,10000,458,0.0458,58.2
xyz2,ours,phen,Y,bm,7,7,0.0375,10000,376,0.0376,58.3
xyz2,ours,phen,Y,bm,5,5,0.0375,10000,430,0.043,20.8
xyz2,ours,phen,Y,bm,5,5,0.04,10000,531,0.0531,21.0
xyz2,ours,phen,Y,bm,3,3,0.04,10000,685,0.0685,3.5
xyz2,ours,phen,Y,bm,3,3,0.0375,10000,577,0.0577,3.7
xyz2,ours,phen,X,bm,5,5,0.0325,10000,190,0.019,19.0
xyz2,ours,phen,X,bm,3,3,0.0325,10000,220,0.022,3.6
xyz2,ours,phen,X,bm,7,7,0.0325,10000,151,0.0151,62.4
xyz2,ours,phen,Y,seq_soft,7,7,0.0475,10000,1151,0.1151,66.0
xyz2,ours,phen,Y,seq_soft,7,7,0.045,10000,991,0.0991,66.5
xyz2,ours,phen,Y,seq_soft,5,5,0.045,10000,868,0.0868,21.9
xyz2,ours,phen,Y,seq_soft,5,5,0.0475,10000,1030,0.103,22.8
xyz2,ours,phen,Y,seq_soft,3,3,0.045,10000,828,0.0828,4.9
xyz2,ours,phen,Y,seq_soft,3,3,0.0475,10000,937,0.0937,5.0
xyz2,ours,phen_b10,X,seq_soft,7,7,0.0325,10000,134,0.0134,61.9
xyz2,ours,phen_b10,X,seq_soft,7,7,0.035,10000,207,0.0207,62.2
xyz2,ours,phen_b10,X,seq_soft,5,5,0.0325,10000,193,0.0193,24.5
xyz2,ours,phen_b10,X,seq_soft,5,5,0.035,10000,280,0.028,25.1
xyz2,ours,phen_b10,X,seq_soft,3,3,0.0325,10000,255,0.0255,5.5
xyz2,ours,phen_b10,X,seq_soft,3,3,0.035,10000,303,0.0303,6.0
xyz2,paper,phen,X,bm,7,7,0.0325,10000,121,0.0121,61.0
xyz2,paper,phen,X,bm,7,7,0.035,10000,179,0.0179,61.2
xyz2,paper,phen,Y,bm,7,7,0.0325,10000,165,0.0165,64.2
xyz2,paper,phen,X,bm,7,7,0.0375,10000,235,0.0235,66.3
xyz2,paper,phen,Y,bm,7,7,0.035,10000,244,0.0244,61.9
xyz2,paper,phen,Y,bm,7,7,0.0375,10000,321,0.0321,61.2
xyz2,paper,phen,X,bm,5,5,0.0325,10000,182,0.0182,20.9
xyz2,paper,phen,X,bm,5,5,0.035,10000,195,0.0195,21.8
xyz2,paper,phen,X,bm,5,5,0.0375,10000,269,0.0269,23.0
xyz2,paper,phen,Y,bm,5,5,0.0325,10000,218,0.0218,21.6
xyz2,paper,phen,Y,bm,5,5,0.035,10000,292,0.0292,21.0
xyz2,paper,phen,Y,bm,5,5,0.0375,10000,316,0.0316,21.5
xyz2,paper,phen,X,bm,3,3,0.0325,10000,192,0.0192,3.9
xyz2,paper,phen,X,bm,3,3,0.035,10000,245,0.0245,4.3
xyz2,paper,phen,X,bm,3,3,0.0375,10000,255,0.0255,4.5
xyz2,paper,phen,Y,bm,3,3,0.0325,10000,317,0.0317,4.0
xyz2,paper,phen,Y,bm,3,3,0.035,10000,401,0.0401,4.5
xyz2,paper,phen,Y,bm,3,3,0.0375,10000,467,0.0467,4.3
xyz2,paper,phen,X,seq_hard,7,7,0.0225,10000,115,0.0115,28.3
xyz2,paper,phen,X,seq_hard,7,7,0.02,10000,51,0.0051,28.7
xyz2,paper,phen,X,seq_hard,5,5,0.02,10000,140,0.014,11.8
xyz2,paper,phen,X,seq_hard,5,5,0.0225,10000,156,0.0156,10.9
xyz2,paper,phen,X,seq_hard,7,7,0.025,10000,146,0.0146,27.7
xyz2,paper,phen,X,seq_hard,3,3,0.02,10000,81,0.0081,3.9
xyz2,paper,phen,X,seq_hard,3,3,0.0225,10000,101,0.0101,3.6
xyz2,paper,phen,X,seq_hard,5,5,0.025,10000,205,0.0205,12.6
xyz2,paper,phen,X,seq_hard,3,3,0.025,10000,134,0.0134,3.6
xyz2,paper,phen_b10,Y,bm,7,7,0.0625,10000,538,0.0538,62.7
xyz2,paper,phen_b10,Y,bm,7,7,0.06,10000,415,0.0415,68.5
xyz2,paper,phen_b10,Y,bm,5,5,0.06,10000,365,0.0365,23.7
xyz2,paper,phen_b10,Y,bm,3,3,0.06,10000,343,0.0343,5.0
xyz2,paper,phen_b10,Y,bm,5,5,0.0625,10000,491,0.0491,25.5
xyz2,paper,phen_b10,Y,bm,3,3,0.0625,10000,368,0.0368,5.0
xyz2,paper,phen_b10,X,seq_hard,7,7,0.0425,10000,745,0.0745,29.9
xyz2,paper,phen_b10,X,seq_hard,7,7,0.04,10000,622,0.0622,30.4
xyz2,paper,phen_b10,Y,seq_hard,7,7,0.04,10000,549,0.0549,28.8
xyz2,paper,phen_b10,Y,seq_hard,7,7,0.0425,10000,779,0.0779,30.0
xyz2,paper,phen_b10,X,seq_hard,5,5,0.04,10000,511,0.0511,14.8
xyz2,paper,phen_b10,X,seq_hard,5,5,0.0425,10000,579,0.0579,14.3
xyz2,paper,phen_b10,Y,seq_hard,5,5,0.04,10000,456,0.0456,11.4
xyz2,paper,phen_b10,Y,seq_hard,5,5,0.0425,10000,599,0.0599,11.6
xyz2,paper,phen_b10,X,seq_hard,3,3,0.04,10000,381,0.0381,3.9
xyz2,paper,phen_b10,X,seq_hard,3,3,0.0425,10000,453,0.0453,3.9
xyz2,paper,phen_b10,Y,seq_hard,3,3,0.04,10000,421,0.0421,3.5
xyz2,paper,phen_b10,Y,seq_hard,3,3,0.0425,10000,460,0.046,3.8
xzzx,ours,phen_b10,X,bm,7,7,0.0625,10000,953,0.0953,34.7
xzzx,ours,phen_b10,X,bm,7,7,0.065,10000,1081,0.1081,35.6
xzzx,ours,phen_b10,X,bm,7,7,0.0675,10000,1173,0.1173,32.1
xzzx,ours,phen_b10,X,bm,7,7,0.07,10000,1300,0.13,33.3
xzzx,ours,phen_b10,X,bm,5,5,0.0625,10000,872,0.0872,11.1
xzzx,ours,phen_b10,X,bm,5,5,0.065,10000,990,0.099,10.9
xzzx,ours,phen_b10,X,bm,5,5,0.0675,10000,1058,0.1058,12.1
xzzx,ours,phen_b10,X,bm,3,3,0.0625,10000,915,0.0915,2.2
xzzx,ours,phen_b10,X,bm,5,5,0.07,10000,1129,0.1129,12.8
xzzx,ours,phen_b10,X,bm,3,3,0.065,10000,994,0.0994,2.5
xzzx,ours,phen_b10,X,bm,3,3,0.0675,10000,1082,0.1082,2.6
xzzx,ours,phen_b10,X,bm,3,3,0.07,10000,1063,0.1063,2.3
xzzx,ours,phen_b10,Z,bm,7,7,0.04,10000,149,0.0149,30.2
xzzx,ours,phen_b10,Z,bm,7,7,0.0425,10000,204,0.0204,30.8
xzzx,ours,phen_b10,Z,bm,5,5,0.04,10000,198,0.0198,10.2
xzzx,ours,phen_b10,Z,bm,5,5,0.0425,10000,210,0.021,9.8
xzzx,ours,phen_b10,Z,bm,3,3,0.04,10000,235,0.0235,2.0
xzzx,ours,phen_b10,Z,bm,3,3,0.0425,10000,234,0.0234,2.0
xzzx,ours,phen_b10,Z,mwpm,7,7,0.04,50000,820,0.0164,0.9
xzzx,ours,phen_b10,Z,mwpm,7,7,0.0425,50000,997,0.01994,1.1
xzzx,ours,phen_b10,Z,mwpm,5,5,0.04,50000,1020,0.0204,0.3
xzzx,ours,phen_b10,Z,mwpm,3,3,0.04,50000,1028,0.02056,0.0
xzzx,ours,phen_b10,Z,mwpm,3,3,0.0425,50000,1127,0.02254,0.0
xzzx,ours,phen_b10,Z,mwpm,5,5,0.0425,50000,1241,0.02482,0.4
xzzx,ours,phen_b10,X,mwpm,7,7,0.0675,50000,6345,0.1269,1.7
xzzx,ours,phen_b10,X,mwpm,7,7,0.07,50000,7220,0.1444,1.9
xzzx,ours,phen_b10,X,mwpm,5,5,0.0675,50000,5637,0.11274,0.5
xzzx,ours,phen_b10,X,mwpm,3,3,0.0675,50000,5105,0.1021,0.1
xzzx,ours,phen_b10,X,mwpm,3,3,0.07,50000,5416,0.10832,0.1
xzzx,ours,phen_b10,X,mwpm,5,5,0.07,50000,6161,0.12322,0.5
xzzx,ours,phen,Z,mwpm,7,7,0.0275,50000,1159,0.02318,0.7
xzzx,ours,phen,Z,mwpm,7,7,0.03,50000,1488,0.02976,0.8
xzzx,ours,phen,Z,mwpm,5,5,0.0275,50000,1503,0.03006,0.2
xzzx,ours,phen,Z,mwpm,3,3,0.0275,50000,1748,0.03496,0.0
xzzx,ours,phen,Z,mwpm,3,3,0.03,50000,1983,0.03966,0.0
xzzx,ours,phen,Z,mwpm,5,5,0.03,50000,1838,0.03676,0.2
xzzx,ours,phen,X,corr,7,7,0.035,20000,713,0.03565,0.9
xzzx,ours,phen,X,corr,7,7,0.0375,20000,928,0.0464,1.1
xzzx,ours,phen,X,corr,7,7,0.04,20000,1266,0.0633,1.1
xzzx,ours,phen,X,corr,7,7,0.0425,20000,1429,0.07145,1.3
xzzx,ours,phen,X,corr,7,7,0.045,20000,1849,0.09245,1.3
xzzx,ours,phen,X,corr,7,7,0.0475,20000,2194,0.1097,1.7
xzzx,ours,phen,Z,corr,7,7,0.035,20000,685,0.03425,0.9
xzzx,ours,phen,Z,corr,7,7,0.0375,20000,918,0.0459,1.0
xzzx,ours,phen,Z,corr,7,7,0.04,20000,1181,0.05905,1.0
xzzx,ours,phen,Z,corr,7,7,0.0425,20000,1439,0.07195,1.1
xzzx,ours,phen,Z,corr,7,7,0.045,20000,1835,0.09175,1.2
xzzx,ours,phen,X,corr,5,5,0.035,20000,869,0.04345,0.3
xzzx,ours,phen,X,corr,5,5,0.0375,20000,1122,0.0561,0.3
xzzx,ours,phen,X,corr,5,5,0.04,20000,1240,0.062,0.4
xzzx,ours,phen,Z,corr,7,7,0.0475,20000,2192,0.1096,1.3
xzzx,ours,phen,X,corr,5,5,0.0425,20000,1495,0.07475,0.4
xzzx,ours,phen,X,corr,5,5,0.045,20000,1740,0.087,0.4
xzzx,ours,phen,X,corr,5,5,0.0475,20000,1861,0.09305,0.4
xzzx,ours,phen,Z,corr,5,5,0.035,20000,877,0.04385,0.4
xzzx,ours,phen,Z,corr,5,5,0.0375,20000,1053,0.05265,0.3
xzzx,ours,phen,Z,corr,5,5,0.04,20000,1252,0.0626,0.4
xzzx,ours,phen,Z,corr,5,5,0.0425,20000,1459,0.07295,0.4
xzzx,ours,phen,Z,corr,5,5,0.045,20000,1711,0.08555,0.3
xzzx,ours,phen,X,corr,3,3,0.035,20000,995,0.04975,0.0
xzzx,ours,phen,X,corr,3,3,0.0375,20000,1084,0.0542,0.0
xzzx,ours,phen,X,corr,3,3,0.04,20000,1259,0.06295,0.0
xzzx,ours,phen,X,corr,3,3,0.0425,20000,1353,0.06765,0.0
xzzx,ours,phen,X,corr,3,3,0.045,20000,1509,0.07545,0.1
xzzx,ours,phen,X,corr,3,3,0.0475,20000,1728,0.0864,0.1
xzzx,ours,phen,Z,corr,5,5,0.0475,20000,2015,0.10075,0.4
xzzx,ours,phen,Z,corr,3,3,0.035,20000,957,0.04785,0.0
xzzx,ours,phen,Z,corr,3,3,0.0375,20000,1119,0.05595,0.0
xzzx,ours,phen,Z,corr,3,3,0.04,20000,1246,0.0623,0.0
xzzx,ours,phen,Z,corr,3,3,0.0425,20000,1349,0.06745,0.0
xzzx,ours,phen,Z,corr,3,3,0.045,20000,1457,0.07285,0.1
xzzx,ours,phen,Z,corr,3,3,0.0475,20000,1642,0.0821,0.1
xzzx,ours,phen_b10,X,corr,7,7,0.0475,20000,807,0.04035,0.9
xzzx,ours,phen_b10,X,corr,7,7,0.045,20000,661,0.03305,1.0
xzzx,ours,phen_b10,X,corr,7,7,0.05,20000,941,0.04705,1.0
xzzx,ours,phen_b10,X,corr,7,7,0.0525,20000,1121,0.05605,1.1
xzzx,ours,phen_b10,X,corr,7,7,0.055,20000,1290,0.0645,1.1
xzzx,ours,phen_b10,X,corr,7,7,0.0575,20000,1568,0.0784,1.1
xzzx,ours,phen_b10,X,corr,7,7,0.06,20000,1756,0.0878,1.2
xzzx,ours,phen_b10,X,corr,7,7,0.0625,20000,1971,0.09855,1.4
xzzx,ours,phen_b10,Z,corr,7,7,0.045,20000,507,0.02535,0.9
xzzx,ours,phen_b10,Z,corr,7,7,0.0475,20000,618,0.0309,1.0
xzzx,ours,phen_b10,Z,corr,7,7,0.05,20000,698,0.0349,1.1
xzzx,ours,phen_b10,Z,corr,7,7,0.0525,20000,879,0.04395,1.2
xzzx,ours,phen_b10,Z,corr,7,7,0.055,20000,1012,0.0506,1.5
xzzx,ours,phen_b10,Z,corr,7,7,0.0575,20000,1145,0.05725,1.5
xzzx,ours,phen_b10,Z,corr,7,7,0.06,20000,1351,0.06755,1.4
xzzx,ours,phen_b10,X,corr,5,5,0.045,20000,851,0.04255,0.3
xzzx,ours,phen_b10,Z,corr,7,7,0.0625,20000,1525,0.07625,1.4
xzzx,ours,phen_b10,X,corr,5,5,0.05,20000,1111,0.05555,0.3
xzzx,ours,phen_b10,X,corr,5,5,0.0475,20000,912,0.0456,0.4
xzzx,ours,phen_b10,X,corr,5,5,0.0525,20000,1259,0.06295,0.3
xzzx,ours,phen_b10,X,corr,5,5,0.055,20000,1406,0.0703,0.4
xzzx,ours,phen_b10,X,corr,5,5,0.0575,20000,1554,0.0777,0.3
xzzx,ours,phen_b10,X,corr,5,5,0.06,20000,1807,0.09035,0.4
xzzx,ours,phen_b10,X,corr,5,5,0.0625,20000,1901,0.09505,0.4
xzzx,ours,phen_b10,Z,corr,5,5,0.045,20000,522,0.0261,0.3
xzzx,ours,phen_b10,Z,corr,5,5,0.0475,20000,650,0.0325,0.3
xzzx,ours,phen_b10,Z,corr,5,5,0.05,20000,711,0.03555,0.3
xzzx,ours,phen_b10,Z,corr,5,5,0.0525,20000,790,0.0395,0.3
xzzx,ours,phen_b10,Z,corr,5,5,0.055,20000,976,0.0488,0.4
xzzx,ours,phen_b10,Z,corr,5,5,0.0575,20000,1068,0.0534,0.4
xzzx,ours,phen_b10,Z,corr,5,5,0.06,20000,1203,0.06015,0.4
xzzx,ours,phen_b10,X,corr,3,3,0.045,20000,1080,0.054,0.0
xzzx,ours,phen_b10,X,corr,3,3,0.0475,20000,1187,0.05935,0.0
xzzx,ours,phen_b10,X,corr,3,3,0.05,20000,1220,0.061,0.1
xzzx,ours,phen_b10,X,corr,3,3,0.0525,20000,1417,0.07085,0.1
xzzx,ours,phen_b10,X,corr,3,3,0.055,20000,1537,0.07685,0.1
xzzx,ours,phen_b10,X,corr,3,3,0.0575,20000,1598,0.0799,0.1
xzzx,ours,phen_b10,Z,corr,5,5,0.0625,20000,1314,0.0657,0.4
xzzx,ours,phen_b10,X,corr,3,3,0.06,20000,1734,0.0867,0.1
xzzx,ours,phen_b10,X,corr,3,3,0.0625,20000,1791,0.08955,0.1
xzzx,ours,phen_b10,Z,corr,3,3,0.045,20000,566,0.0283,0.1
xzzx,ours,phen_b10,Z,corr,3,3,0.0475,20000,581,0.02905,0.1
xzzx,ours,phen_b10,Z,corr,3,3,0.05,20000,719,0.03595,0.1
xzzx,ours,phen_b10,Z,corr,3,3,0.0525,20000,683,0.03415,0.1
xzzx,ours,phen_b10,Z,corr,3,3,0.055,20000,717,0.03585,0.1
xzzx,ours,phen_b10,Z,corr,3,3,0.0575,20000,797,0.03985,0.1
xzzx,ours,phen_b10,Z,corr,3,3,0.06,20000,905,0.04525,0.1
xzzx,ours,phen_b10,Z,corr,3,3,0.0625,20000,1005,0.05025,0.1
xyz2,ours,phen,X,corr_gauge,7,7,0.035,20000,519,0.02595,2.7
xyz2,ours,phen,X,corr_gauge,7,7,0.0325,20000,347,0.01735,2.7
xyz2,ours,phen,X,corr_gauge,7,7,0.04,20000,960,0.048,3.1
xyz2,ours,phen,X,corr_gauge,7,7,0.0375,20000,641,0.03205,3.4
xyz2,ours,phen,X,corr_gauge,7,7,0.0425,20000,1205,0.06025,3.2
xyz2,ours,phen,X,corr_gauge,7,7,0.045,20000,1592,0.0796,3.6
xyz2,ours,phen,Y,corr_gauge,7,7,0.0325,20000,404,0.0202,2.5
xyz2,ours,phen,Y,corr_gauge,7,7,0.035,20000,601,0.03005,2.7
xyz2,ours,phen,Y,corr_gauge,7,7,0.0375,20000,801,0.04005,2.9
xyz2,ours,phen,Y,corr_gauge,7,7,0.04,20000,1056,0.0528,2.8
xyz2,ours,phen,Y,corr_gauge,7,7,0.0425,20000,1439,0.07195,3.2
xyz2,ours,phen,X,corr_gauge,5,5,0.0325,20000,423,0.02115,0.7
xyz2,ours,phen,Y,corr_gauge,7,7,0.045,20000,1789,0.08945,3.4
xyz2,ours,phen,X,corr_gauge,5,5,0.035,20000,580,0.029,0.8
xyz2,ours,phen,X,corr_gauge,5,5,0.0375,20000,693,0.03465,0.8
xyz2,ours,phen,X,corr_gauge,5,5,0.04,20000,876,0.0438,0.9
xyz2,ours,phen,X,corr_gauge,5,5,0.0425,20000,1086,0.0543,1.0
xyz2,ours,phen,X,corr_gauge,5,5,0.045,20000,1278,0.0639,1.0
xyz2,ours,phen,Y,corr_gauge,5,5,0.0325,20000,582,0.0291,0.8
xyz2,ours,phen,Y,corr_gauge,5,5,0.035,20000,814,0.0407,0.8
xyz2,ours,phen,Y,corr_gauge,5,5,0.0375,20000,909,0.04545,0.8
xyz2,ours,phen,Y,corr_gauge,5,5,0.04,20000,1130,0.0565,0.9
xyz2,ours,phen,Y,corr_gauge,5,5,0.0425,20000,1325,0.06625,0.9
xyz2,ours,phen,X,corr_gauge,3,3,0.0325,20000,493,0.02465,0.1
xyz2,ours,phen,X,corr_gauge,3,3,0.035,20000,552,0.0276,0.1
xyz2,ours,phen,X,corr_gauge,3,3,0.0375,20000,606,0.0303,0.1
xyz2,ours,phen,X,corr_gauge,3,3,0.04,20000,737,0.03685,0.1
xyz2,ours,phen,X,corr_gauge,3,3,0.0425,20000,828,0.0414,0.2
xyz2,ours,phen,X,corr_gauge,3,3,0.045,20000,936,0.0468,0.2
xyz2,ours,phen,Y,corr_gauge,5,5,0.045,20000,1675,0.08375,1.0
xyz2,ours,phen,Y,corr_gauge,3,3,0.0325,20000,850,0.0425,0.1
xyz2,ours,phen,Y,corr_gauge,3,3,0.035,20000,1033,0.05165,0.1
xyz2,ours,phen,Y,corr_gauge,3,3,0.0375,20000,1185,0.05925,0.1
xyz2,ours,phen,Y,corr_gauge,3,3,0.04,20000,1326,0.0663,0.1
xyz2,ours,phen,Y,corr_gauge,3,3,0.0425,20000,1482,0.0741,0.2
xyz2,ours,phen,Y,corr_gauge,3,3,0.045,20000,1644,0.0822,0.2
xyz2,ours,phen_b10,X,corr_gauge,7,7,0.04,20000,582,0.0291,2.9
xyz2,ours,phen_b10,X,corr_gauge,7,7,0.0425,20000,877,0.04385,3.5
xyz2,ours,phen_b10,X,corr_gauge,7,7,0.045,20000,1166,0.0583,3.4
xyz2,ours,phen_b10,X,corr_gauge,7,7,0.0475,20000,1493,0.07465,3.9
xyz2,ours,phen_b10,X,corr_gauge,7,7,0.05,20000,1918,0.0959,4.1
xyz2,ours,phen_b10,X,corr_gauge,7,7,0.0525,20000,2424,0.1212,4.3
xyz2,ours,phen_b10,Y,corr_gauge,7,7,0.04,20000,555,0.02775,3.1
xyz2,ours,phen_b10,X,corr_gauge,7,7,0.055,20000,2991,0.14955,4.5
xyz2,ours,phen_b10,Y,corr_gauge,7,7,0.0425,20000,754,0.0377,3.3
xyz2,ours,phen_b10,Y,corr_gauge,7,7,0.045,20000,1137,0.05685,3.5
xyz2,ours,phen_b10,Y,corr_gauge,7,7,0.0475,20000,1431,0.07155,3.7
xyz2,ours,phen_b10,Y,corr_gauge,7,7,0.05,20000,1854,0.0927,4.1
xyz2,ours,phen_b10,Y,corr_gauge,7,7,0.0525,20000,2341,0.11705,4.6
xyz2,ours,phen_b10,Y,corr_gauge,7,7,0.055,20000,2850,0.1425,4.7
xyz2,ours,phen_b10,X,corr_gauge,5,5,0.04,20000,619,0.03095,0.9
xyz2,ours,phen_b10,X,corr_gauge,5,5,0.0425,20000,867,0.04335,1.1
xyz2,ours,phen_b10,X,corr_gauge,5,5,0.045,20000,1049,0.05245,1.1
xyz2,ours,phen_b10,X,corr_gauge,5,5,0.0475,20000,1338,0.0669,1.3
xyz2,ours,phen_b10,X,corr_gauge,5,5,0.05,20000,1602,0.0801,1.3
xyz2,ours,phen_b10,X,corr_gauge,5,5,0.0525,20000,1823,0.09115,1.3
xyz2,ours,phen_b10,X,corr_gauge,5,5,0.055,20000,2186,0.1093,1.5
xyz2,ours,phen_b10,Y,corr_gauge,5,5,0.04,20000,701,0.03505,1.3
xyz2,ours,phen_b10,Y,corr_gauge,5,5,0.0425,20000,894,0.0447,1.2
xyz2,ours,phen_b10,Y,corr_gauge,5,5,0.045,20000,1105,0.05525,1.2
xyz2,ours,phen_b10,Y,corr_gauge,5,5,0.0475,20000,1310,0.0655,1.2
xyz2,ours,phen_b10,Y,corr_gauge,5,5,0.05,20000,1597,0.07985,1.3
xyz2,ours,phen_b10,Y,corr_gauge,5,5,0.0525,20000,1935,0.09675,1.2
xyz2,ours,phen_b10,X,corr_gauge,3,3,0.04,20000,731,0.03655,0.2
xyz2,ours,phen_b10,X,corr_gauge,3,3,0.0425,20000,871,0.04355,0.2
xyz2,ours,phen_b10,X,corr_gauge,3,3,0.045,20000,1042,0.0521,0.2
xyz2,ours,phen_b10,X,corr_gauge,3,3,0.0475,20000,1143,0.05715,0.2
xyz2,ours,phen_b10,X,corr_gauge,3,3,0.05,20000,1294,0.0647,0.2
xyz2,ours,phen_b10,Y,corr_gauge,5,5,0.055,20000,2301,0.11505,1.5
xyz2,ours,phen_b10,X,corr_gauge,3,3,0.0525,20000,1417,0.07085,0.2
xyz2,ours,phen_b10,X,corr_gauge,3,3,0.055,20000,1587,0.07935,0.2
xyz2,ours,phen_b10,Y,corr_gauge,3,3,0.04,20000,970,0.0485,0.2
xyz2,ours,phen_b10,Y,corr_gauge,3,3,0.0425,20000,1114,0.0557,0.2
xyz2,ours,phen_b10,Y,corr_gauge,3,3,0.045,20000,1275,0.06375,0.2
xyz2,ours,phen_b10,Y,corr_gauge,3,3,0.0475,20000,1420,0.071,0.2
xyz2,ours,phen_b10,Y,corr_gauge,3,3,0.05,20000,1603,0.08015,0.2
xyz2,ours,phen_b10,Y,corr_gauge,3,3,0.0525,20000,1708,0.0854,0.2
xyz2,ours,phen_b10,Y,corr_gauge,3,3,0.055,20000,1901,0.09505,0.2
xyz2,paper,phen,X,mwpm,7,7,0.0275,50000,826,0.01652,1.8
xyz2,paper,phen,X,mwpm,7,7,0.03,50000,1372,0.02744,1.8
xyz2,paper,phen,X,mwpm,7,7,0.0325,50000,1798,0.03596,1.9
xyz2,paper,phen,X,mwpm,7,7,0.035,50000,2432,0.04864,2.1
xyz2,paper,phen,X,mwpm,7,7,0.0375,50000,3303,0.06606,2.2
xyz2,paper,phen,X,mwpm,7,7,0.04,50000,4215,0.0843,2.3
xyz2,paper,phen,Y,mwpm,7,7,0.0275,50000,1131,0.02262,1.8
xyz2,paper,phen,Y,mwpm,7,7,0.03,50000,1683,0.03366,2.0
xyz2,paper,phen,Y,mwpm,7,7,0.0325,50000,2380,0.0476,2.2
xyz2,paper,phen,Y,mwpm,7,7,0.035,50000,3253,0.06506,2.3
xyz2,paper,phen,Y,mwpm,7,7,0.0375,50000,4183,0.08366,2.1
xyz2,paper,phen,X,mwpm,5,5,0.0275,50000,954,0.01908,0.5
xyz2,paper,phen,Y,mwpm,7,7,0.04,50000,5108,0.10216,2.3
xyz2,paper,phen,X,mwpm,5,5,0.03,50000,1261,0.02522,0.6
xyz2,paper,phen,X,mwpm,5,5,0.0325,50000,1655,0.0331,0.6
xyz2,paper,phen,X,mwpm,5,5,0.035,50000,2083,0.04166,0.6
xyz2,paper,phen,X,mwpm,5,5,0.0375,50000,2601,0.05202,0.7
xyz2,paper,phen,X,mwpm,5,5,0.04,50000,3244,0.06488,0.8
xyz2,paper,phen,Y,mwpm,5,5,0.0275,50000,1494,0.02988,0.6
xyz2,paper,phen,Y,mwpm,5,5,0.03,50000,1964,0.03928,0.6
xyz2,paper,phen,Y,mwpm,5,5,0.0325,50000,2448,0.04896,0.6
xyz2,paper,phen,Y,mwpm,5,5,0.035,50000,3033,0.06066,0.7
xyz2,paper,phen,Y,mwpm,5,5,0.0375,50000,3769,0.07538,0.7
xyz2,paper,phen,X,mwpm,3,3,0.0275,50000,994,0.01988,0.1
xyz2,paper,phen,X,mwpm,3,3,0.03,50000,1140,0.0228,0.1
xyz2,paper,phen,X,mwpm,3,3,0.0325,50000,1418,0.02836,0.1
xyz2,paper,phen,X,mwpm,3,3,0.035,50000,1721,0.03442,0.1
xyz2,paper,phen,Y,mwpm,5,5,0.04,50000,4495,0.0899,0.7
xyz2,paper,phen,X,mwpm,3,3,0.0375,50000,1798,0.03596,0.1
xyz2,paper,phen,X,mwpm,3,3,0.04,50000,2123,0.04246,0.1
xyz2,paper,phen,Y,mwpm,3,3,0.0275,50000,2056,0.04112,0.1
xyz2,paper,phen,Y,mwpm,3,3,0.03,50000,2441,0.04882,0.1
xyz2,paper,phen,Y,mwpm,3,3,0.035,50000,3130,0.0626,0.1
xyz2,paper,phen,Y,mwpm,3,3,0.0325,50000,2720,0.0544,0.2
xyz2,paper,phen,Y,mwpm,3,3,0.0375,50000,3664,0.07328,0.1
xyz2,paper,phen,Y,mwpm,3,3,0.04,50000,4029,0.08058,0.1
