g1_x,g1_y,g1_z,IX,IY,IZ,XI,XX,XY,XZ,YI,YX,YY,YZ,ZI,ZX,ZY,ZZ,round,operator,mean,std
0.0036307805477,0.0036307805477,0.0036307805477,0.0036307805477,0.0036307805477,0.0036307805477,0.0036307805477,0.0036307805477,0.0036307805477,0.0036307805477,0.0036307805477,0.0036307805477,0.0036307805477,0.0036307805477,0.0036307805477,0.0036307805477,0.0036307805477,0.0036307805477,1,Logical X,0.900111111111,0.00722295899572
0.0036307805477,0.0036307805477,0.0036307805477,0.0036307805477,0.0036307805477,0.0036307805477,0.0036307805477,0.0036307805477,0.0036307805477,0.0036307805477,0.0036307805477,0.0036307805477,0.0036307805477,0.0036307805477,0.0036307805477,0.0036307805477,0.0036307805477,0.0036307805477,1,Logical Y,0.0158222222222,0.0128831272629
0.0036307805477,0.0036307805477,0.0036307805477,0.0036307805477,0.0036307805477,0.0036307805477,0.0036307805477,0.0036307805477,0.0036307805477,0.0036307805477,0.0036307805477,0.0036307805477,0.0036307805477,0.0036307805477,0.0036307805477,0.0036307805477,0.0036307805477,0.0036307805477,1,Logical Z,0.0127333333333,0.0112802679243
0.0036307805477,0.0036307805477,0.0036307805477,0.0036307805477,0.0036307805477,0.0036307805477,0.0036307805477,0.0036307805477,0.0036307805477,0.0036307805477,0.0036307805477,0.0036307805477,0.0036307805477,0.0036307805477,0.0036307805477,0.0036307805477,0.0036307805477,0.0036307805477,1,X0 X1,0.939222222222,0.00599638034709
0.0036307805477,0.0036307805477,0.0036307805477,0.0036307805477,0.0036307805477,0.0036307805477,0.0036307805477,0.0036307805477,0.0036307805477,0.0036307805477,0.0036307805477,0.0036307805477,0.0036307805477,0.0036307805477,0.0036307805477,0.0036307805477,0.0036307805477,0.0036307805477,1,X1 Z2 Y3 Y4 Z5 X7,0.779933333333,0.0127268383267
0.0036307805477,0.0036307805477,0.0036307805477,0.0036307805477,0.0036307805477,0.0036307805477,0.0036307805477,0.0036307805477,0.0036307805477,0.0036307805477,0.0036307805477,0.0036307805477,0.0036307805477,0.0036307805477,0.0036307805477,0.0036307805477,0.0036307805477,0.0036307805477,1,X10 Z13 Y14 Y17 Z18 X22,0.807088888889,0.0107060813933
0.0036307805477,0.0036307805477,0.0036307805477,0.0036307805477,0.0036307805477,0.0036307805477,0.0036307805477,0.0036307805477,0.0036307805477,0.0036307805477,0.0036307805477,0.0036307805477,0.0036307805477,0.0036307805477,0.0036307805477,0.0036307805477,0.0036307805477,0.0036307805477,1,X11 Z14 Y15 Y18 Z19 X23,0.794466666667,0.0120104041743
0.0036307805477,0.0036307805477,0.0036307805477,0.0036307805477,0.0036307805477,0.0036307805477,0.0036307805477,0.0036307805477,0.0036307805477,0.0036307805477,0.0036307805477,0.0036307805477,0.0036307805477,0.0036307805477,0.0036307805477,0.0036307805477,0.0036307805477,0.0036307805477,1,X12 X16,0.923222222222,0.00690179238941
0.0036307805477,0.0036307805477,0.0036307805477,0.0036307805477,0.0036307805477,0.0036307805477,0.0036307805477,0.0036307805477,0.0036307805477,0.0036307805477,0.0036307805477,0.0036307805477,0.0036307805477,0.0036307805477,0.0036307805477,0.0036307805477,0.0036307805477,0.0036307805477,1,X13 X17,0.9112,0.00806563116751
0.0036307805477,0.0036307805477,0.0036307805477,0.0036307805477,0.0036307805477,0.0036307805477,0.0036307805477,0.0036307805477,0.0036307805477,0.0036307805477,0.0036307805477,0.0036307805477,0.0036307805477,0.0036307805477,0.0036307805477,0.0036307805477,0.0036307805477,0.0036307805477,1,X14 X18,0.897644444444,0.00574485165709
0.0036307805477,0.0036307805477,0.0036307805477,0.0036307805477,0.0036307805477,0.0036307805477,0.0036307805477,0.0036307805477,0.0036307805477,0.0036307805477,0.0036307805477,0.0036307805477,0.0036307805477,0.0036307805477,0.0036307805477,0.0036307805477,0.0036307805477,0.0036307805477,1,X15 X19,0.917711111111,0.00557136448019
0.0036307805477,0.0036307805477,0.0036307805477,0.0036307805477,0.0036307805477,0.0036307805477,0.0036307805477,0.0036307805477,0.0036307805477,0.0036307805477,0.0036307805477,0.0036307805477,0.0036307805477,0.0036307805477,0.0036307805477,0.0036307805477,0.0036307805477,0.0036307805477,1,X16 Z20 Y21 Y25 Z26 X30,0.839888888889,0.00913933577964
0.0036307805477,0.0036307805477,0.0036307805477,0.0036307805477,0.0036307805477,0.0036307805477,0.0036307805477,0.0036307805477,0.0036307805477,0.0036307805477,0.0036307805477,0.0036307805477,0.0036307805477,0.0036307805477,0.0036307805477,0.0036307805477,0.0036307805477,0.0036307805477,1,X17 Z21 Y22 Y26 Z27 X31,0.844911111111,0.0109088643113
0.0036307805477,0.0036307805477,0.0036307805477,0.0036307805477,0.0036307805477,0.0036307805477,0.0036307805477,0.0036307805477,0.0036307805477,0.0036307805477,0.0036307805477,0.0036307805477,0.0036307805477,0.0036307805477,0.0036307805477,0.0036307805477,0.0036307805477,0.0036307805477,1,X18 Z22 Y23 Y27 Z28 X32,0.828622222222,0.0106435573423
0.0036307805477,0.0036307805477,0.0036307805477,0.0036307805477,0.0036307805477,0.0036307805477,0.0036307805477,0.0036307805477,0.0036307805477,0.0036307805477,0.0036307805477,0.0036307805477,0.0036307805477,0.0036307805477,0.0036307805477,0.0036307805477,0.0036307805477,0.0036307805477,1,X19 Z23 Y24 Y28 Z29 X33,0.795111111111,0.0135706843534
0.0036307805477,0.0036307805477,0.0036307805477,0.0036307805477,0.0036307805477,0.0036307805477,0.0036307805477,0.0036307805477,0.0036307805477,0.0036307805477,0.0036307805477,0.0036307805477,0.0036307805477,0.0036307805477,0.0036307805477,0.0036307805477,0.0036307805477,0.0036307805477,1,X2 X4,0.876844444444,0.0111113256684
0.0036307805477,0.0036307805477,0.0036307805477,0.0036307805477,0.0036307805477,0.0036307805477,0.0036307805477,0.0036307805477,0.0036307805477,0.0036307805477,0.0036307805477,0.0036307805477,0.0036307805477,0.0036307805477,0.0036307805477,0.0036307805477,0.0036307805477,0.0036307805477,1,X20 X25,0.908488888889,0.00773692610426
0.0036307805477,0.0036307805477,0.0036307805477,0.0036307805477,0.0036307805477,0.0036307805477,0.0036307805477,0.0036307805477,0.0036307805477,0.0036307805477,0.0036307805477,0.0036307805477,0.0036307805477,0.0036307805477,0.0036307805477,0.0036307805477,0.0036307805477,0.0036307805477,1,X21 X26,0.913355555556,0.00924503940025
0.0036307805477,0.0036307805477,0.0036307805477,0.0036307805477,0.0036307805477,0.0036307805477,0.0036307805477,0.0036307805477,0.0036307805477,0.0036307805477,0.0036307805477,0.0036307805477,0.0036307805477,0.0036307805477,0.0036307805477,0.0036307805477,0.0036307805477,0.0036307805477,1,X22 X27,0.922288888889,0.00603103933866
0.0036307805477,0.0036307805477,0.0036307805477,0.0036307805477,0.0036307805477,0.0036307805477,0.0036307805477,0.0036307805477,0.0036307805477,0.0036307805477,0.0036307805477,0.0036307805477,0.0036307805477,0.0036307805477,0.0036307805477,0.0036307805477,0.0036307805477,0.0036307805477,1,X23 X28,0.912511111111,0.00597230731473
0.0036307805477,0.0036307805477,0.0036307805477,0.0036307805477,0.0036307805477,0.0036307805477,0.0036307805477,0.0036307805477,0.0036307805477,0.0036307805477,0.0036307805477,0.0036307805477,0.0036307805477,0.0036307805477,0.0036307805477,0.0036307805477,0.0036307805477,0.0036307805477,1,X24 X29,0.909133333333,0.00916958156372
0.0036307805477,0.0036307805477,0.0036307805477,0.0036307805477,0.0036307805477,0.0036307805477,0.0036307805477,0.0036307805477,0.0036307805477,0.0036307805477,0.0036307805477,0.0036307805477,0.0036307805477,0.0036307805477,0.0036307805477,0.0036307805477,0.0036307805477,0.0036307805477,1,X25 Y30 Z34,0.952755555556,0.00531817769998
0.0036307805477,0.0036307805477,0.0036307805477,0.0036307805477,0.0036307805477,0.0036307805477,0.0036307805477,0.0036307805477,0.0036307805477,0.0036307805477,0.0036307805477,0.0036307805477,0.0036307805477,0.0036307805477,0.0036307805477,0.0036307805477,0.0036307805477,0.0036307805477,1,X26 Z30 Y31 Y34 Z35 X38,0.899311111111,0.00765237715468
0.0036307805477,0.0036307805477,0.0036307805477,0.0036307805477,0.0036307805477,0.0036307805477,0.0036307805477,0.0036307805477,0.0036307805477,0.0036307805477,0.0036307805477,0.0036307805477,0.0036307805477,0.0036307805477,0.0036307805477,0.0036307805477,0.0036307805477,0.0036307805477,1,X27 Z31 Y32 Y35 Z36 X39,0.863355555556,0.0107389552398
0.0036307805477,0.0036307805477,0.0036307805477,0.0036307805477,0.0036307805477,0.0036307805477,0.0036307805477,0.0036307805477,0.0036307805477,0.0036307805477,0.0036307805477,0.0036307805477,0.0036307805477,0.0036307805477,0.0036307805477,0.0036307805477,0.0036307805477,0.0036307805477,1,X28 Z32 Y33 Y36 Z37 X40,0.857733333333,0.010930080817
0.0036307805477,0.0036307805477,0.0036307805477,0.0036307805477,0.0036307805477,0.0036307805477,0.0036307805477,0.0036307805477,0.0036307805477,0.0036307805477,0.0036307805477,0.0036307805477,0.0036307805477,0.0036307805477,0.0036307805477,0.0036307805477,0.0036307805477,0.0036307805477,1,X3 X5,0.918511111111,0.00789137622004
0.0036307805477,0.0036307805477,0.0036307805477,0.0036307805477,0.0036307805477,0.0036307805477,0.0036307805477,0.0036307805477,0.0036307805477,0.0036307805477,0.0036307805477,0.0036307805477,0.0036307805477,0.0036307805477,0.0036307805477,0.0036307805477,0.0036307805477,0.0036307805477,1,X30 X34,0.955044444444,0.00440718095086
0.0036307805477,0.0036307805477,0.0036307805477,0.0036307805477,0.0036307805477,0.0036307805477,0.0036307805477,0.0036307805477,0.0036307805477,0.0036307805477,0.0036307805477,0.0036307805477,0.0036307805477,0.0036307805477,0.0036307805477,0.0036307805477,0.0036307805477,0.0036307805477,1,X31 X35,0.927066666667,0.00688070209373
0.0036307805477,0.0036307805477,0.0036307805477,0.0036307805477,0.0036307805477,0.0036307805477,0.0036307805477,0.0036307805477,0.0036307805477,0.0036307805477,0.0036307805477,0.0036307805477,0.0036307805477,0.0036307805477,0.0036307805477,0.0036307805477,0.0036307805477,0.0036307805477,1,X32 X36,0.925444444444,0.00700538016194
0.0036307805477,0.0036307805477,0.0036307805477,0.0036307805477,0.0036307805477,0.0036307805477,0.0036307805477,0.0036307805477,0.0036307805477,0.0036307805477,0.0036307805477,0.0036307805477,0.0036307805477,0.0036307805477,0.0036307805477,0.0036307805477,0.0036307805477,0.0036307805477,1,X33 X37,0.930933333333,0.00740632431418
0.0036307805477,0.0036307805477,0.0036307805477,0.0036307805477,0.0036307805477,0.0036307805477,0.0036307805477,0.0036307805477,0.0036307805477,0.0036307805477,0.0036307805477,0.0036307805477,0.0036307805477,0.0036307805477,0.0036307805477,0.0036307805477,0.0036307805477,0.0036307805477,1,X35 Z38 Y39 Y41 Z42 X44,0.8994,0.00689349740795
0.0036307805477,0.0036307805477,0.0036307805477,0.0036307805477,0.0036307805477,0.0036307805477,0.0036307805477,0.0036307805477,0.0036307805477,0.0036307805477,0.0036307805477,0.0036307805477,0.0036307805477,0.0036307805477,0.0036307805477,0.0036307805477,0.0036307805477,0.0036307805477,1,X36 Z39 Y40 Y42 Z43 X45,0.8606,0.0101624355243
0.0036307805477,0.0036307805477,0.0036307805477,0.0036307805477,0.0036307805477,0.0036307805477,0.0036307805477,0.0036307805477,0.0036307805477,0.0036307805477,0.0036307805477,0.0036307805477,0.0036307805477,0.0036307805477,0.0036307805477,0.0036307805477,0.0036307805477,0.0036307805477,1,X37 Z40 Y43,0.959533333333,0.006365977576
0.0036307805477,0.0036307805477,0.0036307805477,0.0036307805477,0.0036307805477,0.0036307805477,0.0036307805477,0.0036307805477,0.0036307805477,0.0036307805477,0.0036307805477,0.0036307805477,0.0036307805477,0.0036307805477,0.0036307805477,0.0036307805477,0.0036307805477,0.0036307805477,1,X38 X41,0.949311111111,0.00559825734608
0.0036307805477,0.0036307805477,0.0036307805477,0.0036307805477,0.0036307805477,0.0036307805477,0.0036307805477,0.0036307805477,0.0036307805477,0.0036307805477,0.0036307805477,0.0036307805477,0.0036307805477,0.0036307805477,0.0036307805477,0.0036307805477,0.0036307805477,0.0036307805477,1,X39 X42,0.924733333333,0.00642397329931
0.0036307805477,0.0036307805477,0.0036307805477,0.0036307805477,0.0036307805477,0.0036307805477,0.0036307805477,0.0036307805477,0.0036307805477,0.0036307805477,0.0036307805477,0.0036307805477,0.0036307805477,0.0036307805477,0.0036307805477,0.0036307805477,0.0036307805477,0.0036307805477,1,X4 Z6 Y7 Y9 Z10 X13,0.818288888889,0.0104087839906
0.0036307805477,0.0036307805477,0.0036307805477,0.0036307805477,0.0036307805477,0.0036307805477,0.0036307805477,0.0036307805477,0.0036307805477,0.0036307805477,0.0036307805477,0.0036307805477,0.0036307805477,0.0036307805477,0.0036307805477,0.0036307805477,0.0036307805477,0.0036307805477,1,X40 X43,0.946488888889,0.00484213098122
0.0036307805477,0.0036307805477,0.0036307805477,0.0036307805477,0.0036307805477,0.0036307805477,0.0036307805477,0.0036307805477,0.0036307805477,0.0036307805477,0.0036307805477,0.0036307805477,0.0036307805477,0.0036307805477,0.0036307805477,0.0036307805477,0.0036307805477,0.0036307805477,1,X41 Y44 Z46,0.964533333333,0.00510247479584
0.0036307805477,0.0036307805477,0.0036307805477,0.0036307805477,0.0036307805477,0.0036307805477,0.0036307805477,0.0036307805477,0.0036307805477,0.0036307805477,0.0036307805477,0.0036307805477,0.0036307805477,0.0036307805477,0.0036307805477,0.0036307805477,0.0036307805477,0.0036307805477,1,X42 Z44 Y45 Y46 Z47 X48,0.890422222222,0.00799709398049
0.0036307805477,0.0036307805477,0.0036307805477,0.0036307805477,0.0036307805477,0.0036307805477,0.0036307805477,0.0036307805477,0.0036307805477,0.0036307805477,0.0036307805477,0.0036307805477,0.0036307805477,0.0036307805477,0.0036307805477,0.0036307805477,0.0036307805477,0.0036307805477,1,X44 X46,0.950777777778,0.00471756588101
0.0036307805477,0.0036307805477,0.0036307805477,0.0036307805477,0.0036307805477,0.0036307805477,0.0036307805477,0.0036307805477,0.0036307805477,0.0036307805477,0.0036307805477,0.0036307805477,0.0036307805477,0.0036307805477,0.0036307805477,0.0036307805477,0.0036307805477,0.0036307805477,1,X45 X47,0.930488888889,0.00735718864625
0.0036307805477,0.0036307805477,0.0036307805477,0.0036307805477,0.0036307805477,0.0036307805477,0.0036307805477,0.0036307805477,0.0036307805477,0.0036307805477,0.0036307805477,0.0036307805477,0.0036307805477,0.0036307805477,0.0036307805477,0.0036307805477,0.0036307805477,0.0036307805477,1,X47 Z48 Y49,0.969022222222,0.00407866454492
0.0036307805477,0.0036307805477,0.0036307805477,0.0036307805477,0.0036307805477,0.0036307805477,0.0036307805477,0.0036307805477,0.0036307805477,0.0036307805477,0.0036307805477,0.0036307805477,0.0036307805477,0.0036307805477,0.0036307805477,0.0036307805477,0.0036307805477,0.0036307805477,1,X48 X49,0.960488888889,0.00475912781646
0.0036307805477,0.0036307805477,0.0036307805477,0.0036307805477,0.0036307805477,0.0036307805477,0.0036307805477,0.0036307805477,0.0036307805477,0.0036307805477,0.0036307805477,0.0036307805477,0.0036307805477,0.0036307805477,0.0036307805477,0.0036307805477,0.0036307805477,0.0036307805477,1,X5 Z7 Y8 Y10 Z11 X14,0.778422222222,0.0129395687461
0.0036307805477,0.0036307805477,0.0036307805477,0.0036307805477,0.0036307805477,0.0036307805477,0.0036307805477,0.0036307805477,0.0036307805477,0.0036307805477,0.0036307805477,0.0036307805477,0.0036307805477,0.0036307805477,0.0036307805477,0.0036307805477,0.0036307805477,0.0036307805477,1,X6 X9,0.942444444444,0.00623752906509
0.0036307805477,0.0036307805477,0.0036307805477,0.0036307805477,0.0036307805477,0.0036307805477,0.0036307805477,0.0036307805477,0.0036307805477,0.0036307805477,0.0036307805477,0.0036307805477,0.0036307805477,0.0036307805477,0.0036307805477,0.0036307805477,0.0036307805477,0.0036307805477,1,X7 X10,0.904844444444,0.00835593868853
0.0036307805477,0.0036307805477,0.0036307805477,0.0036307805477,0.0036307805477,0.0036307805477,0.0036307805477,0.0036307805477,0.0036307805477,0.0036307805477,0.0036307805477,0.0036307805477,0.0036307805477,0.0036307805477,0.0036307805477,0.0036307805477,0.0036307805477,0.0036307805477,1,X8 X11,0.899733333333,0.00908976098637
0.0036307805477,0.0036307805477,0.0036307805477,0.0036307805477,0.0036307805477,0.0036307805477,0.0036307805477,0.0036307805477,0.0036307805477,0.0036307805477,0.0036307805477,0.0036307805477,0.0036307805477,0.0036307805477,0.0036307805477,0.0036307805477,0.0036307805477,0.0036307805477,1,X9 Z12 Y13 Y16 Z17 X21,0.838066666667,0.0130255863739
0.0036307805477,0.0036307805477,0.0036307805477,0.0036307805477,0.0036307805477,0.0036307805477,0.0036307805477,0.0036307805477,0.0036307805477,0.0036307805477,0.0036307805477,0.0036307805477,0.0036307805477,0.0036307805477,0.0036307805477,0.0036307805477,0.0036307805477,0.0036307805477,1,Y0 Z1 X2,0.895111111111,0.00812608181225
0.0036307805477,0.0036307805477,0.0036307805477,0.0036307805477,0.0036307805477,0.0036307805477,0.0036307805477,0.0036307805477,0.0036307805477,0.0036307805477,0.0036307805477,0.0036307805477,0.0036307805477,0.0036307805477,0.0036307805477,0.0036307805477,0.0036307805477,0.0036307805477,1,Y6 Z9 X12,0.938733333333,0.00604795649602
0.0036307805477,0.0036307805477,0.0036307805477,0.0036307805477,0.0036307805477,0.0036307805477,0.0036307805477,0.0036307805477,0.0036307805477,0.0036307805477,0.0036307805477,0.0036307805477,0.0036307805477,0.0036307805477,0.0036307805477,0.0036307805477,0.0036307805477,0.0036307805477,1,Z15 Y19 X24,0.902333333333,0.00735680673689
0.0036307805477,0.0036307805477,0.0036307805477,0.0036307805477,0.0036307805477,0.0036307805477,0.0036307805477,0.0036307805477,0.0036307805477,0.0036307805477,0.0036307805477,0.0036307805477,0.0036307805477,0.0036307805477,0.0036307805477,0.0036307805477,0.0036307805477,0.0036307805477,1,Z3 Y5 X8,0.905577777778,0.00673410336631
0.0036307805477,0.0036307805477,0.0036307805477,0.0036307805477,0.0036307805477,0.0036307805477,0.0036307805477,0.0036307805477,0.0036307805477,0.0036307805477,0.0036307805477,0.0036307805477,0.0036307805477,0.0036307805477,0.0036307805477,0.0036307805477,0.0036307805477,0.0036307805477,5,Logical X,0.897244444444,0.00864937857194
0.0036307805477,0.0036307805477,0.0036307805477,0.0036307805477,0.0036307805477,0.0036307805477,0.0036307805477,0.0036307805477,0.0036307805477,0.0036307805477,0.0036307805477,0.0036307805477,0.0036307805477,0.0036307805477,0.0036307805477,0.0036307805477,0.0036307805477,0.0036307805477,5,Logical Y,0.0143111111111,0.0121304952262
0.0036307805477,0.0036307805477,0.0036307805477,0.0036307805477,0.0036307805477,0.0036307805477,0.0036307805477,0.0036307805477,0.0036307805477,0.0036307805477,0.0036307805477,0.0036307805477,0.0036307805477,0.0036307805477,0.0036307805477,0.0036307805477,0.0036307805477,0.0036307805477,5,Logical Z,0.0140666666667,0.0123155821307
0.0036307805477,0.0036307805477,0.0036307805477,0.0036307805477,0.0036307805477,0.0036307805477,0.0036307805477,0.0036307805477,0.0036307805477,0.0036307805477,0.0036307805477,0.0036307805477,0.0036307805477,0.0036307805477,0.0036307805477,0.0036307805477,0.0036307805477,0.0036307805477,5,X0 X1,0.938711111111,0.00823585904456
0.0036307805477,0.0036307805477,0.0036307805477,0.0036307805477,0.0036307805477,0.0036307805477,0.0036307805477,0.0036307805477,0.0036307805477,0.0036307805477,0.0036307805477,0.0036307805477,0.0036307805477,0.0036307805477,0.0036307805477,0.0036307805477,0.0036307805477,0.0036307805477,5,X1 Z2 Y3 Y4 Z5 X7,0.783155555556,0.0102653430007
0.0036307805477,0.0036307805477,0.0036307805477,0.0036307805477,0.0036307805477,0.0036307805477,0.0036307805477,0.0036307805477,0.0036307805477,0.0036307805477,0.0036307805477,0.0036307805477,0.0036307805477,0.0036307805477,0.0036307805477,0.0036307805477,0.0036307805477,0.0036307805477,5,X10 Z13 Y14 Y17 Z18 X22,0.806111111111,0.00998555789823
0.0036307805477,0.0036307805477,0.0036307805477,0.0036307805477,0.0036307805477,0.0036307805477,0.0036307805477,0.0036307805477,0.0036307805477,0.0036307805477,0.0036307805477,0.0036307805477,0.0036307805477,0.0036307805477,0.0036307805477,0.0036307805477,0.0036307805477,0.0036307805477,5,X11 Z14 Y15 Y18 Z19 X23,0.794377777778,0.0130600538431
0.0036307805477,0.0036307805477,0.0036307805477,0.0036307805477,0.0036307805477,0.0036307805477,0.0036307805477,0.0036307805477,0.0036307805477,0.0036307805477,0.0036307805477,0.0036307805477,0.0036307805477,0.0036307805477,0.0036307805477,0.0036307805477,0.0036307805477,0.0036307805477,5,X12 X16,0.923577777778,0.00687821444649
0.0036307805477,0.0036307805477,0.0036307805477,0.0036307805477,0.0036307805477,0.0036307805477,0.0036307805477,0.0036307805477,0.0036307805477,0.0036307805477,0.0036307805477,0.0036307805477,0.0036307805477,0.0036307805477,0.0036307805477,0.0036307805477,0.0036307805477,0.0036307805477,5,X13 X17,0.912022222222,0.0053375940835
0.0036307805477,0.0036307805477,0.0036307805477,0.0036307805477,0.0036307805477,0.0036307805477,0.0036307805477,0.0036307805477,0.0036307805477,0.0036307805477,0.0036307805477,0.0036307805477,0.0036307805477,0.0036307805477,0.0036307805477,0.0036307805477,0.0036307805477,0.0036307805477,5,X14 X18,0.900377777778,0.00919883939595
0.0036307805477,0.0036307805477,0.0036307805477,0.0036307805477,0.0036307805477,0.0036307805477,0.0036307805477,0.0036307805477,0.0036307805477,0.0036307805477,0.0036307805477,0.0036307805477,0.0036307805477,0.0036307805477,0.0036307805477,0.0036307805477,0.0036307805477,0.0036307805477,5,X15 X19,0.919044444444,0.00693634623602
0.0036307805477,0.0036307805477,0.0036307805477,0.0036307805477,0.0036307805477,0.0036307805477,0.0036307805477,0.0036307805477,0.0036307805477,0.0036307805477,0.0036307805477,0.0036307805477,0.0036307805477,0.0036307805477,0.0036307805477,0.0036307805477,0.0036307805477,0.0036307805477,5,X16 Z20 Y21 Y25 Z26 X30,0.845177777778,0.00841032631716
0.0036307805477,0.0036307805477,0.0036307805477,0.0036307805477,0.0036307805477,0.0036307805477,0.0036307805477,0.0036307805477,0.0036307805477,0.0036307805477,0.0036307805477,0.0036307805477,0.0036307805477,0.0036307805477,0.0036307805477,0.0036307805477,0.0036307805477,0.0036307805477,5,X17 Z21 Y22 Y26 Z27 X31,0.846288888889,0.00968101722487
0.0036307805477,0.0036307805477,0.0036307805477,0.0036307805477,0.0036307805477,0.0036307805477,0.0036307805477,0.0036307805477,0.0036307805477,0.0036307805477,0.0036307805477,0.0036307805477,0.0036307805477,0.0036307805477,0.0036307805477,0.0036307805477,0.0036307805477,0.0036307805477,5,X18 Z22 Y23 Y27 Z28 X32,0.827088888889,0.00911986309861
0.0036307805477,0.0036307805477,0.0036307805477,0.0036307805477,0.0036307805477,0.0036307805477,0.0036307805477,0.0036307805477,0.0036307805477,0.0036307805477,0.0036307805477,0.0036307805477,0.0036307805477,0.0036307805477,0.0036307805477,0.0036307805477,0.0036307805477,0.0036307805477,5,X19 Z23 Y24 Y28 Z29 X33,0.798066666667,0.0115527774438
0.0036307805477,0.0036307805477,0.0036307805477,0.0036307805477,0.0036307805477,0.0036307805477,0.0036307805477,0.0036307805477,0.0036307805477,0.0036307805477,0.0036307805477,0.0036307805477,0.0036307805477,0.0036307805477,0.0036307805477,0.0036307805477,0.0036307805477,0.0036307805477,5,X2 X4,0.873222222222,0.00973532231817
0.0036307805477,0.0036307805477,0.0036307805477,0.0036307805477,0.0036307805477,0.0036307805477,0.0036307805477,0.0036307805477,0.0036307805477,0.0036307805477,0.0036307805477,0.0036307805477,0.0036307805477,0.0036307805477,0.0036307805477,0.0036307805477,0.0036307805477,0.0036307805477,5,X20 X25,0.910977777778,0.00915717725473
0.0036307805477,0.0036307805477,0.0036307805477,0.0036307805477,0.0036307805477,0.0036307805477,0.0036307805477,0.0036307805477,0.0036307805477,0.0036307805477,0.0036307805477,0.0036307805477,0.0036307805477,0.0036307805477,0.0036307805477,0.0036307805477,0.0036307805477,0.0036307805477,5,X21 X26,0.911955555556,0.00789962574085
0.0036307805477,0.0036307805477,0.0036307805477,0.0036307805477,0.0036307805477,0.0036307805477,0.0036307805477,0.0036307805477,0.0036307805477,0.0036307805477,0.0036307805477,0.0036307805477,0.0036307805477,0.0036307805477,0.0036307805477,0.0036307805477,0.0036307805477,0.0036307805477,5,X22 X27,0.921377777778,0.00856784210073
0.0036307805477,0.0036307805477,0.0036307805477,0.0036307805477,0.0036307805477,0.0036307805477,0.0036307805477,0.0036307805477,0.0036307805477,0.0036307805477,0.0036307805477,0.0036307805477,0.0036307805477,0.0036307805477,0.0036307805477,0.0036307805477,0.0036307805477,0.0036307805477,5,X23 X28,0.913911111111,0.00578472909278
0.0036307805477,0.0036307805477,0.0036307805477,0.0036307805477,0.0036307805477,0.0036307805477,0.0036307805477,0.0036307805477,0.0036307805477,0.0036307805477,0.0036307805477,0.0036307805477,0.0036307805477,0.0036307805477,0.0036307805477,0.0036307805477,0.0036307805477,0.0036307805477,5,X24 X29,0.910555555556,0.00653920293064
0.0036307805477,0.0036307805477,0.0036307805477,0.0036307805477,0.0036307805477,0.0036307805477,0.0036307805477,0.0036307805477,0.0036307805477,0.0036307805477,0.0036307805477,0.0036307805477,0.0036307805477,0.0036307805477,0.0036307805477,0.0036307805477,0.0036307805477,0.0036307805477,5,X25 Y30 Z34,0.951333333333,0.00560240780201
0.0036307805477,0.0036307805477,0.0036307805477,0.0036307805477,0.0036307805477,0.0036307805477,0.0036307805477,0.0036307805477,0.0036307805477,0.0036307805477,0.0036307805477,0.0036307805477,0.0036307805477,0.0036307805477,0.0036307805477,0.0036307805477,0.0036307805477,0.0036307805477,5,X26 Z30 Y31 Y34 Z35 X38,0.898577777778,0.00727928532834
0.0036307805477,0.0036307805477,0.0036307805477,0.0036307805477,0.0036307805477,0.0036307805477,0.0036307805477,0.0036307805477,0.0036307805477,0.0036307805477,0.0036307805477,0.0036307805477,0.0036307805477,0.0036307805477,0.0036307805477,0.0036307805477,0.0036307805477,0.0036307805477,5,X27 Z31 Y32 Y35 Z36 X39,0.864888888889,0.00785370709907
0.0036307805477,0.0036307805477,0.0036307805477,0.0036307805477,0.0036307805477,0.0036307805477,0.0036307805477,0.0036307805477,0.0036307805477,0.0036307805477,0.0036307805477,0.0036307805477,0.0036307805477,0.0036307805477,0.0036307805477,0.0036307805477,0.0036307805477,0.0036307805477,5,X28 Z32 Y33 Y36 Z37 X40,0.856755555556,0.0099373259481
0.0036307805477,0.0036307805477,0.0036307805477,0.0036307805477,0.0036307805477,0.0036307805477,0.0036307805477,0.0036307805477,0.0036307805477,0.0036307805477,0.0036307805477,0.0036307805477,0.0036307805477,0.0036307805477,0.0036307805477,0.0036307805477,0.0036307805477,0.0036307805477,5,X3 X5,0.918466666667,0.00615047579382
0.0036307805477,0.0036307805477,0.0036307805477,0.0036307805477,0.0036307805477,0.0036307805477,0.0036307805477,0.0036307805477,0.0036307805477,0.0036307805477,0.0036307805477,0.0036307805477,0.0036307805477,0.0036307805477,0.0036307805477,0.0036307805477,0.0036307805477,0.0036307805477,5,X30 X34,0.955488888889,0.00478401980202
0.0036307805477,0.0036307805477,0.0036307805477,0.0036307805477,0.0036307805477,0.0036307805477,0.0036307805477,0.0036307805477,0.0036307805477,0.0036307805477,0.0036307805477,0.0036307805477,0.0036307805477,0.0036307805477,0.0036307805477,0.0036307805477,0.0036307805477,0.0036307805477,5,X31 X35,0.928177777778,0.00630983744096
0.0036307805477,0.0036307805477,0.0036307805477,0.0036307805477,0.0036307805477,0.0036307805477,0.0036307805477,0.0036307805477,0.0036307805477,0.0036307805477,0.0036307805477,0.0036307805477,0.0036307805477,0.0036307805477,0.0036307805477,0.0036307805477,0.0036307805477,0.0036307805477,5,X32 X36,0.927844444444,0.00536680112156
0.0036307805477,0.0036307805477,0.0036307805477,0.0036307805477,0.0036307805477,0.0036307805477,0.0036307805477,0.0036307805477,0.0036307805477,0.0036307805477,0.0036307805477,0.0036307805477,0.0036307805477,0.0036307805477,0.0036307805477,0.0036307805477,0.0036307805477,0.0036307805477,5,X33 X37,0.930888888889,0.00708640343654
0.0036307805477,0.0036307805477,0.0036307805477,0.0036307805477,0.0036307805477,0.0036307805477,0.0036307805477,0.0036307805477,0.0036307805477,0.0036307805477,0.0036307805477,0.0036307805477,0.0036307805477,0.0036307805477,0.0036307805477,0.0036307805477,0.0036307805477,0.0036307805477,5,X35 Z38 Y39 Y41 Z42 X44,0.900155555556,0.00674819875688
0.0036307805477,0.0036307805477,0.0036307805477,0.0036307805477,0.0036307805477,0.0036307805477,0.0036307805477,0.0036307805477,0.0036307805477,0.0036307805477,0.0036307805477,0.0036307805477,0.0036307805477,0.0036307805477,0.0036307805477,0.0036307805477,0.0036307805477,0.0036307805477,5,X36 Z39 Y40 Y42 Z43 X45,0.863688888889,0.00984124300365
0.0036307805477,0.0036307805477,0.0036307805477,0.0036307805477,0.0036307805477,0.0036307805477,0.0036307805477,0.0036307805477,0.0036307805477,0.0036307805477,0.0036307805477,0.0036307805477,0.0036307805477,0.0036307805477,0.0036307805477,0.0036307805477,0.0036307805477,0.0036307805477,5,X37 Z40 Y43,0.959133333333,0.00536527789556
0.0036307805477,0.0036307805477,0.0036307805477,0.0036307805477,0.0036307805477,0.0036307805477,0.0036307805477,0.0036307805477,0.0036307805477,0.0036307805477,0.0036307805477,0.0036307805477,0.0036307805477,0.0036307805477,0.0036307805477,0.0036307805477,0.0036307805477,0.0036307805477,5,X38 X41,0.948911111111,0.00674320053922
0.0036307805477,0.0036307805477,0.0036307805477,0.0036307805477,0.0036307805477,0.0036307805477,0.0036307805477,0.0036307805477,0.0036307805477,0.0036307805477,0.0036307805477,0.0036307805477,0.0036307805477,0.0036307805477,0.0036307805477,0.0036307805477,0.0036307805477,0.0036307805477,5,X39 X42,0.926733333333,0.00638568802043
0.0036307805477,0.0036307805477,0.0036307805477,0.0036307805477,0.0036307805477,0.0036307805477,0.0036307805477,0.0036307805477,0.0036307805477,0.0036307805477,0.0036307805477,0.0036307805477,0.0036307805477,0.0036307805477,0.0036307805477,0.0036307805477,0.0036307805477,0.0036307805477,5,X4 Z6 Y7 Y9 Z10 X13,0.817222222222,0.0101951582428
0.0036307805477,0.0036307805477,0.0036307805477,0.0036307805477,0.0036307805477,0.0036307805477,0.0036307805477,0.0036307805477,0.0036307805477,0.0036307805477,0.0036307805477,0.0036307805477,0.0036307805477,0.0036307805477,0.0036307805477,0.0036307805477,0.0036307805477,0.0036307805477,5,X40 X43,0.944733333333,0.00513227336422
0.0036307805477,0.0036307805477,0.0036307805477,0.0036307805477,0.0036307805477,0.0036307805477,0.0036307805477,0.0036307805477,0.0036307805477,0.0036307805477,0.0036307805477,0.0036307805477,0.0036307805477,0.0036307805477,0.0036307805477,0.0036307805477,0.0036307805477,0.0036307805477,5,X41 Y44 Z46,0.966311111111,0.0050491327986
0.0036307805477,0.0036307805477,0.0036307805477,0.0036307805477,0.0036307805477,0.0036307805477,0.0036307805477,0.0036307805477,0.0036307805477,0.0036307805477,0.0036307805477,0.0036307805477,0.0036307805477,0.0036307805477,0.0036307805477,0.0036307805477,0.0036307805477,0.0036307805477,5,X42 Z44 Y45 Y46 Z47 X48,0.891044444444,0.00864751789664
0.0036307805477,0.0036307805477,0.0036307805477,0.0036307805477,0.0036307805477,0.0036307805477,0.0036307805477,0.0036307805477,0.0036307805477,0.0036307805477,0.0036307805477,0.0036307805477,0.0036307805477,0.0036307805477,0.0036307805477,0.0036307805477,0.0036307805477,0.0036307805477,5,X44 X46,0.951933333333,0.00477332948051
0.0036307805477,0.0036307805477,0.0036307805477,0.0036307805477,0.0036307805477,0.0036307805477,0.0036307805477,0.0036307805477,0.0036307805477,0.0036307805477,0.0036307805477,0.0036307805477,0.0036307805477,0.0036307805477,0.0036307805477,0.0036307805477,0.0036307805477,0.0036307805477,5,X45 X47,0.931866666667,0.00565522848304
0.0036307805477,0.0036307805477,0.0036307805477,0.0036307805477,0.0036307805477,0.0036307805477,0.0036307805477,0.0036307805477,0.0036307805477,0.0036307805477,0.0036307805477,0.0036307805477,0.0036307805477,0.0036307805477,0.0036307805477,0.0036307805477,0.0036307805477,0.0036307805477,5,X47 Z48 Y49,0.969044444444,0.00443836749296
0.0036307805477,0.0036307805477,0.0036307805477,0.0036307805477,0.0036307805477,0.0036307805477,0.0036307805477,0.0036307805477,0.0036307805477,0.0036307805477,0.0036307805477,0.0036307805477,0.0036307805477,0.0036307805477,0.0036307805477,0.0036307805477,0.0036307805477,0.0036307805477,5,X48 X49,0.961666666667,0.00443514352466
0.0036307805477,0.0036307805477,0.0036307805477,0.0036307805477,0.0036307805477,0.0036307805477,0.0036307805477,0.0036307805477,0.0036307805477,0.0036307805477,0.0036307805477,0.0036307805477,0.0036307805477,0.0036307805477,0.0036307805477,0.0036307805477,0.0036307805477,0.0036307805477,5,X5 Z7 Y8 Y10 Z11 X14,0.781355555556,0.0108214110642
0.0036307805477,0.0036307805477,0.0036307805477,0.0036307805477,0.0036307805477,0.0036307805477,0.0036307805477,0.0036307805477,0.0036307805477,0.0036307805477,0.0036307805477,0.0036307805477,0.0036307805477,0.0036307805477,0.0036307805477,0.0036307805477,0.0036307805477,0.0036307805477,5,X6 X9,0.941044444444,0.00628733040543
0.0036307805477,0.0036307805477,0.0036307805477,0.0036307805477,0.0036307805477,0.0036307805477,0.0036307805477,0.0036307805477,0.0036307805477,0.0036307805477,0.0036307805477,0.0036307805477,0.0036307805477,0.0036307805477,0.0036307805477,0.0036307805477,0.0036307805477,0.0036307805477,5,X7 X10,0.905577777778,0.00788904538186
0.0036307805477,0.0036307805477,0.0036307805477,0.0036307805477,0.0036307805477,0.0036307805477,0.0036307805477,0.0036307805477,0.0036307805477,0.0036307805477,0.0036307805477,0.0036307805477,0.0036307805477,0.0036307805477,0.0036307805477,0.0036307805477,0.0036307805477,0.0036307805477,5,X8 X11,0.9022,0.00848555229205
0.0036307805477,0.0036307805477,0.0036307805477,0.0036307805477,0.0036307805477,0.0036307805477,0.0036307805477,0.0036307805477,0.0036307805477,0.0036307805477,0.0036307805477,0.0036307805477,0.0036307805477,0.0036307805477,0.0036307805477,0.0036307805477,0.0036307805477,0.0036307805477,5,X9 Z12 Y13 Y16 Z17 X21,0.839222222222,0.00927251669034
0.0036307805477,0.0036307805477,0.0036307805477,0.0036307805477,0.0036307805477,0.0036307805477,0.0036307805477,0.0036307805477,0.0036307805477,0.0036307805477,0.0036307805477,0.0036307805477,0.0036307805477,0.0036307805477,0.0036307805477,0.0036307805477,0.0036307805477,0.0036307805477,5,Y0 Z1 X2,0.896333333333,0.00934112974864
0.0036307805477,0.0036307805477,0.0036307805477,0.0036307805477,0.0036307805477,0.0036307805477,0.0036307805477,0.0036307805477,0.0036307805477,0.0036307805477,0.0036307805477,0.0036307805477,0.0036307805477,0.0036307805477,0.0036307805477,0.0036307805477,0.0036307805477,0.0036307805477,5,Y6 Z9 X12,0.937022222222,0.00590014827616
0.0036307805477,0.0036307805477,0.0036307805477,0.0036307805477,0.0036307805477,0.0036307805477,0.0036307805477,0.0036307805477,0.0036307805477,0.0036307805477,0.0036307805477,0.0036307805477,0.0036307805477,0.0036307805477,0.0036307805477,0.0036307805477,0.0036307805477,0.0036307805477,5,Z15 Y19 X24,0.9028,0.00798926482791
0.0036307805477,0.0036307805477,0.0036307805477,0.0036307805477,0.0036307805477,0.0036307805477,0.0036307805477,0.0036307805477,0.0036307805477,0.0036307805477,0.0036307805477,0.0036307805477,0.0036307805477,0.0036307805477,0.0036307805477,0.0036307805477,0.0036307805477,0.0036307805477,5,Z3 Y5 X8,0.904111111111,0.00769949659166
0.0036307805477,0.0036307805477,0.0036307805477,0.0036307805477,0.0036307805477,0.0036307805477,0.0036307805477,0.0036307805477,0.0036307805477,0.0036307805477,0.0036307805477,0.0036307805477,0.0036307805477,0.0036307805477,0.0036307805477,0.0036307805477,0.0036307805477,0.0036307805477,10,Logical X,0.900022222222,0.00994618983377
0.0036307805477,0.0036307805477,0.0036307805477,0.0036307805477,0.0036307805477,0.0036307805477,0.0036307805477,0.0036307805477,0.0036307805477,0.0036307805477,0.0036307805477,0.0036307805477,0.0036307805477,0.0036307805477,0.0036307805477,0.0036307805477,0.0036307805477,0.0036307805477,10,Logical Y,0.0147555555556,0.00957124258112
0.0036307805477,0.0036307805477,0.0036307805477,0.0036307805477,0.0036307805477,0.0036307805477,0.0036307805477,0.0036307805477,0.0036307805477,0.0036307805477,0.0036307805477,0.0036307805477,0.0036307805477,0.0036307805477,0.0036307805477,0.0036307805477,0.0036307805477,0.0036307805477,10,Logical Z,0.0156444444444,0.0142455029762
0.0036307805477,0.0036307805477,0.0036307805477,0.0036307805477,0.0036307805477,0.0036307805477,0.0036307805477,0.0036307805477,0.0036307805477,0.0036307805477,0.0036307805477,0.0036307805477,0.0036307805477,0.0036307805477,0.0036307805477,0.0036307805477,0.0036307805477,0.0036307805477,10,X0 X1,0.939577777778,0.00788515912046
0.0036307805477,0.0036307805477,0.0036307805477,0.0036307805477,0.0036307805477,0.0036307805477,0.0036307805477,0.0036307805477,0.0036307805477,0.0036307805477,0.0036307805477,0.0036307805477,0.0036307805477,0.0036307805477,0.0036307805477,0.0036307805477,0.0036307805477,0.0036307805477,10,X1 Z2 Y3 Y4 Z5 X7,0.776644444444,0.0129703266806
0.0036307805477,0.0036307805477,0.0036307805477,0.0036307805477,0.0036307805477,0.0036307805477,0.0036307805477,0.0036307805477,0.0036307805477,0.0036307805477,0.0036307805477,0.0036307805477,0.0036307805477,0.0036307805477,0.0036307805477,0.0036307805477,0.0036307805477,0.0036307805477,10,X10 Z13 Y14 Y17 Z18 X22,0.806155555556,0.00949560629727
0.0036307805477,0.0036307805477,0.0036307805477,0.0036307805477,0.0036307805477,0.0036307805477,0.0036307805477,0.0036307805477,0.0036307805477,0.0036307805477,0.0036307805477,0.0036307805477,0.0036307805477,0.0036307805477,0.0036307805477,0.0036307805477,0.0036307805477,0.0036307805477,10,X11 Z14 Y15 Y18 Z19 X23,0.7916,0.00756397997773
0.0036307805477,0.0036307805477,0.0036307805477,0.0036307805477,0.0036307805477,0.0036307805477,0.0036307805477,0.0036307805477,0.0036307805477,0.0036307805477,0.0036307805477,0.0036307805477,0.0036307805477,0.0036307805477,0.0036307805477,0.0036307805477,0.0036307805477,0.0036307805477,10,X12 X16,0.922866666667,0.00646629931413
0.0036307805477,0.0036307805477,0.0036307805477,0.0036307805477,0.0036307805477,0.0036307805477,0.0036307805477,0.0036307805477,0.0036307805477,0.0036307805477,0.0036307805477,0.0036307805477,0.0036307805477,0.0036307805477,0.0036307805477,0.0036307805477,0.0036307805477,0.0036307805477,10,X13 X17,0.911577777778,0.00707157351511
0.0036307805477,0.0036307805477,0.0036307805477,0.0036307805477,0.0036307805477,0.0036307805477,0.0036307805477,0.0036307805477,0.0036307805477,0.0036307805477,0.0036307805477,0.0036307805477,0.0036307805477,0.0036307805477,0.0036307805477,0.0036307805477,0.0036307805477,0.0036307805477,10,X14 X18,0.898244444444,0.00699968983075
0.0036307805477,0.0036307805477,0.0036307805477,0.0036307805477,0.0036307805477,0.0036307805477,0.0036307805477,0.0036307805477,0.0036307805477,0.0036307805477,0.0036307805477,0.0036307805477,0.0036307805477,0.0036307805477,0.0036307805477,0.0036307805477,0.0036307805477,0.0036307805477,10,X15 X19,0.919622222222,0.00652183678458
0.0036307805477,0.0036307805477,0.0036307805477,0.0036307805477,0.0036307805477,0.0036307805477,0.0036307805477,0.0036307805477,0.0036307805477,0.0036307805477,0.0036307805477,0.0036307805477,0.0036307805477,0.0036307805477,0.0036307805477,0.0036307805477,0.0036307805477,0.0036307805477,10,X16 Z20 Y21 Y25 Z26 X30,0.843222222222,0.0105294090367
0.0036307805477,0.0036307805477,0.0036307805477,0.0036307805477,0.0036307805477,0.0036307805477,0.0036307805477,0.0036307805477,0.0036307805477,0.0036307805477,0.0036307805477,0.0036307805477,0.0036307805477,0.0036307805477,0.0036307805477,0.0036307805477,0.0036307805477,0.0036307805477,10,X17 Z21 Y22 Y26 Z27 X31,0.8466,0.0105050252525
0.0036307805477,0.0036307805477,0.0036307805477,0.0036307805477,0.0036307805477,0.0036307805477,0.0036307805477,0.0036307805477,0.0036307805477,0.0036307805477,0.0036307805477,0.0036307805477,0.0036307805477,0.0036307805477,0.0036307805477,0.0036307805477,0.0036307805477,0.0036307805477,10,X18 Z22 Y23 Y27 Z28 X32,0.828777777778,0.0126589006239
0.0036307805477,0.0036307805477,0.0036307805477,0.0036307805477,0.0036307805477,0.0036307805477,0.0036307805477,0.0036307805477,0.0036307805477,0.0036307805477,0.0036307805477,0.0036307805477,0.0036307805477,0.0036307805477,0.0036307805477,0.0036307805477,0.0036307805477,0.0036307805477,10,X19 Z23 Y24 Y28 Z29 X33,0.7952,0.00976568391745
0.0036307805477,0.0036307805477,0.0036307805477,0.0036307805477,0.0036307805477,0.0036307805477,0.0036307805477,0.0036307805477,0.0036307805477,0.0036307805477,0.0036307805477,0.0036307805477,0.0036307805477,0.0036307805477,0.0036307805477,0.0036307805477,0.0036307805477,0.0036307805477,10,X2 X4,0.874222222222,0.0079236458448
0.0036307805477,0.0036307805477,0.0036307805477,0.0036307805477,0.0036307805477,0.0036307805477,0.0036307805477,0.0036307805477,0.0036307805477,0.0036307805477,0.0036307805477,0.0036307805477,0.0036307805477,0.0036307805477,0.0036307805477,0.0036307805477,0.0036307805477,0.0036307805477,10,X20 X25,0.908488888889,0.00822841229143
0.0036307805477,0.0036307805477,0.0036307805477,0.0036307805477,0.0036307805477,0.0036307805477,0.0036307805477,0.0036307805477,0.0036307805477,0.0036307805477,0.0036307805477,0.0036307805477,0.0036307805477,0.0036307805477,0.0036307805477,0.0036307805477,0.0036307805477,0.0036307805477,10,X21 X26,0.911777777778,0.00702340549709
0.0036307805477,0.0036307805477,0.0036307805477,0.0036307805477,0.0036307805477,0.0036307805477,0.0036307805477,0.0036307805477,0.0036307805477,0.0036307805477,0.0036307805477,0.0036307805477,0.0036307805477,0.0036307805477,0.0036307805477,0.0036307805477,0.0036307805477,0.0036307805477,10,X22 X27,0.923777777778,0.00748194932973
0.0036307805477,0.0036307805477,0.0036307805477,0.0036307805477,0.0036307805477,0.0036307805477,0.0036307805477,0.0036307805477,0.0036307805477,0.0036307805477,0.0036307805477,0.0036307805477,0.0036307805477,0.0036307805477,0.0036307805477,0.0036307805477,0.0036307805477,0.0036307805477,10,X23 X28,0.914266666667,0.00672753819127
0.0036307805477,0.0036307805477,0.0036307805477,0.0036307805477,0.0036307805477,0.0036307805477,0.0036307805477,0.0036307805477,0.0036307805477,0.0036307805477,0.0036307805477,0.0036307805477,0.0036307805477,0.0036307805477,0.0036307805477,0.0036307805477,0.0036307805477,0.0036307805477,10,X24 X29,0.908644444444,0.00875110647994
0.0036307805477,0.0036307805477,0.0036307805477,0.0036307805477,0.0036307805477,0.0036307805477,0.0036307805477,0.0036307805477,0.0036307805477,0.0036307805477,0.0036307805477,0.0036307805477,0.0036307805477,0.0036307805477,0.0036307805477,0.0036307805477,0.0036307805477,0.0036307805477,10,X25 Y30 Z34,0.951777777778,0.00496526890255
0.0036307805477,0.0036307805477,0.0036307805477,0.0036307805477,0.0036307805477,0.0036307805477,0.0036307805477,0.0036307805477,0.0036307805477,0.0036307805477,0.0036307805477,0.0036307805477,0.0036307805477,0.0036307805477,0.0036307805477,0.0036307805477,0.0036307805477,0.0036307805477,10,X26 Z30 Y31 Y34 Z35 X38,0.899444444444,0.00786491960599
0.0036307805477,0.0036307805477,0.0036307805477,0.0036307805477,0.0036307805477,0.0036307805477,0.0036307805477,0.0036307805477,0.0036307805477,0.0036307805477,0.0036307805477,0.0036307805477,0.0036307805477,0.0036307805477,0.0036307805477,0.0036307805477,0.0036307805477,0.0036307805477,10,X27 Z31 Y32 Y35 Z36 X39,0.866488888889,0.00828039892672
0.0036307805477,0.0036307805477,0.0036307805477,0.0036307805477,0.0036307805477,0.0036307805477,0.0036307805477,0.0036307805477,0.0036307805477,0.0036307805477,0.0036307805477,0.0036307805477,0.0036307805477,0.0036307805477,0.0036307805477,0.0036307805477,0.0036307805477,0.0036307805477,10,X28 Z32 Y33 Y36 Z37 X40,0.857377777778,0.0108743197553
0.0036307805477,0.0036307805477,0.0036307805477,0.0036307805477,0.0036307805477,0.0036307805477,0.0036307805477,0.0036307805477,0.0036307805477,0.0036307805477,0.0036307805477,0.0036307805477,0.0036307805477,0.0036307805477,0.0036307805477,0.0036307805477,0.0036307805477,0.0036307805477,10,X3 X5,0.917555555556,0.00586785080352
0.0036307805477,0.0036307805477,0.0036307805477,0.0036307805477,0.0036307805477,0.0036307805477,0.0036307805477,0.0036307805477,0.0036307805477,0.0036307805477,0.0036307805477,0.0036307805477,0.0036307805477,0.0036307805477,0.0036307805477,0.0036307805477,0.0036307805477,0.0036307805477,10,X30 X34,0.956155555556,0.00394087853493
0.0036307805477,0.0036307805477,0.0036307805477,0.0036307805477,0.0036307805477,0.0036307805477,0.0036307805477,0.0036307805477,0.0036307805477,0.0036307805477,0.0036307805477,0.0036307805477,0.0036307805477,0.0036307805477,0.0036307805477,0.0036307805477,0.0036307805477,0.0036307805477,10,X31 X35,0.93,0.00748945619007
0.0036307805477,0.0036307805477,0.0036307805477,0.0036307805477,0.0036307805477,0.0036307805477,0.0036307805477,0.0036307805477,0.0036307805477,0.0036307805477,0.0036307805477,0.0036307805477,0.0036307805477,0.0036307805477,0.0036307805477,0.0036307805477,0.0036307805477,0.0036307805477,10,X32 X36,0.925355555556,0.00629415183975
0.0036307805477,0.0036307805477,0.0036307805477,0.0036307805477,0.0036307805477,0.0036307805477,0.0036307805477,0.0036307805477,0.0036307805477,0.0036307805477,0.0036307805477,0.0036307805477,0.0036307805477,0.0036307805477,0.0036307805477,0.0036307805477,0.0036307805477,0.0036307805477,10,X33 X37,0.931955555556,0.00640864677698
0.0036307805477,0.0036307805477,0.0036307805477,0.0036307805477,0.0036307805477,0.0036307805477,0.0036307805477,0.0036307805477,0.0036307805477,0.0036307805477,0.0036307805477,0.0036307805477,0.0036307805477,0.0036307805477,0.0036307805477,0.0036307805477,0.0036307805477,0.0036307805477,10,X35 Z38 Y39 Y41 Z42 X44,0.898466666667,0.00659536584085
0.0036307805477,0.0036307805477,0.0036307805477,0.0036307805477,0.0036307805477,0.0036307805477,0.0036307805477,0.0036307805477,0.0036307805477,0.0036307805477,0.0036307805477,0.0036307805477,0.0036307805477,0.0036307805477,0.0036307805477,0.0036307805477,0.0036307805477,0.0036307805477,10,X36 Z39 Y40 Y42 Z43 X45,0.858822222222,0.010816028029
0.0036307805477,0.0036307805477,0.0036307805477,0.0036307805477,0.0036307805477,0.0036307805477,0.0036307805477,0.0036307805477,0.0036307805477,0.0036307805477,0.0036307805477,0.0036307805477,0.0036307805477,0.0036307805477,0.0036307805477,0.0036307805477,0.0036307805477,0.0036307805477,10,X37 Z40 Y43,0.960555555556,0.00602442877109
0.0036307805477,0.0036307805477,0.0036307805477,0.0036307805477,0.0036307805477,0.0036307805477,0.0036307805477,0.0036307805477,0.0036307805477,0.0036307805477,0.0036307805477,0.0036307805477,0.0036307805477,0.0036307805477,0.0036307805477,0.0036307805477,0.0036307805477,0.0036307805477,10,X38 X41,0.951,0.00650552373606
0.0036307805477,0.0036307805477,0.0036307805477,0.0036307805477,0.0036307805477,0.0036307805477,0.0036307805477,0.0036307805477,0.0036307805477,0.0036307805477,0.0036307805477,0.0036307805477,0.0036307805477,0.0036307805477,0.0036307805477,0.0036307805477,0.0036307805477,0.0036307805477,10,X39 X42,0.924155555556,0.00785829153502
0.0036307805477,0.0036307805477,0.0036307805477,0.0036307805477,0.0036307805477,0.0036307805477,0.0036307805477,0.0036307805477,0.0036307805477,0.0036307805477,0.0036307805477,0.0036307805477,0.0036307805477,0.0036307805477,0.0036307805477,0.0036307805477,0.0036307805477,0.0036307805477,10,X4 Z6 Y7 Y9 Z10 X13,0.819466666667,0.01030031804
0.0036307805477,0.0036307805477,0.0036307805477,0.0036307805477,0.0036307805477,0.0036307805477,0.0036307805477,0.0036307805477,0.0036307805477,0.0036307805477,0.0036307805477,0.0036307805477,0.0036307805477,0.0036307805477,0.0036307805477,0.0036307805477,0.0036307805477,0.0036307805477,10,X40 X43,0.945777777778,0.00615093260432
0.0036307805477,0.0036307805477,0.0036307805477,0.0036307805477,0.0036307805477,0.0036307805477,0.0036307805477,0.0036307805477,0.0036307805477,0.0036307805477,0.0036307805477,0.0036307805477,0.0036307805477,0.0036307805477,0.0036307805477,0.0036307805477,0.0036307805477,0.0036307805477,10,X41 Y44 Z46,0.9654,0.0046727382506
0.0036307805477,0.0036307805477,0.0036307805477,0.0036307805477,0.0036307805477,0.0036307805477,0.0036307805477,0.0036307805477,0.0036307805477,0.0036307805477,0.0036307805477,0.0036307805477,0.0036307805477,0.0036307805477,0.0036307805477,0.0036307805477,0.0036307805477,0.0036307805477,10,X42 Z44 Y45 Y46 Z47 X48,0.891177777778,0.00850455516138
0.0036307805477,0.0036307805477,0.0036307805477,0.0036307805477,0.0036307805477,0.0036307805477,0.0036307805477,0.0036307805477,0.0036307805477,0.0036307805477,0.0036307805477,0.0036307805477,0.0036307805477,0.0036307805477,0.0036307805477,0.0036307805477,0.0036307805477,0.0036307805477,10,X44 X46,0.949222222222,0.00529319184887
0.0036307805477,0.0036307805477,0.0036307805477,0.0036307805477,0.0036307805477,0.0036307805477,0.0036307805477,0.0036307805477,0.0036307805477,0.0036307805477,0.0036307805477,0.0036307805477,0.0036307805477,0.0036307805477,0.0036307805477,0.0036307805477,0.0036307805477,0.0036307805477,10,X45 X47,0.931955555556,0.00712651588141
0.0036307805477,0.0036307805477,0.0036307805477,0.0036307805477,0.0036307805477,0.0036307805477,0.0036307805477,0.0036307805477,0.0036307805477,0.0036307805477,0.0036307805477,0.0036307805477,0.0036307805477,0.0036307805477,0.0036307805477,0.0036307805477,0.0036307805477,0.0036307805477,10,X47 Z48 Y49,0.969022222222,0.00416786955817
0.0036307805477,0.0036307805477,0.0036307805477,0.0036307805477,0.0036307805477,0.0036307805477,0.0036307805477,0.0036307805477,0.0036307805477,0.0036307805477,0.0036307805477,0.0036307805477,0.0036307805477,0.0036307805477,0.0036307805477,0.0036307805477,0.0036307805477,0.0036307805477,10,X48 X49,0.961511111111,0.00525789560146
0.0036307805477,0.0036307805477,0.0036307805477,0.0036307805477,0.0036307805477,0.0036307805477,0.0036307805477,0.0036307805477,0.0036307805477,0.0036307805477,0.0036307805477,0.0036307805477,0.0036307805477,0.0036307805477,0.0036307805477,0.0036307805477,0.0036307805477,0.0036307805477,10,X5 Z7 Y8 Y10 Z11 X14,0.778133333333,0.0131532668611
0.0036307805477,0.0036307805477,0.0036307805477,0.0036307805477,0.0036307805477,0.0036307805477,0.0036307805477,0.0036307805477,0.0036307805477,0.0036307805477,0.0036307805477,0.0036307805477,0.0036307805477,0.0036307805477,0.0036307805477,0.0036307805477,0.0036307805477,0.0036307805477,10,X6 X9,0.941688888889,0.00516318632007
0.0036307805477,0.0036307805477,0.0036307805477,0.0036307805477,0.0036307805477,0.0036307805477,0.0036307805477,0.0036307805477,0.0036307805477,0.0036307805477,0.0036307805477,0.0036307805477,0.0036307805477,0.0036307805477,0.0036307805477,0.0036307805477,0.0036307805477,0.0036307805477,10,X7 X10,0.905022222222,0.00702427827701
0.0036307805477,0.0036307805477,0.0036307805477,0.0036307805477,0.0036307805477,0.0036307805477,0.0036307805477,0.0036307805477,0.0036307805477,0.0036307805477,0.0036307805477,0.0036307805477,0.0036307805477,0.0036307805477,0.0036307805477,0.0036307805477,0.0036307805477,0.0036307805477,10,X8 X11,0.898066666667,0.00836769925395
0.0036307805477,0.0036307805477,0.0036307805477,0.0036307805477,0.0036307805477,0.0036307805477,0.0036307805477,0.0036307805477,0.0036307805477,0.0036307805477,0.0036307805477,0.0036307805477,0.0036307805477,0.0036307805477,0.0036307805477,0.0036307805477,0.0036307805477,0.0036307805477,10,X9 Z12 Y13 Y16 Z17 X21,0.836488888889,0.00874488721269
0.0036307805477,0.0036307805477,0.0036307805477,0.0036307805477,0.0036307805477,0.0036307805477,0.0036307805477,0.0036307805477,0.0036307805477,0.0036307805477,0.0036307805477,0.0036307805477,0.0036307805477,0.0036307805477,0.0036307805477,0.0036307805477,0.0036307805477,0.0036307805477,10,Y0 Z1 X2,0.896266666667,0.00691846327587
0.0036307805477,0.0036307805477,0.0036307805477,0.0036307805477,0.0036307805477,0.0036307805477,0.0036307805477,0.0036307805477,0.0036307805477,0.0036307805477,0.0036307805477,0.0036307805477,0.0036307805477,0.0036307805477,0.0036307805477,0.0036307805477,0.0036307805477,0.0036307805477,10,Y6 Z9 X12,0.936155555556,0.00725598357037
0.0036307805477,0.0036307805477,0.0036307805477,0.0036307805477,0.0036307805477,0.0036307805477,0.0036307805477,0.0036307805477,0.0036307805477,0.0036307805477,0.0036307805477,0.0036307805477,0.0036307805477,0.0036307805477,0.0036307805477,0.0036307805477,0.0036307805477,0.0036307805477,10,Z15 Y19 X24,0.900822222222,0.00820182828573
0.0036307805477,0.0036307805477,0.0036307805477,0.0036307805477,0.0036307805477,0.0036307805477,0.0036307805477,0.0036307805477,0.0036307805477,0.0036307805477,0.0036307805477,0.0036307805477,0.0036307805477,0.0036307805477,0.0036307805477,0.0036307805477,0.0036307805477,0.0036307805477,10,Z3 Y5 X8,0.904688888889,0.00877209671146
