noise,rounds,xyz2,xyz2_dec,xyz2_mwpm,css,css_dec,css_mwpm,xzzx,xzzx_dec,xzzx_mwpm,xy,xy_dec,xy_mwpm,honeycomb,honeycomb_dec,honeycomb_mwpm,best_other,ratio,winner
sd6,d,0.0054275184674615,bp_corr,0.0043339918508841,0.008091675257895743,"corr, X",0.006852448855543925,0.0081284705671329,"bm, Z",0.00696735875943781,0.008067409881691917,"bm, X",0.0069314573076842394,0.002184120705922639,"bm, Z",0.001675279253657239,xzzx,0.6677170597636687,xzzx
si1000,d,0.0046575359450866,bp_corr,0.0036548964147464,0.005200387369274427,"bm, Z",0.004396179006751512,0.005124718915788603,"bm, Z",0.004410154299422635,0.005101530822858819,"bm, Z",0.004400503094285723,0.0012443504407635604,"bm, Z",0.0008295271085723194,css,0.8956132715429683,css
biased10,d,0.0075698036748982,bp_corr,0.0044457039928906,0.006446637064726584,"corr, X",0.006094950565782866,0.011749250405823197,"corr, Z",0.011015855308430616,0.010169243011274419,"bm, Z",0.0059572094380772045,0.002283364562200011,"bm, X",0.0016179071696512412,xzzx,0.6442797126143837,xzzx
biased100,d,0.0083638201421167,bp_full,0.0045246491499184,0.0061513269731071855,"bm, X",0.005923264447069166,0.01654990647539406,"corr, Z",0.01614958239089649,0.010523662269714915,"bm, Z",0.005955045960742205,0.002275078963670159,"bm, X",0.0016037000084435306,xzzx,0.5053696318194785,xzzx
purez,d,0.0085705792301894,bp_full,0.0044934246591136,0.006202418662100497,"corr, X",0.0060437214137617976,0.02060927883272291,"corr, Z",0.020459248866181383,0.010451580987890735,"bm, Z",0.005947932532301042,0.002351496334792077,"bm, X",0.0016068772650400232,xzzx,0.4158602200374544,xzzx
em3,d,0.0032672941730683,seq_soft,0.0024893762700604,0.002429753564894767,"corr, X",0.002225351296937266,0.0024827995733713555,"corr, X",0.0022145149244977556,0.0024432388680720785,"corr, X",0.00223365372718192,0.019755854314425635,"corr, X",0.016043768684722615,honeycomb,0.16538359319052767,honeycomb
helios_p_noxt,d,0.0043431909570524,bp_corr,0.0029372574579188,0.004027826858205527,"corr, X",0.0036595342751921793,0.005374526223268262,"corr, Z",0.004904152391257804,0.005316002374803883,"bm, Z",0.003667850179332572,0.0023071067751563095,"bm, X",0.001633267494185414,xzzx,0.8081067570661691,xzzx
h2_p_noxt,d,0.006205811085237,bm,0.0045827121060365,0.006407319631265053,"corr, X",0.005621975554848058,0.00754341596361128,"corr, Z",0.0067112385780728106,0.007664997041991296,"bm, X",0.005629566740660836,0.0036259429139893604,"bm, X",0.0025436999206504066,xy,0.809629938699205,xy
helios_p,d,0.0019506567502782,bm,,0.00276646285190171,"corr, X",,0.0032599174340672697,"bm, X",,,,,,,,xzzx,0.5983761213990144,xzzx
h2_p,d,0.0044118684213411,bp_corr,,,,,0.004072724463008189,"bm, X",,,,,0.0017433121484155916,"bm, X",,xzzx,1.0832720115031826,xyz2
sd6,1,0.0196012434955124,cfe_tn,0.0180874827885351,0.02407619906716447,"bm, X",0.02367808580884252,0.024168993185196073,"corr, Z",0.02342681762578103,0.023810981128876325,"bm, Z",0.02344650729535445,0.008313624433879348,"mwpm, Z",0.008313624433879348,xzzx,0.8110078622355895,xzzx
si1000,1,0.0106116330810829,cfe_tn,0.0096942014582902,0.010776546833257978,"bm, X",0.009913190897833754,0.010550444012515753,"bm, Z",0.010327397331993213,0.0105919393577409,"bm, X",0.010079420802452176,0.003982023627428166,"bm, Z",0.0037817881663089244,css,0.9846969762460336,css
biased10,1,0.0196630713068791,cfe_tn,0.0182757124651317,0.021870948215458767,"bm, X",0.021515349708112058,0.03176132306703057,"mwpm, Z",0.03176132306703057,0.02159337061339687,"mwpm, X",0.021046251017655112,0.007311224772583621,"corr, Z",0.007287422040498061,xzzx,0.6190885456938063,xzzx
biased100,1,0.0197404205201921,tnml,0.0186902787362106,0.021397468594065168,"bm, X",0.02105578281001881,0.034471311376981784,"mwpm, Z",0.034367292850248414,0.021159828701797556,"bm, X",0.020553023230470178,0.007167213938124574,"corr, Z",0.006982225936093431,xzzx,0.5726623018285798,xzzx
purez,1,0.0198936081741863,bm,0.0188147744506887,0.022545836858716202,"bm, X",0.020939674211488932,0.03481645072311092,"corr, Z",0.03374563722105792,0.0213684187103583,"corr, Z",0.02047157274092741,0.007059105956155836,"mwpm, Z",0.007059105956155836,xzzx,0.5713853009428403,xzzx
em3,1,0.0106585747523904,cfe_tn,0.0097548871334215,0.00824455708674947,"bm, X",0.007798604571534736,0.008066901097233877,"corr, X",0.007787699440579117,0.007889965560661372,"bm, X",0.007792017325230181,0.03496816749460961,"mwpm, Z",0.03496816749460961,honeycomb,0.3048079300704972,honeycomb
helios_p_noxt,1,0.0153934766996854,tnml,0.0145478737417055,0.01606419565568603,"mwpm, X",0.01606419565568603,0.023710104903507976,"mwpm, Z",0.023710104903507976,0.016072562402961458,"mwpm, X",0.016072562402961458,0.007254889451173929,"corr, Z",0.007104180271317999,xzzx,0.6492369714234327,xzzx
h2_p_noxt,1,0.0223550023363047,tnml,0.0213702780538579,0.024382435709255676,"mwpm, X",0.024382435709255676,0.03030904598588429,"bm, X",0.029479102625887817,0.023991605997807152,"mwpm, X",0.02287396724918761,0.012182554674315978,"corr, Z",0.012133862230171162,xzzx,0.7375686567870202,xzzx
helios_p,1,0.0033251133187504,cfe,,0.005258662984361962,"mwpm, Z",0.005258662984361962,0.005946118592627613,"corr, X",,0.00558134617110312,"corr, Z",0.0035869840251322197,,,,xzzx,0.5592073664445733,xzzx
h2_p,1,0.0115688621789163,cfe_tn,,0.012400406128806343,"corr, X",,0.013882347944427808,"corr, Z",,0.012715360045284828,"bm, Z",,0.008856844108921156,"mwpm, Z",0.008856844108921156,xzzx,0.8333505416538626,xzzx
sd6,2,0.0129642737115183,seq_erasure,0.0119478503311061,0.01748872508428245,"bm, X",0.016627225423878927,0.01738372467619555,"bm, Z",0.016592037318363277,0.017469034481034103,"corr, Z",0.017030050232490282,0.005297121590280514,"mwpm, X",0.005088546317969896,css,0.7412932417337621,css
si1000,2,0.0084556525086497,bm,0.007875871510967,0.008986001275195875,"bm, Z",0.008691124509677777,0.008839123856754266,"bm, Z",0.00864268662824029,0.008947873490346784,"bm, X",0.008840241088231495,0.0028015941048771965,"bm, X",0.0026754400119958156,css,0.940980559616645,css
biased10,2,0.0140625107649713,bp_full,0.0122909039022064,0.014950287412880382,"bm, X",0.014570162464028685,0.024930767531938697,"mwpm, X",0.024626006021055715,0.017564096228717633,"bm, Z",0.014805844261040164,0.0051273250810361,"mwpm, Z",0.0051273250810361,xzzx,0.5640624881266042,xzzx
biased100,2,0.0149697884871722,bp_corr,0.0125875045144866,0.015169011194351404,"bm, X",0.014572155477202586,0.028666712844195256,"mwpm, Z",0.028666712844195256,0.01693577840879421,"bm, X",0.014567987236963845,0.004872523042377908,"corr, Z",0.00474463631406896,xzzx,0.5222010827866315,xzzx
purez,2,0.0145976427243539,tesseract,0.0125307966345045,0.01504142178405028,"bm, X",0.01464281610554241,0.028814618111380797,"mwpm, Z",0.028814618111380797,0.016858721069257378,"bm, X",0.01437142095118854,0.005049708665402777,"corr, Z",0.004958576572092257,xzzx,0.5066054551869396,xzzx
em3,2,0.0073220160856873,bm,0.0066488999788536,0.005463226504494766,"bm, X",0.005325897728263977,0.005422814405665334,"corr, X",0.00539333556013173,0.005646134252808527,"bm, X",0.00523880637702768,0.03389605192604892,"bm, X",0.03190132184279624,honeycomb,0.2160138325744177,honeycomb
helios_p_noxt,2,0.0100473611351145,tesseract,0.0089338723558925,0.010365677343850502,"bm, X",0.010147237507998312,0.015712427350040175,"bm, Z",0.014368910784162862,0.011222247604698931,"bm, Z",0.00997730971527949,0.005257865667382974,"corr, Z",0.005065331532129242,xzzx,0.6394531482170265,xzzx
h2_p_noxt,2,0.0147249521645101,bp_corr,0.0133364372380255,0.015824408328469586,"bm, X",0.01522078614092889,0.01890919981467044,"bm, Z",0.01833436389423518,0.016092044663717178,"bm, X",0.015225194768248082,0.00876883667313007,"corr, Z",0.008074865044057349,xzzx,0.7787189467999566,xzzx
helios_p,2,,,,0.007751419941825837,"corr, X",,0.0067395016157141665,"mwpm, Z",0.0067395016157141665,0.0054532989217636095,"corr, Z",,,,,,,
h2_p,2,0.0083459153696428,cfe0,,0.01631276938077358,"bm, X",,0.008263629637870903,"corr, X",0.007686455804599995,0.008267862324109572,"corr, X",0.006939031633053244,0.005720889348210094,"corr, Z",0.005135340038309359,css,0.5116185470922793,css
sd6,3,0.0109337630357454,bp_full,0.0095367825482485,0.01446374192637565,"corr, Z",0.013682519278339324,0.015055781108236512,"bm, X",,0.015430824219800127,"bm, Z",0.01406656075794775,0.004071875966465307,"bm, Z",0.0038617274506563587,xy,0.7085663656070748,xy
si1000,3,0.0076113898204613,bm,0.0067139725551475,0.00809077522913295,"bm, Z",0.0076977897090447335,0.008047704243447399,"bm, X",0.00764289447055059,0.008117531747252812,"bm, X",0.007616521112842002,0.0021017261629611658,"bm, Z",0.0019592683682046696,xy,0.9376482972225142,xy
biased10,3,0.0123829011675,bm,0.0098425465689028,0.013078012419839675,"bm, X",0.012276298686541058,0.022596316695563973,"mwpm, Z",0.021388144831593604,0.013482249077015217,"corr, X",0.01229208663876134,0.004061655066776869,"bm, Z",0.003630209184418796,xzzx,0.5480052937092604,xzzx
biased100,3,0.0128203926439859,bp_corr,0.0099285215659406,0.01269950161374805,"bm, X",0.011970765673618143,0.0266670997460556,"corr, Z",0.02597524661686022,0.01629071111904304,"bm, Z",0.012087400769476819,0.003922746263998492,"bm, Z",0.003616966481175176,xzzx,0.48075691642778656,xzzx
purez,3,0.0131871075298751,bp_full,0.0099748343961618,0.012386329837078993,"bm, X",0.012145608627407658,0.026376818665028657,"mwpm, Z",0.026376818665028657,0.015866971825748283,"bm, Z",0.012094024044749716,0.004250023342658472,"bm, Z",0.0036265809211297596,xzzx,0.49995064595712774,xzzx
em3,3,0.0061518306741709,bm,0.0053555250664307,0.004631155423268659,"bm, X",0.004357449847802282,0.004490611394848484,"bm, X",0.0044069495532622835,0.004571485233663459,"corr, X",0.004388929167121858,0.028550114428959113,"bm, Z",0.026802889897213248,honeycomb,0.21547481672896346,honeycomb
helios_p_noxt,3,0.0082931274876796,bp_full,0.0068439072034416,0.008268060465019702,"corr, X",0.007963568471116815,0.011766215504876828,"bm, X",0.011495812485554667,0.009585694189198848,"bm, Z",0.00796941297890397,0.0038914434893336995,"bm, Z",0.0038453744600536353,xzzx,0.7048253947280065,xzzx
h2_p_noxt,3,0.016397440539723,tesseract,0.0104079358483429,0.013043392530822302,"bm, X",0.012206098627402562,0.015650858743534484,"bm, Z",0.01469009863722325,0.013774701761219203,"bm, X",0.011991424786231566,0.006705598795258126,"bm, Z",0.005991866810417346,xzzx,1.0477022895946164,xyz2
helios_p,3,0.0030854667182193,cfe0,,0.003137021093128387,"mwpm, X",,0.005641990470442767,"mwpm, Z",0.004171255555401903,0.0028414721888479918,"mwpm, X",0.0028414721888479918,,,,xzzx,0.5468755635769731,xzzx
h2_p,3,0.0061169857520184,bp_corr,,0.007305591869879125,"bm, X",,0.006992867068015254,"mwpm, X",,0.01139962892825167,"corr, X",,,,,xy,0.5365951638003489,xy
sd6,5,0.0090104733081972,bp_corr,0.0076016015817545,0.012498675690730035,"corr, Z",0.011499776161032713,0.013006783476262695,"bm, X",,0.012063280881958221,"corr, X",0.011526071737602863,0.0033626422375983025,"bm, X",0.002972897375866834,xzzx,0.6927518494208242,xzzx
si1000,5,0.0067607944681114,bp_corr,0.0058235281218696,0.007294172064830069,"bm, X",0.006743443373921858,0.007047404943293482,"corr, X",0.006600148337712689,0.007243855221235173,"bm, Z",0.006726741070612679,0.0018411650415786126,"bm, X",0.0015206384445233204,css,0.9268761976029565,css
biased10,5,0.0111796097693263,bm,0.0078584404659347,0.010815868538935694,"bm, X",0.010148082209929136,0.018720273085925658,"mwpm, Z",0.018720273085925658,0.014244685362930297,"bm, Z",0.010098868166167415,0.0035382882806099746,"bm, Z",0.0029070153569938496,xzzx,0.5971926647657397,xzzx
biased100,5,0.0114869881686729,bp_corr,0.0079035288543376,0.010515584245694045,"corr, X",0.010145806048223327,0.02364089244903549,"mwpm, Z",0.02364089244903549,0.014668258726835663,"bm, X",0.00989774260964133,0.0035272970524704273,"bm, Z",0.0028414908788169236,xzzx,0.4858948617712421,xzzx
purez,5,0.0116565494447679,bp_full,0.0080428304818372,0.010174026957677006,"corr, X",0.010059494076076463,0.025513296021292438,"corr, Z",0.024542749112359236,0.014770189255561783,"bm, Z",0.009971665775737971,0.003514721674817882,"bm, X",0.0028116808489872113,xzzx,0.4568813623704198,xzzx
em3,5,0.0051948498237805,bp_corr,0.0043119233816461,0.0037806931000715495,"corr, X",0.0036350258139732404,0.0038549391639737035,"bm, X",0.003585532799240277,0.0038351916030514304,"bm, X",0.0036362251950237266,0.025070021202970878,"corr, Z",0.022798818206987554,honeycomb,0.2072136190760339,honeycomb
helios_p_noxt,5,0.0067493280651597,bp_full,0.0053350231858761,0.006661636453237035,"corr, X",0.006423894879008926,0.009423935945932826,"bm, Z",0.009023184518491241,0.007919236785782482,"bm, Z",0.006377714383836932,0.0033721935423115593,"bm, Z",0.002886979515800985,xzzx,0.7161899342145432,xzzx
h2_p_noxt,5,0.0100522050609757,bp_full,0.0080925346684582,0.01029317156223869,"corr, X",0.009699789222527084,0.012820576595884484,"bm, Z",0.011873784295052647,0.012243743080773788,"bm, Z",0.00978445865723514,0.0054638076041981665,"bm, X",0.004590796906187089,xzzx,0.7840680944258424,xzzx
helios_p,5,0.0025542784111961,seq_soft,,0.004366715167591425,"bm, X",,0.004216098256699934,"mwpm, Z",0.004216098256699934,0.0021560665472444293,"corr, Z",,,,,css,0.5849427574652134,css
h2_p,5,0.008167244235705,tesseract,,0.005374553557043951,"bm, X",,0.005780120542907611,"bm, X",,,,,,,,xzzx,1.4129885657361358,xyz2
sd6,10,0.0074992841067762,bp_corr,0.0061177890028265,0.011040761773338405,"corr, Z",0.009835713255492278,0.010540476067126409,"corr, Z",0.009510886290538293,0.010871184841770319,"bm, Z",,0.0028587009640117754,"bm, Z",0.0023470073541177715,css,0.6792361125738369,css
si1000,10,0.0060246842188156,bm,0.0048911790521857,0.006563460062132434,"bm, Z",0.005858164070150568,0.0065850065951856655,"bm, Z",0.00591326985278637,0.006694874379789624,"bm, Z",0.005948286892780713,0.0013352794957469695,"corr, X",0.0011895168786890237,xy,0.8998950356712916,xy
biased10,10,0.0099641922303854,bp_corr,0.0062615271146399,0.009138704887789674,"corr, X",0.008531230097905578,0.016191427288818436,"corr, Z",0.01567064086902932,0.0137188566702866,"bm, X",0.008689107340548476,0.002825220311886531,"bm, X",0.002258037071401112,xzzx,0.615399251260976,xzzx
biased100,10,0.0103746220196454,bm,0.00646013691721,0.009131048170092006,"corr, X",0.008737526357463018,0.02178395029091064,"mwpm, Z",0.02178395029091064,0.008428092123250647,"mwpm, X",0.008428092123250647,0.0029647884640239815,"bm, Z",0.0021924774233013527,xzzx,0.47625072042026345,xzzx
purez,10,0.0112007772041667,bm,0.0063501765996312,0.008720302526671872,"corr, X",0.008451942300421978,0.02409272239694722,"corr, Z",0.023615026487665072,0.012985515933181254,"bm, X",0.008393925386410934,0.0027922133801716667,"bm, X",0.0022671810696240284,xzzx,0.4649029287610082,xzzx
em3,10,0.0043657236635156,seq_soft,0.0034666142317051,0.003386650651677625,"bm, X",0.003044636256190983,0.0033108937814238138,"bm, X",0.0030454196514329325,0.0033072568899271573,"corr, X",0.00299746627435852,0.024728065706860865,"corr, X",,honeycomb,0.17654933933244601,honeycomb
helios_p_noxt,10,0.0057707106822436,bp_full,0.0042219296707947,0.00563799839784524,"corr, X",0.00518178703255653,0.007541780630813731,"bm, Z",0.007097915099937261,0.006924175037587102,"bm, Z",0.005199444009393818,0.002359893854585076,"mwpm, X",,xzzx,0.7651655444161284,xzzx
h2_p_noxt,10,0.0085106144914947,bp_corr,0.0065696008669094,0.009142978784035251,"corr, X",0.007898562412991158,0.01076104462411685,"bm, Z",0.0095084090521427,0.010259485102016923,"bm, X",0.00800478661332482,0.0047397020955280015,"bm, X",,xzzx,0.7908725210953356,xzzx
helios_p,10,,,,,,,0.0029048306730462634,"mwpm, Z",0.0016452524832893524,0.0014775272166715045,"corr, Z",0.0011639557807190065,,,,,,
h2_p,10,0.0040891357877656,seq_soft,,,,,,,,0.004897793879977872,"bm, X",,0.0025313203380126427,"mwpm, X",0.0018535054424535624,xy,0.8348934005740712,xy
sd6,11,0.0074164037280273,bm,0.005899811494779,,,,,,,,,,,,,,,
sd6,12,0.0074286636276759,bp_corr,0.0058219802293595,,,,,,,,,,,,,,,
sd6,13,0.0073623700378901,bp_full,0.0058375217076431,,,,,,,,,,,,,,,
sd6,14,0.0072550932392112,bp_full,0.0056706653636645,,,,,,,,,,,,,,,
sd6,15,0.0069616285634928,bm,0.0056637102847753,,,,,,,,,,,,,,,
sd6,16,0.0071087827697961,bp_full,0.0056029191791068,,,,,,,,,,,,,,,
sd6,17,0.0070155360364312,bp_full,0.0055603435432589,,,,,,,,,,,,,,,
sd6,18,0.0070498457760222,bp_corr,0.0054434681519392,,,,,,,,,,,,,,,
sd6,19,0.0070199117717947,bm,0.0054884460662138,,,,,,,,,,,,,,,
sd6,20,0.0068049127303838,bp_corr,0.0056396371337918,,,,,,,,,,,,,,,
sd6,21,0.0072295455675025,seq_soft,0.0054585923131825,,,,,,,,,,,,,,,
sd6,4,0.0095983040495855,bm,0.0082764767523459,,,,,,,,,,,,,,,
sd6,6,0.0084869414041887,bp_corr,0.0070638946543212,,,,,,,,,,,,,,,
sd6,7,0.0083731934242941,bp_full,0.0067449483358985,,,,,,,,,,,,,,,
sd6,8,0.0079486082777115,bm,0.0064123923785812,,,,,,,,,,,,,,,
sd6,9,0.0077529829012072,bp_corr,0.0063408760315323,,,,,,,,,,,,,,,
si1000,11,0.0060706487774071,bm,0.0048420080063673,,,,,,,,,,,,,,,
si1000,12,0.0060860988947369,bp_corr,0.0047436865940766,,,,,,,,,,,,,,,
si1000,13,0.005869422975163,bp_full,0.0046246635498662,,,,,,,,,,,,,,,
si1000,14,0.0068711808563833,bm,0.0046748882783927,,,,,,,,,,,,,,,
si1000,15,0.0057078463215004,bm,0.0046091206813267,,,,,,,,,,,,,,,
si1000,16,0.0056886092442533,bm,0.0045710778159463,,,,,,,,,,,,,,,
si1000,17,0.0057914115541465,bp_corr,0.004486544913524,,,,,,,,,,,,,,,
si1000,18,0.0057701392999805,bp_full,0.0045615502114924,,,,,,,,,,,,,,,
si1000,19,0.0057720292569271,bp_full,0.0044716850272785,,,,,,,,,,,,,,,
si1000,20,0.0053904308184332,bm,0.0045708558515596,,,,,,,,,,,,,,,
si1000,21,0.0057983629998337,bm,0.0043459872593807,,,,,,,,,,,,,,,
si1000,4,0.0071336184289721,bp_full,0.0062971651746314,,,,,,,,,,,,,,,
si1000,6,0.0066541490839803,bp_corr,0.0055524319257134,,,,,,,,,,,,,,,
si1000,7,0.0064657494171213,bm,0.0053396428958086,,,,,,,,,,,,,,,
si1000,8,0.0063419654019643,bp_corr,0.0051805989732241,,,,,,,,,,,,,,,
si1000,9,0.0061531788888924,tesseract,0.0049907510528711,,,,,,,,,,,,,,,
biased10,11,0.0107227395689614,bp_corr,0.0061905888973735,,,,,,,,,,,,,,,
biased10,12,0.0096649939725263,bp_full,0.0060678049157905,,,,,,,,,,,,,,,
biased10,13,0.0094749841122097,bp_full,0.0060979866508837,,,,,,,,,,,,,,,
biased10,14,0.0093164381106641,bm,0.0057674018605855,,,,,,,,,,,,,,,
biased10,15,0.0092275672678118,bm,0.0058336604856957,,,,,,,,,,,,,,,
biased10,16,0.0089327555168022,bp_full,0.0057433677701855,,,,,,,,,,,,,,,
biased10,17,0.0090888651842788,bm,0.0057626292500159,,,,,,,,,,,,,,,
biased10,18,0.0091238682713987,bp_corr,0.0056463640795082,,,,,,,,,,,,,,,
biased10,19,0.0090708679553642,bm,0.0055784738598537,,,,,,,,,,,,,,,
biased10,20,0.0088051442403141,bm,0.0057219197670836,,,,,,,,,,,,,,,
biased10,21,0.0090888714852713,bp_corr,0.0056653591386045,,,,,,,,,,,,,,,
biased10,4,0.011604029539635,bm,0.0087735230303234,,,,,,,,,,,,,,,
biased10,6,0.0109424401586756,bp_corr,0.0073167169353861,,,,,,,,,,,,,,,
biased10,7,0.0101171510909402,bm,0.0068636602263285,,,,,,,,,,,,,,,
biased10,8,0.0099160686872364,bm,0.0066282788602474,,,,,,,,,,,,,,,
biased10,9,0.0103627967202291,tesseract,0.006394941468305,,,,,,,,,,,,,,,
biased100,11,0.0102705820155357,bp_corr,0.006192572020148,,,,,,,,,,,,,,,
biased100,12,0.0132731526605588,cfe,0.0061145265501641,,,,,,,,,,,,,,,
biased100,13,0.0101247123847125,bp_corr,0.0059721772565067,,,,,,,,,,,,,,,
biased100,14,0.0106048381383382,bm,0.0060235485780192,,,,,,,,,,,,,,,
biased100,15,0.0098544613256223,bp_full,0.0059036947067357,,,,,,,,,,,,,,,
biased100,16,0.0151264234764414,bm,0.0058379588840833,,,,,,,,,,,,,,,
biased100,17,0.0112375981534443,bp_full,0.0059079267744523,,,,,,,,,,,,,,,
biased100,18,0.0096043775268157,bm,0.0056030225098582,,,,,,,,,,,,,,,
biased100,19,0.0101388166960117,bp_corr,0.0058201008043569,,,,,,,,,,,,,,,
biased100,20,0.0096470948700426,bp_full,0.0056687404693676,,,,,,,,,,,,,,,
biased100,21,0.0097320301787978,bp_full,0.0056129506705956,,,,,,,,,,,,,,,
biased100,4,0.012208637603857,bp_full,0.0088319824610332,,,,,,,,,,,,,,,
biased100,6,0.0111371385533228,bp_full,0.0073500621668245,,,,,,,,,,,,,,,
biased100,7,0.0111606516853533,bp_full,0.0069975694151928,,,,,,,,,,,,,,,
biased100,8,0.0107900635412463,bm,0.0067266223901144,,,,,,,,,,,,,,,
biased100,9,0.0107610569465183,bp_corr,0.0064781784902754,,,,,,,,,,,,,,,
purez,11,0.010614935175399,bp_full,0.0062389280830169,,,,,,,,,,,,,,,
purez,12,0.0104778258287809,bp_corr,0.0060872922180957,,,,,,,,,,,,,,,
purez,13,0.0105943116816238,bp_corr,0.0059444452016639,,,,,,,,,,,,,,,
purez,14,0.0101026278843182,bp_corr,0.005959669119277,,,,,,,,,,,,,,,
purez,15,0.0100597201976975,bp_corr,0.0059234566895211,,,,,,,,,,,,,,,
purez,16,0.0108829305209035,bm,0.0058293556930486,,,,,,,,,,,,,,,
purez,17,0.0104530008658195,bp_full,0.0060125197497127,,,,,,,,,,,,,,,
purez,18,0.0098563882932974,bp_corr,0.0057536221758989,,,,,,,,,,,,,,,
purez,19,0.0102718438680876,bp_corr,0.0057651784480548,,,,,,,,,,,,,,,
purez,20,0.010130332653038,bp_full,0.0058144429093345,,,,,,,,,,,,,,,
purez,21,0.0095900260548548,bp_full,0.0055987428766406,,,,,,,,,,,,,,,
purez,4,0.012153859739307,bp_full,0.0088444464364455,,,,,,,,,,,,,,,
purez,6,0.0110995103278811,bp_corr,0.0073328780428245,,,,,,,,,,,,,,,
purez,7,0.0113230480663374,bp_corr,0.0069513575772322,,,,,,,,,,,,,,,
purez,8,0.0107496479825948,bp_corr,0.0068561081000015,,,,,,,,,,,,,,,
purez,9,0.0109972107522056,bm,0.0065337915180689,,,,,,,,,,,,,,,
em3,11,0.0042396653631416,bp_corr,0.0034188065728886,,,,,,,,,,,,,,,
em3,12,0.004234906291903,bp_corr,0.0033784795888786,,,,,,,,,,,,,,,
em3,13,0.0041679222856218,seq_soft,0.0033553744597006,,,,,,,,,,,,,,,
em3,14,0.004176239743803,seq_soft,0.0032800413755279,,,,,,,,,,,,,,,
em3,15,0.004050269822522,seq_erasure,0.0032398728568691,,,,,,,,,,,,,,,
em3,16,0.0041874337747076,seq_erasure,0.0032192833199002,,,,,,,,,,,,,,,
em3,17,0.0040995627052727,seq_erasure,0.0032200911361117,,,,,,,,,,,,,,,
em3,18,0.0041146304895365,bp_corr,0.0032102847975349,,,,,,,,,,,,,,,
em3,19,0.0040895064790533,corr_links,0.0031509211264694,,,,,,,,,,,,,,,
em3,20,0.0041065751995348,bp_full,0.0030686967530606,,,,,,,,,,,,,,,
em3,21,0.0040410457657045,seq_erasure,0.0031068861230939,,,,,,,,,,,,,,,
em3,4,0.0055420851266783,seq_soft,0.0046995523919094,,,,,,,,,,,,,,,
em3,6,0.004890922936022,seq_soft,0.0039468999287367,,,,,,,,,,,,,,,
em3,7,0.004918809085166,bp_corr,0.0038471859709611,,,,,,,,,,,,,,,
em3,8,0.0046433857619797,seq_erasure,0.0036768582959981,,,,,,,,,,,,,,,
em3,9,0.0043434117149382,bp_corr,0.0035739330566946,,,,,,,,,,,,,,,
helios_p_noxt,11,0.0057227684807825,bm,0.0040756662507797,,,,,,,,,,,,,,,
helios_p_noxt,12,0.005535119652521,bp_full,0.0040396471590341,,,,,,,,,,,,,,,
helios_p_noxt,13,0.0056219619880743,bp_corr,0.0039505265767482,,,,,,,,,,,,,,,
helios_p_noxt,14,0.0057166560358017,bp_corr,0.0038045958739286,,,,,,,,,,,,,,,
helios_p_noxt,15,0.0055087169839933,bp_corr,0.0037799228514303,,,,,,,,,,,,,,,
helios_p_noxt,16,0.0054867339525334,bp_full,0.0037385402559005,,,,,,,,,,,,,,,
helios_p_noxt,17,0.0054520001922809,bp_corr,0.0038560734045302,,,,,,,,,,,,,,,
helios_p_noxt,18,0.0054989569908011,bm,0.0036677543967174,,,,,,,,,,,,,,,
helios_p_noxt,19,0.0053069210642161,bm,0.0036775275415333,,,,,,,,,,,,,,,
helios_p_noxt,20,0.0053671062541975,bm,0.0036903059590548,,,,,,,,,,,,,,,
helios_p_noxt,21,0.0052886994165327,bp_full,0.003724251981497,,,,,,,,,,,,,,,
helios_p_noxt,4,0.0074453416496125,bp_full,0.0059278312087672,,,,,,,,,,,,,,,
helios_p_noxt,6,0.0064063771725617,bm,0.0049517943996266,,,,,,,,,,,,,,,
helios_p_noxt,7,0.0062308520794029,bp_full,0.0046411722648319,,,,,,,,,,,,,,,
helios_p_noxt,8,0.0061174768419792,bm,0.0044222466599601,,,,,,,,,,,,,,,
helios_p_noxt,9,0.0060265052653615,bm,0.0042977924540525,,,,,,,,,,,,,,,
h2_p_noxt,11,0.0083934286405464,bp_corr,0.006372816671525,,,,,,,,,,,,,,,
h2_p_noxt,12,0.0081779372664016,bm,0.0062298668510119,,,,,,,,,,,,,,,
h2_p_noxt,13,0.0080905809582659,bp_corr,0.0062384340021039,,,,,,,,,,,,,,,
h2_p_noxt,14,0.008115940365335,bm,0.0059426090040867,,,,,,,,,,,,,,,
h2_p_noxt,15,0.0078717148052992,bm,0.0060124898891656,,,,,,,,,,,,,,,
h2_p_noxt,16,0.0078033141215558,bp_full,0.0058862184147503,,,,,,,,,,,,,,,
h2_p_noxt,17,0.0079265401754842,bp_corr,0.0058941819396441,,,,,,,,,,,,,,,
h2_p_noxt,18,0.0077726358525125,bm,0.005801312976081,,,,,,,,,,,,,,,
h2_p_noxt,19,0.0076776348864028,bp_corr,0.0058720157884643,,,,,,,,,,,,,,,
h2_p_noxt,20,0.0077297035593769,bm,0.0057026747660992,,,,,,,,,,,,,,,
h2_p_noxt,21,0.0077733126514047,bm,0.0057640272164355,,,,,,,,,,,,,,,
h2_p_noxt,4,0.0111438921478069,bp_full,0.009008093168566,,,,,,,,,,,,,,,
h2_p_noxt,6,0.0095971367266915,bp_corr,0.0076058148879086,,,,,,,,,,,,,,,
h2_p_noxt,7,0.0094772800320445,bm,0.0072135618457669,,,,,,,,,,,,,,,
h2_p_noxt,8,0.008907604839755,bm,0.006939457087434,,,,,,,,,,,,,,,
h2_p_noxt,9,0.0087727995354327,bm,0.0066529574407234,,,,,,,,,,,,,,,
helios_p,11,0.002120064239412,bm,,,,,,,,,,,,,,,,
helios_p,12,0.0018639100045121,corr_gauge,,,,,,,,,,,,,,,,
helios_p,13,0.0015924340065428,bm,,,,,,,,,,,,,,,,
helios_p,15,0.0010599219197567,seq_match,,,,,,,,,,,,,,,,
helios_p,21,0.0016537777696054,bp_full,,,,,,,,,,,,,,,,
helios_p,4,0.0026269838612756,bm,,,,,,,,,,,,,,,,
helios_p,6,0.0021715327905521,corr_links,,,,,,,,,,,,,,,,
helios_p,7,0.0015142998706133,seq_erasure,,,,,,,,,,,,,,,,
helios_p,8,0.0021606385265134,bm,,,,,,,,,,,,,,,,
helios_p,9,0.0009780484841757,seq_soft,,,,,,,,,,,,,,,,
h2_p,11,0.0061285998723367,cfe,,,,,,,,,,,,,,,,
h2_p,12,0.0060070784009276,cfe0,,,,,,,,,,,,,,,,
h2_p,13,0.0038652033227019,cfe,,,,,,,,,,,,,,,,
h2_p,14,0.0047716494555087,cfe0,,,,,,,,,,,,,,,,
h2_p,15,0.003894151998472,seq_soft,,,,,,,,,,,,,,,,
h2_p,16,0.0037164932419988,seq_soft,,,,,,,,,,,,,,,,
h2_p,17,0.0055933111584782,bp_corr,,,,,,,,,,,,,,,,
h2_p,18,0.003045999144108,bp_full,,,,,,,,,,,,,,,,
h2_p,19,0.004507148009019,bp_full,,,,,,,,,,,,,,,,
h2_p,20,0.0045241348873546,cfe0,,,,,,,,,,,,,,,,
h2_p,21,0.0037625160583995,seq_soft,,,,,,,,,,,,,,,,
h2_p,4,0.0086181607517787,tesseract,,,,,,,,,,,,,,,,
h2_p,7,0.0044210099628977,bp_corr,,,,,,,,,,,,,,,,
h2_p,8,0.0059104884824029,cfe0,,,,,,,,,,,,,,,,
h2_p,9,0.003799670653867,bp_full,,,,,,,,,,,,,,,,
