decoder,noise,d,rounds,p,setup_gb,peak_gb,batch_shots,detectors,s_per_shot,setup_s,estimate_before_gb
bm,biased10,21,d,0.004637,0.48,0.48,8,18502,0.9385,17.5,2.4
bm,biased10,21,d,0.01211,0.48,0.48,8,18502,0.9412,17.5,2.4
bm,biased100,21,d,0.005068,0.47,0.47,8,18502,0.9327,17.4,2.4
bm,biased100,21,d,0.01323,0.46,0.47,8,18502,0.9598,17.6,2.4
bm,em3,21,d,0.001754,0.85,0.87,9,18502,0.8883,140.2,2.4
bm,em3,21,d,0.004581,0.85,0.85,8,18502,0.9372,139.1,2.4
bm,h2_p,21,d,0.0005,0.47,0.48,9,18502,0.8143,22.7,2.4
bm,h2_p,21,d,0.006,0.45,0.45,7,18502,0.9875,22.8,2.4
bm,h2_p_noxt,21,d,0.003356,0.45,0.46,7,18502,1.019,22.3,2.4
bm,h2_p_noxt,21,d,0.008763,0.47,0.47,8,18502,0.9754,22.5,2.4
bm,helios_p,21,d,6e-05,0.46,0.46,10,18502,0.7199,22.8,2.4
bm,helios_p,21,d,0.003,0.48,0.48,8,18502,0.9708,22.8,2.4
bm,helios_p_noxt,21,d,0.002136,0.48,0.48,8,18502,0.9776,22.3,2.4
bm,helios_p_noxt,21,d,0.005576,0.46,0.46,8,18502,0.9731,22.5,2.4
bm,purez,21,d,0.004917,0.47,0.47,9,18502,0.857,17.3,2.4
bm,purez,21,d,0.01284,0.49,0.49,7,18502,0.9756,17.5,2.4
bm,sd6,21,d,0.003267,0.48,0.48,8,18502,0.9196,16.1,2.4
bm,sd6,21,d,0.00853,0.47,0.47,8,18502,0.9249,16.6,2.4
bm,si1000,21,d,0.002692,0.48,0.48,8,18502,0.9267,17.5,2.4
bm,si1000,21,d,0.007028,0.46,0.46,8,18502,0.9423,17.5,2.4
cfe0,biased10,21,d,0.004637,9.67,9.67,1,18502,45.61,187.1,5.72
cfe0,biased10,21,d,0.01211,9.58,9.58,1,18502,249.6,193.0,5.72
cfe0,biased100,21,d,0.005068,9.56,9.56,1,18502,46.52,186.4,5.72
cfe0,biased100,21,d,0.01323,9.57,9.57,1,18502,261.3,189.7,5.72
cfe0,em3,9,d,0.001754,0.54,0.54,12,1450,0.648,15.2,1.03
cfe0,em3,13,d,0.001754,1.5,1.5,3,4382,2.555,52.8,1.85
cfe0,em3,21,5,0.003017,1.44,1.44,2,4406,3.608,55.7,2.0
cfe0,em3,15,d,0.001754,2.34,2.34,1,6736,4.516,83.2,2.5
cfe0,em3,21,10,0.002456,3.04,3.04,1,8811,8.905,111.7,3.16
cfe0,em3,17,d,0.001754,3.44,3.44,1,9810,7.319,121.7,3.35
cfe0,em3,19,d,0.001754,4.86,4.86,1,13700,11.09,175.1,4.41
cfe0,em3,21,d,0.001754,6.62,6.62,1,18502,21.78,253.5,5.72
cfe0,em3,21,d,0.001754,6.56,6.56,1,18502,22.22,233.8,5.72
cfe0,em3,21,d,0.004581,6.72,6.72,1,18502,102.6,247.0,5.72
cfe0,h2_p,21,d,0.0005,9.59,9.59,1,18502,9.272,195.4,5.72
cfe0,h2_p,21,d,0.006,9.58,9.58,1,18502,183.1,195.5,5.72
cfe0,h2_p_noxt,21,d,0.003356,9.59,9.59,1,18502,23.79,202.6,5.72
cfe0,h2_p_noxt,21,d,0.008763,9.58,9.58,1,18502,149.1,196.0,5.72
cfe0,helios_p,9,d,6e-05,0.67,0.67,25,1450,0.2984,11.1,1.03
cfe0,helios_p,13,d,6e-05,2.2,2.2,6,4382,1.124,38.4,1.85
cfe0,helios_p,21,5,7.869e-05,1.91,1.91,5,4406,1.334,39.1,2.0
cfe0,helios_p,15,d,6e-05,3.33,3.33,4,6736,1.963,62.9,2.5
cfe0,helios_p,21,10,7.099e-05,4.32,4.32,2,8811,2.884,83.9,3.16
cfe0,helios_p,17,d,6e-05,4.94,4.94,2,9810,2.969,95.8,3.35
cfe0,helios_p,19,d,6e-05,6.98,6.98,1,13700,4.513,136.5,4.41
cfe0,helios_p,21,d,6e-05,9.57,9.57,1,18502,7.884,201.4,5.72
cfe0,helios_p,21,d,6e-05,9.51,9.51,1,18502,6.842,183.0,5.72
cfe0,helios_p,21,d,0.003,9.56,9.56,1,18502,308.3,192.9,5.72
cfe0,helios_p_noxt,21,d,0.002136,9.58,9.58,1,18502,21.89,204.4,5.72
cfe0,helios_p_noxt,21,d,0.005576,9.57,9.57,1,18502,135.2,205.6,5.72
cfe0,purez,21,d,0.004917,9.59,9.59,1,18502,38.35,185.6,5.72
cfe0,purez,21,d,0.01284,9.59,9.59,1,18502,229.1,186.0,5.72
cfe0,sd6,9,d,0.003267,0.74,0.74,11,1450,0.7368,10.7,1.03
cfe0,sd6,13,d,0.003267,2.2,2.2,2,4382,2.896,37.0,1.85
cfe0,sd6,21,5,0.005619,1.96,1.96,1,4406,4.643,36.4,2.0
cfe0,sd6,15,d,0.003267,3.33,3.33,1,6736,5.096,60.6,2.5
cfe0,sd6,21,10,0.004574,4.32,4.32,1,8811,12.07,81.3,3.16
cfe0,sd6,17,d,0.003267,4.94,4.94,1,9810,9.298,92.6,3.35
cfe0,sd6,19,d,0.003267,6.95,6.95,1,13700,16.19,128.9,4.41
cfe0,sd6,21,d,0.003267,9.58,9.58,1,18502,27.43,184.9,5.72
cfe0,sd6,21,d,0.003267,9.51,9.51,1,18502,23.33,178.1,5.72
cfe0,sd6,21,d,0.00853,9.56,9.56,1,18502,181.2,188.5,5.72
cfe0,si1000,21,d,0.002692,9.58,9.58,1,18502,27.24,185.1,5.72
cfe0,si1000,21,d,0.007028,9.57,9.57,1,18502,172.5,188.8,5.72
corr_gauge,biased10,21,d,0.002959,0.6,0.85,2607,18502,0.00299,21.1,1.6
corr_gauge,biased10,21,d,0.01183,0.58,0.7,347,18502,0.02481,21.4,1.6
corr_gauge,biased100,21,d,0.003141,0.62,0.86,2695,18502,0.003276,21.4,1.6
corr_gauge,biased100,21,d,0.01256,0.63,0.75,353,18502,0.02498,21.0,1.6
corr_gauge,em3,21,d,0.001396,0.97,1.39,3819,18502,0.002184,145.2,1.6
corr_gauge,em3,21,d,0.005582,0.95,1.05,605,18502,0.01416,144.5,1.6
corr_gauge,h2_p,21,d,0.0005,0.62,1.37,10120,18502,0.0007653,26.9,1.6
corr_gauge,h2_p,21,d,0.006,0.59,0.72,572,18502,0.01489,26.9,1.6
corr_gauge,h2_p_noxt,21,d,0.002503,0.63,0.96,3418,18502,0.002274,26.1,1.6
corr_gauge,h2_p_noxt,21,d,0.01001,0.58,0.7,471,18502,0.01434,25.9,1.6
corr_gauge,helios_p,21,d,6e-05,0.6,1.83,20073,18502,0.000434,27.0,1.6
corr_gauge,helios_p,21,d,0.003,0.62,0.74,295,18502,0.02842,26.6,1.6
corr_gauge,helios_p_noxt,21,d,0.001593,0.63,0.95,3854,18502,0.002409,26.3,1.6
corr_gauge,helios_p_noxt,21,d,0.006371,0.59,0.71,506,18502,0.01606,26.3,1.6
corr_gauge,purez,21,d,0.0032,0.62,0.85,2014,18502,0.00374,21.0,1.6
corr_gauge,purez,21,d,0.0128,0.61,0.73,366,18502,0.02352,21.7,1.6
corr_gauge,sd6,21,d,0.002433,0.62,0.94,3097,18502,0.002606,20.8,1.6
corr_gauge,sd6,21,d,0.009733,0.59,0.71,495,18502,0.01613,21.3,1.6
corr_gauge,si1000,21,d,0.002088,0.61,0.9,3180,18502,0.002968,21.4,1.6
corr_gauge,si1000,21,d,0.008351,0.58,0.7,355,18502,0.02358,21.6,1.6
corr_links,biased10,21,d,0.002682,0.52,0.94,4370,18502,0.001547,20.3,1.6
corr_links,biased10,21,d,0.01073,0.53,0.54,603,18502,0.01365,20.4,1.6
corr_links,biased100,21,d,0.002795,0.51,0.81,3539,18502,0.002123,20.5,1.6
corr_links,biased100,21,d,0.01118,0.5,0.51,544,18502,0.0148,20.4,1.6
corr_links,em3,21,d,0.001308,0.89,1.81,8160,18502,0.001006,144.3,1.6
corr_links,em3,21,d,0.005233,0.9,1.0,997,18502,0.008252,143.4,1.6
corr_links,h2_p,21,d,0.0005,0.53,2.0,17739,18502,0.0004219,25.8,1.6
corr_links,h2_p,21,d,0.006,0.49,0.53,706,18502,0.01123,25.8,1.6
corr_links,h2_p_noxt,21,d,0.002461,0.52,1.03,6542,18502,0.001238,25.7,1.6
corr_links,h2_p_noxt,21,d,0.009845,0.49,0.52,804,18502,0.009823,25.8,1.6
corr_links,helios_p,21,d,6e-05,0.51,3.16,36581,18502,0.0002482,25.9,1.6
corr_links,helios_p,21,d,0.003,0.49,0.5,490,18502,0.01612,25.7,1.6
corr_links,helios_p_noxt,21,d,0.001566,0.52,1.04,7083,18502,0.001188,25.4,1.6
corr_links,helios_p_noxt,21,d,0.006265,0.48,0.51,753,18502,0.009863,25.1,1.6
corr_links,purez,21,d,0.00277,0.53,0.93,4811,18502,0.001561,20.4,1.6
corr_links,purez,21,d,0.01108,0.52,0.52,526,18502,0.01476,20.6,1.6
corr_links,sd6,21,d,0.002413,0.52,1.1,5664,18502,0.001241,20.2,1.6
corr_links,sd6,21,d,0.00965,0.53,0.57,799,18502,0.009524,20.2,1.6
corr_links,si1000,21,d,0.00207,0.53,0.93,5236,18502,0.001547,20.5,1.6
corr_links,si1000,21,d,0.008281,0.52,0.54,479,18502,0.01502,20.3,1.6
mwpm,biased10,21,d,0.002128,0.37,1.41,19754,18502,0.000413,17.4,1.4
mwpm,biased10,21,d,0.008514,0.38,0.47,1880,18502,0.004273,17.3,1.4
mwpm,biased100,21,d,0.002166,0.37,1.38,18684,18502,0.0004327,17.7,1.4
mwpm,biased100,21,d,0.008665,0.36,0.42,1826,18502,0.004558,17.8,1.4
mwpm,em3,21,d,0.00109,0.77,2.92,25292,18502,0.0003342,137.6,1.4
mwpm,em3,21,d,0.004361,0.76,1.04,3094,18502,0.002673,137.6,1.4
mwpm,h2_p,21,d,0.0005,0.38,3.35,55188,18502,0.0001553,22.6,1.4
mwpm,h2_p,21,d,0.006,0.39,0.5,2545,18502,0.003344,22.6,1.4
mwpm,h2_p_noxt,21,d,0.002086,0.4,1.85,26947,18502,0.0003243,22.1,1.4
mwpm,h2_p_noxt,21,d,0.008343,0.38,0.5,2877,18502,0.003106,22.1,1.4
mwpm,helios_p,21,d,6e-05,0.37,4.1,69062,18502,0.0001252,22.8,1.4
mwpm,helios_p,21,d,0.003,0.37,0.41,1463,18502,0.005664,22.8,1.4
mwpm,helios_p_noxt,21,d,0.001327,0.39,1.83,26573,18502,0.0003405,22.4,1.4
mwpm,helios_p_noxt,21,d,0.005309,0.4,0.51,2689,18502,0.003311,22.0,1.4
mwpm,purez,21,d,0.002147,0.37,1.41,19643,18502,0.0004183,17.6,1.4
mwpm,purez,21,d,0.00859,0.36,0.43,1869,18502,0.004342,17.3,1.4
mwpm,sd6,21,d,0.002062,0.39,1.64,24270,18502,0.0003497,17.4,1.4
mwpm,sd6,21,d,0.008248,0.36,0.45,2331,18502,0.003431,17.5,1.4
mwpm,si1000,21,d,0.00174,0.37,1.54,21098,18502,0.0003858,17.1,1.4
mwpm,si1000,21,d,0.006959,0.37,0.46,1938,18502,0.004297,17.4,1.4
seq_match,biased10,21,d,0.001916,0.38,0.39,167,18502,0.04765,18.3,1.6
seq_match,biased10,21,d,0.007662,0.36,0.37,126,18502,0.06674,18.1,1.6
seq_match,biased100,21,d,0.00195,0.39,0.4,169,18502,0.04644,18.1,1.6
seq_match,biased100,21,d,0.007799,0.37,0.38,112,18502,0.07744,18.6,1.6
seq_match,em3,21,d,0.0009813,0.78,0.78,279,18502,0.0304,141.5,1.6
seq_match,em3,21,d,0.003925,0.78,0.78,216,18502,0.04097,138.9,1.6
seq_match,h2_p,21,d,0.0005,0.39,0.4,145,18502,0.04827,23.2,1.6
seq_match,h2_p,21,d,0.006,0.39,0.39,124,18502,0.06468,23.3,1.6
seq_match,h2_p_noxt,21,d,0.001877,0.39,0.4,231,18502,0.04175,22.7,1.6
seq_match,h2_p_noxt,21,d,0.007509,0.36,0.37,171,18502,0.04733,22.9,1.6
seq_match,helios_p,21,d,6e-05,0.4,0.4,227,18502,0.04306,23.4,1.6
seq_match,helios_p,21,d,0.003,0.4,0.4,28,18502,0.2765,23.3,1.6
seq_match,helios_p_noxt,21,d,0.001195,0.39,0.4,220,18502,0.04043,22.9,1.6
seq_match,helios_p_noxt,21,d,0.004778,0.36,0.36,158,18502,0.05127,23.3,1.6
seq_match,purez,21,d,0.001933,0.39,0.4,214,18502,0.04257,18.3,1.6
seq_match,purez,21,d,0.007731,0.4,0.4,124,18502,0.06471,18.0,1.6
seq_match,sd6,21,d,0.001856,0.37,0.38,156,18502,0.04698,18.5,1.6
seq_match,sd6,21,d,0.007423,0.37,0.37,139,18502,0.05734,18.1,1.6
seq_match,si1000,21,d,0.001566,0.38,0.38,215,18502,0.04765,18.1,1.6
seq_match,si1000,21,d,0.006263,0.35,0.36,138,18502,0.0603,18.4,1.6
seq_soft,biased10,21,d,0.002766,0.38,0.41,10,18502,0.7467,17.3,2.2
seq_soft,biased10,21,d,0.007222,0.4,0.43,9,18502,0.7857,17.8,2.2
seq_soft,biased100,21,d,0.002815,0.41,0.41,10,18502,0.7725,17.5,2.2
seq_soft,biased100,21,d,0.007351,0.39,0.42,10,18502,0.7544,17.3,2.2
seq_soft,em3,21,d,0.001417,0.78,0.79,12,18502,0.6178,139.0,2.2
seq_soft,em3,21,d,0.0037,0.79,0.8,14,18502,0.5957,137.1,2.2
seq_soft,h2_p,21,d,0.0005,0.41,0.41,9,18502,0.796,22.5,2.2
seq_soft,h2_p,21,d,0.006,0.4,0.43,9,18502,0.7908,22.6,2.2
seq_soft,h2_p_noxt,21,d,0.002711,0.38,0.4,11,18502,0.7412,22.3,2.2
seq_soft,h2_p_noxt,21,d,0.007078,0.38,0.41,10,18502,0.78,22.2,2.2
seq_soft,helios_p,21,d,6e-05,0.38,0.4,10,18502,0.7767,22.5,2.2
seq_soft,helios_p,21,d,0.003,0.39,0.42,10,18502,0.7559,22.5,2.2
seq_soft,helios_p_noxt,21,d,0.001725,0.42,0.42,10,18502,0.7711,22.1,2.2
seq_soft,helios_p_noxt,21,d,0.004504,0.41,0.42,10,18502,0.7378,22.2,2.2
seq_soft,purez,21,d,0.002791,0.38,0.41,10,18502,0.8541,17.4,2.2
seq_soft,purez,21,d,0.007287,0.39,0.42,9,18502,0.7683,17.5,2.2
seq_soft,sd6,21,d,0.00268,0.35,0.38,10,18502,0.6925,15.6,2.2
seq_soft,sd6,21,d,0.006997,0.37,0.39,11,18502,0.6703,15.6,2.2
seq_soft,si1000,21,d,0.002261,0.4,0.43,10,18502,0.7,16.8,2.2
seq_soft,si1000,21,d,0.005903,0.4,0.42,11,18502,0.6859,17.4,2.2
tesseract,biased10,9,10,0.006491,0.14,0.15,1,1611,6.308,1.7,7.1
tesseract,biased10,9,10,0.01695,0.16,0.18,1,1611,10.67,1.7,7.1
tesseract,biased100,9,10,0.007095,0.15,0.17,4,1611,5.959,1.8,7.1
tesseract,biased100,9,10,0.01852,0.13,0.15,1,1611,10.61,1.7,7.1
tesseract,em3,9,10,0.002456,0.19,0.21,1,1611,5.491,10.0,7.1
tesseract,em3,9,10,0.006413,0.18,0.2,1,1611,11.94,9.7,7.1
tesseract,h2_p,9,10,0.0005916,0.16,0.17,205,1611,0.03667,2.0,7.1
tesseract,h2_p,9,10,0.0084,0.16,0.18,1,1611,9.983,2.1,7.1
tesseract,h2_p_noxt,9,10,0.004699,0.18,0.2,5,1611,5.007,2.0,7.1
tesseract,h2_p_noxt,9,10,0.01227,0.17,0.19,1,1611,11.22,2.1,7.1
tesseract,helios_p,9,10,7.099e-05,0.16,0.16,799,1611,0.01008,2.0,7.1
tesseract,helios_p,9,10,0.0042,0.17,0.19,1,1611,9.566,2.0,7.1
tesseract,helios_p_noxt,9,10,0.00299,0.18,0.2,1,1611,5.456,1.9,7.1
tesseract,helios_p_noxt,9,10,0.007807,0.16,0.18,1,1611,10.73,2.1,7.1
tesseract,purez,9,10,0.006884,0.17,0.18,1,1611,5.565,1.6,7.1
tesseract,purez,9,10,0.01797,0.17,0.19,1,1611,10.51,1.6,7.1
tesseract,sd6,9,10,0.004574,0.1,0.12,1,1611,5.702,2.4,7.1
tesseract,sd6,9,10,0.01194,0.13,0.14,1,1611,9.918,2.1,7.1
tesseract,si1000,9,10,0.003768,0.15,0.17,1,1611,5.922,1.7,7.1
tesseract,si1000,9,10,0.009839,0.18,0.19,1,1611,9.504,1.6,7.1
cfe,biased10,21,d,0.004637,9.35,9.35,1,18502,59.63,190.6,6.04
cfe,biased10,21,d,0.01211,9.36,9.36,1,18502,262.1,194.2,6.04
cfe,biased100,21,d,0.005068,9.35,9.35,1,18502,48.14,191.1,6.04
cfe,biased100,21,d,0.01323,9.51,9.51,1,18502,283.5,190.1,6.04
cfe,em3,21,d,0.001754,6.45,6.45,1,18502,30.41,249.3,6.04
cfe,em3,21,d,0.004581,6.44,6.44,1,18502,113.2,246.2,6.04
cfe,h2_p,21,d,0.0005,9.37,9.37,1,18502,16.13,196.4,6.04
cfe,h2_p,21,d,0.006,9.37,9.37,1,18502,163.7,198.9,6.04
cfe,h2_p_noxt,21,d,0.003356,9.36,9.36,1,18502,35.55,194.8,6.04
cfe,h2_p_noxt,21,d,0.008763,9.52,9.52,1,18502,140.4,202.4,6.04
cfe,helios_p,21,d,6e-05,9.36,9.36,1,18502,14.1,209.9,6.04
cfe,helios_p,21,d,0.003,9.37,9.37,1,18502,321.1,193.2,6.04
cfe,helios_p_noxt,21,d,0.002136,9.51,9.51,1,18502,29.06,189.9,6.04
cfe,helios_p_noxt,21,d,0.005576,9.36,9.36,1,18502,148.1,192.4,6.04
cfe,purez,21,d,0.004917,9.5,9.5,1,18502,45.62,191.8,6.04
cfe,purez,21,d,0.01284,9.51,9.51,1,18502,257.3,191.8,6.04
cfe,sd6,13,d,0.003267,2.18,2.18,2,4382,3.674,38.7,1.82
cfe,sd6,21,5,0.005619,1.96,1.96,1,4406,5.122,36.3,1.95
cfe,sd6,21,10,0.004574,4.26,4.26,1,8811,15.03,85.7,3.07
cfe,sd6,17,d,0.003267,4.95,4.95,1,9810,12.31,95.6,3.26
cfe,sd6,21,d,0.003267,9.36,9.36,1,18502,35.59,188.1,6.04
cfe,sd6,21,d,0.00853,9.37,9.37,1,18502,166.8,188.7,6.04
cfe,si1000,21,d,0.002692,9.51,9.51,1,18502,34.43,188.1,6.04
cfe,si1000,21,d,0.007028,9.5,9.5,1,18502,163,188.3,6.04
cfe_tn,biased100,21,1,0.02098,0.08,0.09,1,882,11.32,3.4,1.16
cfe_tn,biased100,21,1,0.05478,0.08,0.09,1,882,13.5,3.5,1.16
cfe_tn,em3,21,1,0.007263,0.11,0.11,1,882,9.548,9.6,1.16
cfe_tn,em3,21,1,0.01896,0.11,0.12,1,882,38.49,9.7,1.16
cfe_tn,h2_p,21,1,0.001017,0.1,0.1,6,882,1.291,3.8,1.16
cfe_tn,h2_p,21,1,0.02484,0.08,0.09,1,882,17.84,3.7,1.16
cfe_tn,helios_p,21,1,0.0001221,0.09,0.09,6,882,1.205,3.7,1.16
cfe_tn,helios_p,21,1,0.01242,0.09,0.1,2,882,5.137,3.8,1.16
cfe_tn,sd6,5,2,0.009147,0.09,0.1,1,99,24.54,1.5,0.83
cfe_tn,sd6,5,2,0.02388,0.08,0.09,1,99,30.17,1.5,0.83
cfe_tn,sd6,21,1,0.01353,0.08,0.09,2,882,4.901,3.4,1.16
cfe_tn,sd6,21,1,0.03531,0.09,0.1,1,882,18.79,3.5,1.16
tesseract,sd6,11,d,0.005568,0.2,0.2,1,0,12.478,2.9,11.26
tesseract,sd6,13,d,0.005568,0.29,0.29,1,0,17.39,4.9,18.03
tesseract,sd6,15,d,0.005568,0.4,0.4,1,0,25.192,7.8,27.17
tesseract,sd6,17,d,0.01056,0.61,0.61,1,0,56.743,12.9,39.03
tesseract,sd6,19,d,0.01056,0.92,0.92,1,0,78.779,19.7,53.98
tesseract,sd6,21,d,0.01056,1.44,1.44,1,0,106.001,30.0,72.37
