noise,d,p,decoder,shots,errors
b100,3,0.007,cfe,4000,194.0
b100,3,0.007,tc,4000,202.0
b100,3,0.007,mwpm,4000,359.0
b100,3,0.007,hcm,4000,263.0
b100,3,0.007,bm,4000,229.0
b100,3,0.008,cfe,4000,272.0
b100,3,0.008,tc,4000,279.0
b100,3,0.008,mwpm,4000,461.0
b100,3,0.008,hcm,4000,372.0
b100,3,0.008,bm,4000,306.0
b100,3,0.009,cfe,4000,320.0
b100,3,0.009,tc,4000,322.0
b100,3,0.009,mwpm,4000,575.0
b100,3,0.009,hcm,4000,430.0
b100,3,0.009,bm,4000,388.0
b100,3,0.011,cfe,4000,493.0
b100,3,0.011,tc,4000,492.0
b100,3,0.011,mwpm,4000,779.0
b100,3,0.011,hcm,4000,636.0
b100,3,0.011,bm,4000,530.0
b100,3,0.01,cfe,4000,412.0
b100,3,0.01,tc,4000,407.0
b100,3,0.01,mwpm,4000,675.0
b100,3,0.01,hcm,4000,529.0
b100,3,0.01,bm,4000,444.0
b100,5,0.007,cfe,2000,55.0
b100,5,0.007,tc,2000,55.0
b100,5,0.007,mwpm,2000,259.0
b100,5,0.007,hcm,2000,139.0
b100,5,0.007,bm,2000,72.0
b100,5,0.008,cfe,2000,106.0
b100,5,0.008,tc,2000,104.0
b100,5,0.008,mwpm,2000,379.0
b100,5,0.008,hcm,2000,199.0
b100,5,0.008,bm,2000,143.0
b100,5,0.009,cfe,2000,154.0
b100,5,0.009,tc,2000,152.0
b100,5,0.009,mwpm,2000,477.0
b100,5,0.009,hcm,2000,284.0
b100,5,0.009,bm,2000,176.0
b100,5,0.011,cfe,2000,280.0
b100,5,0.011,tc,2000,291.0
b100,5,0.011,mwpm,2000,663.0
b100,5,0.011,hcm,2000,524.0
b100,5,0.011,bm,2000,361.0
b100,5,0.01,cfe,2000,207.0
b100,5,0.01,tc,2000,209.0
b100,5,0.01,mwpm,2000,578.0
b100,5,0.01,hcm,2000,383.0
b100,5,0.01,bm,2000,259.0
b100,7,0.008,cfe,600,24.0
b100,7,0.008,tc,600,23.0
b100,7,0.008,mwpm,600,172.0
b100,7,0.008,hcm,600,83.0
b100,7,0.008,bm,600,32.0
b100,7,0.009,cfe,600,51.0
b100,7,0.009,tc,600,55.0
b100,7,0.009,mwpm,600,214.0
b100,7,0.009,hcm,600,124.0
b100,7,0.009,bm,600,76.0
b100,7,0.01,cfe,600,69.0
b100,7,0.01,tc,600,67.0
b100,7,0.01,mwpm,600,251.0
b100,7,0.01,hcm,600,154.0
b100,7,0.01,bm,600,91.0
sd6,3,0.0055,cfe,4000,142.0
sd6,3,0.0055,tc,4000,141.0
sd6,3,0.0055,mwpm,4000,181.0
sd6,3,0.0055,hcm,4000,153.0
sd6,3,0.0055,bm,4000,146.0
sd6,3,0.005,cfe,4000,132.0
sd6,3,0.005,tc,4000,126.0
sd6,3,0.005,mwpm,4000,164.0
sd6,3,0.005,hcm,4000,150.0
sd6,3,0.005,bm,4000,137.0
sd6,3,0.0065,cfe,4000,205.0
sd6,3,0.0065,tc,4000,212.0
sd6,3,0.0065,mwpm,4000,278.0
sd6,3,0.0065,hcm,4000,223.0
sd6,3,0.0065,bm,4000,217.0
sd6,3,0.006,cfe,4000,191.0
sd6,3,0.006,tc,4000,186.0
sd6,3,0.006,mwpm,4000,232.0
sd6,3,0.006,hcm,4000,208.0
sd6,3,0.006,bm,4000,195.0
sd6,3,0.007,cfe,4000,241.0
sd6,3,0.007,tc,4000,248.0
sd6,3,0.007,mwpm,4000,315.0
sd6,3,0.007,hcm,4000,274.0
sd6,3,0.007,bm,4000,256.0
sd6,5,0.0055,cfe,2000,85.0
sd6,5,0.0055,tc,2000,94.0
sd6,5,0.0055,mwpm,2000,154.0
sd6,5,0.0055,hcm,2000,111.0
sd6,5,0.0055,bm,2000,95.0
sd6,5,0.005,cfe,2000,60.0
sd6,5,0.005,tc,2000,62.0
sd6,5,0.005,mwpm,2000,110.0
sd6,5,0.005,hcm,2000,77.0
sd6,5,0.005,bm,2000,67.0
sd6,5,0.0065,cfe,2000,144.0
sd6,5,0.0065,tc,2000,149.0
sd6,5,0.0065,mwpm,2000,227.0
sd6,5,0.0065,hcm,2000,181.0
sd6,5,0.0065,bm,2000,161.0
sd6,5,0.006,cfe,2000,124.0
sd6,5,0.006,tc,2000,127.0
sd6,5,0.006,mwpm,2000,192.0
sd6,5,0.006,hcm,2000,171.0
sd6,5,0.006,bm,2000,124.0
sd6,5,0.007,cfe,2000,169.0
sd6,5,0.007,tc,2000,174.0
sd6,5,0.007,mwpm,2000,249.0
sd6,5,0.007,hcm,2000,197.0
sd6,5,0.007,bm,2000,174.0
sd6,7,0.0055,cfe,600,35.0
sd6,7,0.0055,tc,600,34.0
sd6,7,0.0055,mwpm,600,54.0
sd6,7,0.0055,hcm,600,44.0
sd6,7,0.0055,bm,600,23.0
sd6,7,0.0065,cfe,600,59.0
sd6,7,0.0065,tc,600,67.0
sd6,7,0.0065,mwpm,600,97.0
sd6,7,0.0065,hcm,600,55.0
sd6,7,0.0065,bm,600,56.0
sd6,7,0.006,cfe,600,26.0
sd6,7,0.006,tc,600,30.0
sd6,7,0.006,mwpm,600,58.0
sd6,7,0.006,hcm,600,38.0
sd6,7,0.006,bm,600,23.0
