noise,p,d,rounds,final,shots,errors,p_L,stderr
uniform,0.002,3,1,ideal,840000,1014,0.0012071428571428571,3.788588226920208e-05
uniform,0.002,3,2,ideal,320000,1013,0.003165625,9.930388679388661e-05
uniform,0.002,3,3,ideal,200000,1033,0.005165,0.00016028603767951843
uniform,0.002,3,4,ideal,140000,1045,0.007464285714285714,0.00023003990574713685
uniform,0.002,3,5,ideal,100000,1023,0.01023,0.0003182035056375086
uniform,0.002,3,6,ideal,80000,1042,0.013025,0.0004008639010780342
uniform,0.002,3,8,ideal,60000,1006,0.016766666666666666,0.0005241746775575796
uniform,0.002,3,10,ideal,60000,1251,0.02085,0.000583313487757655
uniform,0.002,5,1,ideal,3000000,336,0.000112,6.109758751374722e-06
uniform,0.002,5,2,ideal,1920000,1008,0.000525,1.6531604438544373e-05
uniform,0.002,5,3,ideal,860000,1010,0.001174418604651163,3.693236032344415e-05
uniform,0.002,5,4,ideal,580000,1020,0.0017586206896551724,5.501610959880828e-05
uniform,0.002,5,5,ideal,400000,1043,0.0026075,8.063344442211929e-05
uniform,0.002,5,6,ideal,300000,1018,0.0033933333333333333,0.00010617310742716698
uniform,0.002,5,8,ideal,220000,1071,0.004868181818181818,0.00014839263985618053
uniform,0.002,5,10,ideal,160000,1001,0.00625625,0.00019712162070561763
helios,2.0,3,1,ideal,720000,1001,0.0013902777777777778,4.39119210825994e-05
helios,2.0,3,2,ideal,280000,1005,0.003589285714285714,0.00011301710904528283
helios,2.0,3,3,ideal,180000,1060,0.005888888888888889,0.0001803424193112032
helios,2.0,3,4,ideal,120000,1013,0.008441666666666667,0.00026410864132265024
helios,2.0,3,5,ideal,100000,1083,0.01083,0.00032730278183969045
helios,2.0,3,6,ideal,80000,1105,0.0138125,0.000412639595224301
helios,2.0,3,8,ideal,60000,1203,0.02005,0.0005722469964971419
helios,2.0,3,10,ideal,60000,1456,0.024266666666666666,0.0006281957703820728
helios,2.0,5,1,ideal,3000000,385,0.00012833333333333333,6.5400525963453055e-06
helios,2.0,5,2,ideal,1540000,1000,0.0006493506493506494,2.0527602466973636e-05
helios,2.0,5,3,ideal,740000,1006,0.0013594594594594596,4.283234647606096e-05
helios,2.0,5,4,ideal,420000,1034,0.002461904761904762,7.646729439141305e-05
helios,2.0,5,5,ideal,320000,1034,0.00323125,0.00010032461411957779
helios,2.0,5,6,ideal,240000,1020,0.00425,0.00013278958135586792
helios,2.0,5,8,ideal,160000,1011,0.00631875,0.00019809756747682283
helios,2.0,5,10,ideal,140000,1099,0.00785,0.00023586281575768329
