p,d,rounds,decoder,detectors,shots,errors,p_L,stderr,seconds
0.003,3,3,pymatching,s0,40000,598,0.01495,0.000606763905897508,0.1
0.003,3,3,tesseract,all,48000,510,0.010625,0.00046797679284963837,54.9
0.003,3,3,tesseract,s0,36000,511,0.014194444444444445,0.0006234528003019873,2.7
0.003,5,5,pymatching,s0,60000,669,0.01115,0.000428673875652187,0.5
0.003,5,5,tesseract,all,10000,55,0.0055,0.0007395775821372629,408.0
0.003,5,5,tesseract,s0,46000,507,0.011021739130434782,0.0004867876154371062,28.2
0.002,3,3,pymatching,s0,100000,542,0.00542,0.0002321771651131954,0.1
0.002,3,3,tesseract,all,60000,235,0.003916666666666666,0.0002549943263711596,41.0
0.002,3,3,tesseract,s0,60000,373,0.006216666666666666,0.000320884707286543,2.2
0.002,5,5,pymatching,s0,200000,533,0.002665,0.00011528004543285017,0.7
0.002,5,5,tesseract,all,30000,19,0.0006333333333333333,0.0001452506135640767,415.2
0.002,5,5,tesseract,s0,60000,191,0.003183333333333333,0.00022997100260040837,19.7
0.001,3,3,pymatching,s0,380000,500,0.0013157894736842105,5.880516831352479e-05,0.1
0.001,3,3,tesseract,all,60000,39,0.00065,0.00010404946740212882,20.1
0.001,3,3,tesseract,s0,60000,79,0.0013166666666666667,0.0001480390182550733,1.3
0.001,5,5,pymatching,s0,1940000,501,0.0002582474226804124,1.1536154082045118e-05,4.6
