protocol,noise,p,d,rounds,init,final,detectors,decoder,shots,errors,p_L,stderr,seconds
ft_mdr,helios_mem1,3.0,3,3,frame,frame,s0,pymatching,80000,1105,0.0138125,0.000412639595224301,0.2
ft_mdr,helios_mem1,3.0,5,5,frame,frame,s0,pymatching,80000,1041,0.0130125,0.00040067403902283835,0.6
ft_mdr,helios_mem1,3.0,7,7,frame,frame,s0,pymatching,100000,1163,0.01163,0.0003390389815345722,2.2
ft_mdr,helios_mem1,2.0,3,3,frame,frame,s0,pymatching,180000,1130,0.006277777777777778,0.00018616550706816737,0.2
ft_mdr,helios_mem1,2.0,5,5,frame,frame,s0,pymatching,320000,1046,0.00326875,0.00010090319112640684,1.4
ft_mdr,helios_mem1,2.0,7,7,frame,frame,s0,pymatching,620000,1020,0.0016451612903225807,5.146960792312615e-05,8.5
ft_mdr,helios_mem1,1.5,3,3,frame,frame,s0,pymatching,300000,1035,0.00345,0.00010705290748036691,0.2
ft_mdr,helios_mem1,1.5,5,5,frame,frame,s0,pymatching,800000,1010,0.0012625,3.970053673676844e-05,2.6
ft_mdr,helios_mem1,1.5,7,7,frame,frame,s0,pymatching,2380000,1004,0.0004218487394957983,1.3310619743521787e-05,25.4
ft_mdr,helios_mem1,1.0,3,3,frame,frame,s0,pymatching,680000,1010,0.0014852941176470588,4.670130397208258e-05,0.3
ft_mdr,helios_mem1,1.0,5,5,frame,frame,s0,pymatching,3120000,1001,0.00032083333333333334,1.0138944960183323e-05,7.5
ft_mdr,helios_mem1,1.0,7,7,frame,frame,s0,pymatching,4000000,229,5.725e-05,3.783078192342183e-06,28.7
ft_mdr,helios_mem1,0.5,3,3,frame,frame,s0,pymatching,2760000,1004,0.00036376811594202897,1.1478331645105014e-05,0.8
ft_mdr,helios_mem1,0.5,5,5,frame,frame,s0,pymatching,4000000,140,3.5e-05,2.9579881253987483e-06,7.1
ft_mdr,helios_mem1,0.5,7,7,frame,frame,s0,pymatching,4000000,6,1.5e-06,6.123719764162956e-07,19.6
ft_mdr,helios_mem1,0.25,3,3,frame,frame,s0,pymatching,4000000,356,8.9e-05,4.716780655277496e-06,0.8
ft_mdr,helios_mem1,0.25,5,5,frame,frame,s0,pymatching,4000000,18,4.5e-06,1.06065778529175e-06,5.0
ft_mdr,helios_mem1,0.25,7,7,frame,frame,s0,pymatching,4000000,0,0.0,5e-19,12.8
