protocol,noise,p,d,rounds,shots,errors,p_L,stderr
old_full_mdr_lookup,uniform_noidle,0.004,3,3,200000,6209,0.031045,0.00038782217558437784
old_link_logical_plus_dem,uniform_noidle,0.004,3,3,20000,1118,0.0559,0.0016244258985869439
old_full_mdr_lookup,uniform_noidle,0.004,5,3,200000,8377,0.041885,0.0004479433377950832
old_link_logical_plus_dem,uniform_noidle,0.004,5,3,20000,1934,0.0967,0.0020898458077092674
old_full_mdr_lookup,uniform_noidle,0.004,7,3,200000,10677,0.053385,0.0005026680901698456
old_link_logical_plus_dem,uniform_noidle,0.004,7,3,20000,4567,0.22835,0.0029682172890474175
old_full_mdr_lookup,uniform_noidle,0.003,3,3,200000,4616,0.02308,0.00033576266617955014
old_link_logical_plus_dem,uniform_noidle,0.003,3,3,20000,858,0.0429,0.0014328222150706625
old_full_mdr_lookup,uniform_noidle,0.003,5,3,200000,6363,0.031815,0.000392446211441772
old_link_logical_plus_dem,uniform_noidle,0.003,5,3,20000,1455,0.07275,0.001836538013491689
old_full_mdr_lookup,uniform_noidle,0.003,7,3,200000,8144,0.04072,0.0004419382400290792
old_link_logical_plus_dem,uniform_noidle,0.003,7,3,20000,3635,0.18175,0.0027268749283749704
old_full_mdr_lookup,uniform_noidle,0.002,3,3,200000,3102,0.01551,0.00027630996996127376
old_link_logical_plus_dem,uniform_noidle,0.002,3,3,20000,579,0.02895,0.001185577865431031
old_full_mdr_lookup,uniform_noidle,0.002,5,3,200000,4340,0.0217,0.00032579986187842376
old_link_logical_plus_dem,uniform_noidle,0.002,5,3,20000,1084,0.0542,0.0016009740784909668
old_full_mdr_lookup,uniform_noidle,0.002,7,3,200000,5497,0.027485,0.0003655788203315395
old_link_logical_plus_dem,uniform_noidle,0.002,7,3,20000,2501,0.12505,0.002338936697518768
old_full_mdr_lookup,uniform_noidle,0.0015,3,3,200000,2427,0.012135,0.0002448238323264302
old_link_logical_plus_dem,uniform_noidle,0.0015,3,3,20000,477,0.02385,0.001078915601425802
old_full_mdr_lookup,uniform_noidle,0.0015,5,3,200000,3223,0.016115,0.0002815608883971636
old_link_logical_plus_dem,uniform_noidle,0.0015,5,3,20000,790,0.0395,0.0013773116931181555
old_full_mdr_lookup,uniform_noidle,0.0015,7,3,200000,4176,0.02088,0.0003197188264710103
old_link_logical_plus_dem,uniform_noidle,0.0015,7,3,20000,1965,0.09825,0.0021047201417290617
old_full_mdr_lookup,uniform_noidle,0.001,3,3,200000,1603,0.008015,0.00019938354715221614
old_link_logical_plus_dem,uniform_noidle,0.001,3,3,40000,559,0.013975,0.0005869348212323069
old_full_mdr_lookup,uniform_noidle,0.001,5,3,200000,2117,0.010585,0.00022883353966366034
old_link_logical_plus_dem,uniform_noidle,0.001,5,3,20000,505,0.02525,0.0011093339781147965
old_full_mdr_lookup,uniform_noidle,0.001,7,3,200000,2798,0.01399,0.0002626240649673979
old_link_logical_plus_dem,uniform_noidle,0.001,7,3,20000,1341,0.06705,0.0017685346688713795
old_full_mdr_lookup,uniform_noidle,0.0005,3,3,200000,767,0.003835,0.00013820804562325595
old_link_logical_plus_dem,uniform_noidle,0.0005,3,3,40000,291,0.007275,0.0004249139434932678
old_full_mdr_lookup,uniform_noidle,0.0005,5,3,200000,1088,0.00544,0.00016447501937984384
old_link_logical_plus_dem,uniform_noidle,0.0005,5,3,40000,556,0.0139,0.0005853800047832177
old_full_mdr_lookup,uniform_noidle,0.0005,7,3,200000,1405,0.007025,0.00018675718694336773
old_link_logical_plus_dem,uniform_noidle,0.0005,7,3,20000,714,0.0357,0.0013119738945573576
old_full_mdr_lookup,uniform_noidle,0.00025,3,3,200000,451,0.002255,0.00010606401310057997
old_link_logical_plus_dem,uniform_noidle,0.00025,3,3,40000,139,0.003475,0.0002942330868121394
old_full_mdr_lookup,uniform_noidle,0.00025,5,3,200000,533,0.002665,0.00011528004543285017
old_link_logical_plus_dem,uniform_noidle,0.00025,5,3,40000,270,0.00675,0.00040940314788726284
old_full_mdr_lookup,uniform_noidle,0.00025,7,3,200000,698,0.00349,0.00013186773487096833
old_link_logical_plus_dem,uniform_noidle,0.00025,7,3,40000,672,0.0168,0.000642607189502265
