noise,value,d,shots,errors
biased10,0.006,3,8000,309
biased10,0.006,5,8000,214
biased10,0.006,7,8000,148
biased10,0.007,3,5500,305
biased10,0.007,5,6500,300
biased10,0.007,7,7000,303
biased10,0.0076,3,5750,360
biased10,0.0076,5,6100,400
biased10,0.0076,7,6500,406
biased10,0.0078,3,5350,429
biased10,0.0078,5,5700,404
biased10,0.0078,7,5750,399
biased10,0.008,3,4950,403
biased10,0.008,5,4800,404
biased10,0.008,7,5000,400
biased10,0.0082,3,4750,360
biased10,0.0082,5,5000,410
biased10,0.0082,7,4550,401
biased10,0.0084,3,4550,379
biased10,0.0084,5,4200,424
biased10,0.0084,7,4000,424
biased10,0.0086,3,4350,405
biased10,0.0086,5,3900,399
biased10,0.0086,7,3550,408
biased10,0.0088,3,4200,430
biased10,0.0088,5,3650,444
biased10,0.0088,7,3150,400
biased10,0.009,3,3500,352
biased10,0.009,5,3000,352
biased10,0.009,7,2500,354
biased100,0.003,3,10000,61
biased100,0.003,5,10000,13
biased100,0.004,3,10000,115
biased100,0.004,5,10000,40
biased100,0.005,3,10000,223
biased100,0.005,5,10000,102
biased100,0.006,3,8500,305
biased100,0.006,5,10000,198
biased100,0.006,7,6000,75
biased100,0.007,3,10000,541
biased100,0.007,5,10000,381
biased100,0.007,7,6000,157
biased100,0.008,3,8500,634
biased100,0.008,5,7000,457
biased100,0.008,7,7800,429
biased100,0.0082,3,5150,386
biased100,0.0082,5,6250,411
biased100,0.0082,7,6300,408
biased100,0.0084,3,4900,396
biased100,0.0084,5,5500,417
biased100,0.0084,7,5600,399
biased100,0.0086,3,4650,395
biased100,0.0086,5,5000,417
biased100,0.0086,7,4950,401
biased100,0.0088,3,4450,395
biased100,0.0088,5,4700,408
biased100,0.0088,7,4350,400
biased100,0.009,3,7500,712
biased100,0.009,5,5500,505
biased100,0.009,7,4100,428
biased100,0.0092,3,4100,404
biased100,0.0092,5,4100,437
biased100,0.0092,7,3850,439
biased100,0.01,3,4000,444
biased100,0.01,5,2000,259
biased100,0.01,7,600,91
biased100,0.011,3,4000,530
biased100,0.011,5,2000,361
purez,0.008,3,5500,339
purez,0.008,5,5500,322
purez,0.008,7,5000,277
purez,0.0084,3,5750,455
purez,0.0084,5,5700,399
purez,0.0084,7,5550,404
purez,0.0086,3,5400,428
purez,0.0086,5,5150,416
purez,0.0086,7,5250,418
purez,0.0088,3,5100,413
purez,0.0088,5,4700,394
purez,0.0088,7,4700,444
purez,0.009,3,4800,412
purez,0.009,5,4300,393
purez,0.009,7,4250,402
purez,0.0092,3,4550,407
purez,0.0092,5,4000,399
purez,0.0092,7,3850,405
purez,0.0094,3,4350,431
purez,0.0094,5,4100,409
purez,0.0094,7,3400,394
purez,0.0096,3,4100,422
purez,0.0096,5,3550,404
purez,0.0096,7,3100,407
purez,0.01,3,3000,325
purez,0.01,5,2500,325
purez,0.01,7,2000,321
purez,0.011,3,2500,347
purez,0.011,5,2000,352
purez,0.011,7,1500,336
sd6,0.002,3,10000,49
sd6,0.002,5,10000,15
sd6,0.003,3,10000,110
sd6,0.003,5,10000,63
sd6,0.004,3,10000,200
sd6,0.004,5,10000,159
sd6,0.004,7,6500,82
sd6,0.0045,3,10000,266
sd6,0.0045,5,10000,240
sd6,0.0045,7,3500,68
sd6,0.005,3,13500,449
sd6,0.005,5,11000,387
sd6,0.005,7,4000,129
sd6,0.0055,3,11000,452
sd6,0.0055,5,9000,431
sd6,0.0055,7,5100,221
sd6,0.0056,3,9350,368
sd6,0.0056,5,8100,384
sd6,0.0056,7,8300,432
sd6,0.0058,3,8600,406
sd6,0.0058,5,7350,389
sd6,0.0058,7,6950,417
sd6,0.006,3,10000,508
sd6,0.006,5,10900,652
sd6,0.006,7,7300,431
sd6,0.0062,3,7550,428
sd6,0.0062,5,6200,417
sd6,0.0062,7,5500,456
sd6,0.0064,3,7200,405
sd6,0.0064,5,5700,436
sd6,0.0064,7,5100,398
sd6,0.0065,3,9500,544
sd6,0.0065,5,6500,477
sd6,0.0065,7,4600,382
sd6,0.0066,3,6750,435
sd6,0.0066,5,5050,395
sd6,0.0066,7,4500,428
sd6,0.0068,3,6250,395
sd6,0.0068,5,4550,423
sd6,0.0068,7,3700,410
sd6,0.007,3,8500,588
sd6,0.007,5,5000,497
sd6,0.007,7,2500,331
si1000,0.004,3,11050,404
si1000,0.004,5,13450,408
si1000,0.004,7,15350,401
si1000,0.0042,3,10050,389
si1000,0.0042,5,11400,404
si1000,0.0042,7,12300,404
si1000,0.0044,3,9100,388
si1000,0.0044,5,9700,436
si1000,0.0044,7,10000,398
si1000,0.0045,3,6500,300
si1000,0.0045,5,7000,315
si1000,0.0045,7,6500,312
si1000,0.0046,3,8350,390
si1000,0.0046,5,8200,405
si1000,0.0046,7,7950,405
si1000,0.0048,3,7650,400
si1000,0.0048,5,7250,399
si1000,0.0048,7,7050,396
si1000,0.005,3,7050,394
si1000,0.005,5,6300,395
si1000,0.005,7,5900,408
si1000,0.0055,3,4500,310
si1000,0.0055,5,4000,313
si1000,0.0055,7,3500,343
