noise,decoder,crude,pth,err,unc,nu,chi2r,n,pth_all,dists
sd6,mwpm,0.0040122505764755,0.0041086905042131,2.816302077921555e-05,0.0001151832873565,1.1892816614076154,0.7588104028009428,27.0,0.0039932580352718,"5,7,9"
sd6,corr_links,0.0048570556967219,0.0049988103464368,5.113181736512796e-05,0.0001269016771043,1.2262660229710711,2.028566619645832,18.0,0.0048682009267496,"5,7,9"
sd6,corr_gauge,0.0049254494245293,0.0050080648369247,2.7287973566905223e-05,0.0001505542280311,1.06366385349636,2.294200902114228,21.0,0.0049050215551633,"5,7,9"
si1000,mwpm,0.0034502820462296,0.0036004450045136,2.458817868137443e-05,6.616941692750818e-05,1.239485350563828,1.4246519885384348,30.0,0.0035445182894962,"5,7,9"
si1000,corr_links,0.0043067296233444,0.0042585509817285,3.233037595609186e-05,5.80249625206585e-05,1.091001678175708,1.1483556914119544,18.0,0.0042382374779608,"5,7,9"
si1000,corr_gauge,0.004283574407857,0.0043529824086436,3.1558511818118166e-05,0.0002187679687624,1.169769492221289,1.1917970470346269,30.0,0.0043024394900884,"5,7,9"
biased10,mwpm,0.0043951311666091,0.0043681942899143,2.740371750736084e-05,0.0001162193809181,1.173386439054204,1.7495160965097598,27.0,0.0043436623735051,"5,7,9"
biased10,corr_links,0.005818066722752,0.0056918335300232,4.017056303742908e-05,0.0001197110007305,1.106933071454093,1.575990418751151,18.0,0.0057168667403228,"5,7,9"
biased10,corr_gauge,0.0064118110505784,0.0063895301028116,3.155973366954871e-05,9.71321961114632e-05,1.0749043493393975,0.6241601493403824,30.0,0.0063740547309893,"5,7,9"
biased100,mwpm,0.0043527835518538,0.0044335637171327,2.6190000892031852e-05,4.46061898751386e-05,1.11824114114595,2.526169855413789,27.0,0.0043734026050036,"5,7,9"
biased100,corr_links,0.0060568946426535,0.0058902699039202,3.419615813236338e-05,9.520330625760118e-05,1.124526761744373,3.29492500150554,21.0,0.0058931626627042,"5,7,9"
biased100,corr_gauge,0.0066806576792144,0.0067634930033373,3.687128972360714e-05,4.445613766932213e-05,1.0953523657291837,0.9161076260314168,36.0,0.0067888745024304,"5,7,9"
purez,mwpm,0.0043854590540889,0.004446164176544,3.083879274583911e-05,5.066973111870826e-05,1.2486308475436472,1.7248052467728832,30.0,0.0044023947183838,"5,7,9"
purez,corr_gauge,0.0068815651356286,0.0069049350851392,3.395698475939174e-05,0.000120594392458,1.0338017949492595,1.4580265034592284,36.0,0.0068699994861185,"5,7,9"
em3,mwpm,0.0021561964640619,0.0021912242281944,2.131323608568203e-05,6.830467829932506e-05,1.1987442845364304,2.31394059817695,30.0,0.0021761618346144,"5,7,9"
em3,corr_gauge,0.0028613855169328,0.0028409783226469,2.7312693792409992e-05,0.000146238255098,1.081001096470176,1.5619434075616916,30.0,0.0028278214086591,"5,7,9"
sd6,bm,0.0054921838750959,0.0054921838750959,0.0002138753365437,0.0002138753365437,,,,0.0048511379162794,"5,7"
si1000,bm,0.0045942959284719,0.0045942959284719,0.0001559843323082,0.0001559843323082,,,,0.0045075888973118,"5,7"
biased10,bm,0.0079108313036717,0.0079108313036717,0.0002948201852672,0.0002948201852672,,,,0.0078685874017913,"5,7"
biased100,bm,0.0086171192880475,0.0086171192880475,0.0001449510463414,0.0001449510463414,,,,0.0089131402958629,"5,7"
purez,bm,0.008317699191925,0.008317699191925,0.0004238575090168,0.0004238575090168,,,,0.0087109200657376,"5,7"
