noise,value,d,rounds,final,decoder,shots,errors,seconds
biased10,0.002,3,3,frame,corr_gauge,180000,580,0.8
biased10,0.002,3,3,frame,mwpm,80000,558,0.1
biased10,0.002,5,5,frame,corr_gauge,960000,510,25.4
biased10,0.002,5,5,frame,mwpm,220000,538,2.4
biased10,0.002,7,7,frame,corr_gauge,1840000,153,121.8
biased10,0.002,7,7,frame,mwpm,580000,521,15.4
biased10,0.002,9,9,frame,corr_gauge,600000,6,123.9
biased10,0.002,9,9,frame,mwpm,1560000,504,82.5
biased10,0.003,3,3,frame,corr_gauge,60000,575,0.6
biased10,0.003,3,3,frame,corr_links,100000,1080,0.4
biased10,0.003,3,3,frame,mwpm,120000,1892,0.4
biased10,0.003,5,5,frame,corr_gauge,180000,521,10.1
biased10,0.003,5,5,frame,corr_links,100000,431,2.2
biased10,0.003,5,5,frame,mwpm,160000,1577,2.6
biased10,0.003,7,7,frame,corr_gauge,600000,511,74.7
biased10,0.003,7,7,frame,corr_links,100000,134,6.6
biased10,0.003,7,7,frame,mwpm,200000,1300,8.1
biased10,0.003,9,9,frame,corr_gauge,360000,89,124.5
biased10,0.003,9,9,frame,corr_links,100000,63,15.3
biased10,0.003,9,9,frame,mwpm,240000,956,20.9
biased10,0.0039,3,3,frame,mwpm,40000,1127,0.2
biased10,0.0039,5,5,frame,mwpm,60000,1459,1.8
biased10,0.0039,7,7,frame,mwpm,60000,1219,5.1
biased10,0.0039,9,9,frame,mwpm,60000,1161,11.6
biased10,0.004,3,3,frame,corr_gauge,40000,754,0.4
biased10,0.004,3,3,frame,corr_links,60000,1304,0.3
biased10,0.004,3,3,frame,mwpm,60000,1750,0.2
biased10,0.004,5,5,frame,corr_gauge,60000,561,3.8
biased10,0.004,5,5,frame,corr_links,100000,1240,2.8
biased10,0.004,5,5,frame,mwpm,60000,1540,1.5
biased10,0.004,7,7,frame,corr_gauge,120000,570,22.8
biased10,0.004,7,7,frame,corr_links,100000,740,8.7
biased10,0.004,7,7,frame,mwpm,100000,2410,6.0
biased10,0.004,9,9,frame,corr_gauge,220000,428,132.1
biased10,0.004,9,9,frame,corr_links,100000,443,21.2
biased10,0.004,9,9,frame,mwpm,100000,2185,14.3
biased10,0.0041,3,3,frame,mwpm,40000,1238,0.3
biased10,0.0041,5,5,frame,mwpm,40000,1152,1.4
biased10,0.0041,7,7,frame,mwpm,40000,1033,4.2
biased10,0.0041,9,9,frame,mwpm,60000,1473,12.5
biased10,0.0043,3,3,frame,mwpm,40000,1333,0.4
biased10,0.0043,5,5,frame,mwpm,40000,1377,1.3
biased10,0.0043,7,7,frame,mwpm,40000,1355,4.1
biased10,0.0043,9,9,frame,mwpm,40000,1250,9.9
biased10,0.0045,3,3,frame,mwpm,40000,1500,0.2
biased10,0.0045,5,5,frame,mwpm,40000,1565,1.3
biased10,0.0045,7,7,frame,mwpm,40000,1611,3.9
biased10,0.0045,9,9,frame,mwpm,40000,1570,9.8
biased10,0.0047,3,3,frame,mwpm,40000,1573,0.4
biased10,0.0047,5,5,frame,mwpm,40000,1798,1.5
biased10,0.0047,7,7,frame,mwpm,40000,1983,4.2
biased10,0.0047,9,9,frame,mwpm,20000,1034,7.1
biased10,0.005,3,3,frame,corr_gauge,40000,1254,1.0
biased10,0.005,3,3,frame,corr_links,40000,1425,0.3
biased10,0.005,3,3,frame,mwpm,40000,1849,0.1
biased10,0.005,5,5,frame,corr_gauge,60000,1383,9.5
biased10,0.005,5,5,frame,corr_links,40000,1175,1.6
biased10,0.005,5,5,frame,mwpm,20000,1071,0.6
biased10,0.005,7,7,frame,corr_gauge,80000,1284,41.7
biased10,0.005,7,7,frame,corr_links,40000,1001,5.0
biased10,0.005,7,7,frame,mwpm,20000,1192,1.6
biased10,0.005,9,9,frame,corr_gauge,100000,1163,103.1
biased10,0.005,9,9,frame,corr_links,60000,1242,18.1
biased10,0.005,9,9,frame,mwpm,20000,1385,4.2
biased10,0.0055,3,3,frame,corr_gauge,40000,1555,0.7
biased10,0.0055,3,3,frame,corr_links,40000,1756,0.3
biased10,0.0055,3,3,frame,mwpm,20000,1162,0.1
biased10,0.0055,5,5,frame,corr_gauge,40000,1299,4.8
biased10,0.0055,5,5,frame,corr_links,40000,1630,2.0
biased10,0.0055,5,5,frame,mwpm,20000,1441,0.6
biased10,0.0055,7,7,frame,corr_gauge,40000,1069,17.2
biased10,0.0055,7,7,frame,corr_links,40000,1574,6.0
biased10,0.0055,7,7,frame,mwpm,20000,1811,1.9
biased10,0.0055,9,9,frame,corr_gauge,60000,1321,67.0
biased10,0.0055,9,9,frame,corr_links,40000,1399,14.3
biased10,0.0055,9,9,frame,mwpm,20000,2110,4.4
biased10,0.00575,3,3,frame,corr_gauge,20000,853,0.5
biased10,0.00575,5,5,frame,corr_gauge,20000,742,2.3
biased10,0.00575,7,7,frame,corr_gauge,20000,624,8.0
biased10,0.00575,9,9,frame,corr_gauge,40000,1104,40.5
biased10,0.006,3,3,frame,bm,8000,309,10.7
biased10,0.006,3,3,frame,corr_gauge,40000,1925,0.8
biased10,0.006,3,3,frame,corr_links,20000,1057,0.2
biased10,0.006,3,3,frame,mwpm,20000,1283,0.1
biased10,0.006,5,5,frame,bm,8000,214,96.6
biased10,0.006,5,5,frame,corr_gauge,40000,1733,5.2
biased10,0.006,5,5,frame,corr_links,20000,1110,1.1
biased10,0.006,5,5,frame,mwpm,20000,1811,0.6
biased10,0.006,7,7,frame,bm,8000,148,297.1
biased10,0.006,7,7,frame,corr_gauge,40000,1602,19.6
biased10,0.006,7,7,frame,corr_links,20000,1160,3.5
biased10,0.006,7,7,frame,mwpm,20000,2361,2.0
biased10,0.006,9,9,frame,corr_gauge,40000,1474,58.8
biased10,0.006,9,9,frame,corr_links,20000,1182,9.1
biased10,0.006,9,9,frame,mwpm,20000,3035,5.0
biased10,0.0061,3,3,frame,corr_gauge,20000,1000,0.5
biased10,0.0061,5,5,frame,corr_gauge,20000,962,2.5
biased10,0.0061,7,7,frame,corr_gauge,20000,875,9.6
biased10,0.0061,9,9,frame,corr_gauge,20000,808,24.8
biased10,0.0064,3,3,frame,corr_gauge,20000,1139,0.4
biased10,0.0064,5,5,frame,corr_gauge,20000,1130,2.8
biased10,0.0064,7,7,frame,corr_gauge,20000,1083,9.4
biased10,0.0064,9,9,frame,corr_gauge,20000,1117,28.0
biased10,0.0065,3,3,frame,corr_gauge,20000,1088,0.8
biased10,0.0065,3,3,frame,corr_links,20000,1241,0.2
biased10,0.0065,3,3,frame,mwpm,20000,1542,0.1
biased10,0.0065,5,5,frame,corr_gauge,20000,1180,4.3
biased10,0.0065,5,5,frame,corr_links,20000,1421,1.3
biased10,0.0065,5,5,frame,mwpm,20000,2203,0.7
biased10,0.0065,7,7,frame,corr_gauge,20000,1176,14.8
biased10,0.0065,7,7,frame,corr_links,20000,1625,4.1
biased10,0.0065,7,7,frame,mwpm,20000,3131,2.0
biased10,0.0065,9,9,frame,corr_gauge,20000,1178,42.9
biased10,0.0065,9,9,frame,corr_links,20000,1915,10.1
biased10,0.0065,9,9,frame,mwpm,20000,4136,5.1
biased10,0.0067,3,3,frame,corr_gauge,20000,1236,0.5
biased10,0.0067,5,5,frame,corr_gauge,20000,1315,3.2
biased10,0.0067,7,7,frame,corr_gauge,20000,1399,9.7
biased10,0.0067,9,9,frame,corr_gauge,20000,1491,26.2
biased10,0.007,3,3,frame,bm,5500,305,10.5
biased10,0.007,3,3,frame,corr_gauge,40000,2701,1.3
biased10,0.007,3,3,frame,corr_links,20000,1445,0.2
biased10,0.007,3,3,frame,mwpm,20000,1767,0.1
biased10,0.007,5,5,frame,bm,6500,300,80.1
biased10,0.007,5,5,frame,corr_gauge,40000,3034,8.0
biased10,0.007,5,5,frame,corr_links,20000,1737,1.3
biased10,0.007,5,5,frame,mwpm,20000,2814,0.7
biased10,0.007,7,7,frame,bm,7000,303,315.2
biased10,0.007,7,7,frame,corr_gauge,40000,3333,26.9
biased10,0.007,7,7,frame,corr_links,20000,2192,4.3
biased10,0.007,7,7,frame,mwpm,20000,3942,2.2
biased10,0.007,9,9,frame,corr_gauge,40000,3697,78.5
biased10,0.007,9,9,frame,corr_links,20000,2558,10.7
biased10,0.007,9,9,frame,mwpm,20000,5155,5.5
biased10,0.008,3,3,frame,bm,4000,324,6.1
biased10,0.008,3,3,frame,corr_gauge,20000,1792,0.8
biased10,0.008,3,3,frame,corr_links,20000,1871,0.3
biased10,0.008,3,3,frame,mwpm,20000,2316,0.1
biased10,0.008,5,5,frame,bm,4000,336,52.2
biased10,0.008,5,5,frame,corr_gauge,20000,2314,5.0
biased10,0.008,5,5,frame,corr_links,20000,2666,1.4
biased10,0.008,5,5,frame,mwpm,20000,3800,0.7
biased10,0.008,7,7,frame,bm,4000,323,164.3
biased10,0.008,7,7,frame,corr_gauge,20000,2921,19.0
biased10,0.008,7,7,frame,corr_links,20000,3517,4.7
biased10,0.008,7,7,frame,mwpm,20000,5403,2.5
biased10,0.008,9,9,frame,corr_gauge,20000,3582,52.5
biased10,0.008,9,9,frame,corr_links,20000,4482,12.6
biased10,0.008,9,9,frame,mwpm,20000,7084,5.9
biased10,0.009,3,3,frame,bm,3500,352,3.9
biased10,0.009,3,3,frame,corr_gauge,20000,2279,0.8
biased10,0.009,5,5,frame,bm,3000,352,28.4
biased10,0.009,5,5,frame,corr_gauge,20000,3183,5.3
biased10,0.009,7,7,frame,bm,2500,354,64.6
biased10,0.009,7,7,frame,corr_gauge,20000,4261,20.6
biased10,0.009,9,9,frame,corr_gauge,20000,5638,43.3
biased100,0.0015,3,3,frame,corr_gauge,300000,517,1.6
biased100,0.0015,3,3,frame,mwpm,140000,507,0.4
biased100,0.0015,5,5,frame,corr_gauge,2000000,246,69.2
biased100,0.0015,5,5,frame,mwpm,580000,500,7.9
biased100,0.0015,7,7,frame,corr_gauge,1020000,9,123.4
biased100,0.0015,7,7,frame,mwpm,2000000,382,65.8
biased100,0.0015,9,9,frame,corr_gauge,420000,0,127.5
biased100,0.0015,9,9,frame,mwpm,1640000,74,126.9
biased100,0.002,3,3,frame,corr_gauge,160000,530,1.2
biased100,0.002,3,3,frame,mwpm,80000,523,0.4
biased100,0.002,5,5,frame,corr_gauge,1140000,503,51.9
biased100,0.002,5,5,frame,mwpm,220000,509,4.0
biased100,0.002,7,7,frame,corr_gauge,800000,37,124.6
biased100,0.002,7,7,frame,mwpm,640000,504,31.2
biased100,0.002,9,9,frame,corr_gauge,320000,1,130.5
biased100,0.002,9,9,frame,mwpm,1200000,335,128.0
biased100,0.0025,3,3,frame,corr_gauge,100000,554,1.1
biased100,0.0025,3,3,frame,mwpm,60000,626,0.4
biased100,0.0025,5,5,frame,corr_gauge,500000,508,29.3
biased100,0.0025,5,5,frame,mwpm,100000,519,2.4
biased100,0.0025,7,7,frame,corr_gauge,540000,107,126.8
biased100,0.0025,7,7,frame,mwpm,200000,515,12.4
biased100,0.0025,9,9,frame,corr_gauge,240000,8,130.7
biased100,0.0025,9,9,frame,mwpm,480000,513,70.4
biased100,0.003,3,3,frame,bm,10000,61,16.3
biased100,0.003,3,3,frame,bp_full,10000,63,23.6
biased100,0.003,3,3,frame,corr_gauge,60000,523,0.7
biased100,0.003,3,3,frame,corr_links,100000,999,0.4
biased100,0.003,3,3,frame,mwpm,120000,1773,0.5
biased100,0.003,3,3,frame,seq_match,10000,186,6.9
biased100,0.003,3,3,frame,seq_soft,10000,87,26.3
biased100,0.003,3,3,frame,tesseract,20000,82,28.2
biased100,0.003,5,5,frame,bm,10000,13,145.5
biased100,0.003,5,5,frame,bp_full,10000,17,161.0
biased100,0.003,5,5,frame,corr_gauge,240000,505,16.6
biased100,0.003,5,5,frame,corr_links,100000,371,2.2
biased100,0.003,5,5,frame,mwpm,160000,1556,3.0
biased100,0.003,5,5,frame,seq_match,10000,152,17.3
biased100,0.003,5,5,frame,seq_soft,10000,45,189.1
biased100,0.003,7,7,frame,corr_gauge,580000,258,124.2
biased100,0.003,7,7,frame,corr_links,100000,115,6.4
biased100,0.003,7,7,frame,mwpm,200000,1236,11.2
biased100,0.003,9,9,frame,corr_gauge,200000,17,129.8
biased100,0.003,9,9,frame,corr_links,100000,32,16.5
biased100,0.003,9,9,frame,mwpm,260000,895,30.9
biased100,0.00395,3,3,frame,mwpm,40000,1079,0.2
biased100,0.00395,5,5,frame,mwpm,60000,1394,1.4
biased100,0.00395,7,7,frame,mwpm,60000,1382,4.8
biased100,0.00395,9,9,frame,mwpm,60000,1131,11.3
biased100,0.004,3,3,frame,bm,10000,115,18.9
biased100,0.004,3,3,frame,bp_full,10000,114,14.4
biased100,0.004,3,3,frame,corr_gauge,40000,652,0.7
biased100,0.004,3,3,frame,corr_links,60000,1233,0.3
biased100,0.004,3,3,frame,mwpm,60000,1681,0.4
biased100,0.004,3,3,frame,seq_match,10000,328,4.7
biased100,0.004,3,3,frame,seq_soft,10000,193,15.7
biased100,0.004,3,3,frame,tesseract,20000,190,44.2
biased100,0.004,5,5,frame,bm,10000,40,201.6
biased100,0.004,5,5,frame,bp_full,10000,39,195.1
biased100,0.004,5,5,frame,corr_gauge,80000,594,8.5
biased100,0.004,5,5,frame,corr_links,100000,1151,2.8
biased100,0.004,5,5,frame,mwpm,80000,2062,2.2
biased100,0.004,5,5,frame,seq_match,10000,363,13.7
biased100,0.004,5,5,frame,seq_soft,10000,113,120.2
biased100,0.004,5,5,frame,tesseract,2500,4,472.3
biased100,0.004,7,7,frame,corr_gauge,180000,537,60.2
biased100,0.004,7,7,frame,corr_links,100000,635,9.3
biased100,0.004,7,7,frame,mwpm,100000,2276,8.7
biased100,0.004,9,9,frame,corr_gauge,160000,169,143.8
biased100,0.004,9,9,frame,corr_links,100000,344,23.6
biased100,0.004,9,9,frame,mwpm,100000,1997,20.200000000000003
biased100,0.00415,3,3,frame,mwpm,40000,1238,0.4
biased100,0.00415,5,5,frame,mwpm,40000,1202,1.3
biased100,0.00415,7,7,frame,mwpm,40000,1100,4.0
biased100,0.00415,9,9,frame,mwpm,60000,1404,12.5
biased100,0.0044,3,3,frame,mwpm,40000,1345,0.2
biased100,0.0044,5,5,frame,mwpm,40000,1419,1.4
biased100,0.0044,7,7,frame,mwpm,40000,1397,4.8
biased100,0.0044,9,9,frame,mwpm,40000,1434,10.7
biased100,0.0046,3,3,frame,mwpm,40000,1542,0.2
biased100,0.0046,5,5,frame,mwpm,40000,1638,1.5
biased100,0.0046,7,7,frame,mwpm,40000,1708,4.2
biased100,0.0046,9,9,frame,mwpm,40000,1691,10.8
biased100,0.00485,3,3,frame,mwpm,40000,1728,0.3
biased100,0.00485,5,5,frame,mwpm,40000,1967,1.4
biased100,0.00485,7,7,frame,mwpm,20000,1084,3.0
biased100,0.00485,9,9,frame,mwpm,20000,1146,6.1
biased100,0.005,3,3,frame,bm,10000,223,25.4
biased100,0.005,3,3,frame,bp_full,10000,212,19.0
biased100,0.005,3,3,frame,corr_gauge,40000,1203,0.7
biased100,0.005,3,3,frame,corr_links,40000,1390,0.3
biased100,0.005,3,3,frame,mwpm,40000,1801,0.1
biased100,0.005,3,3,frame,seq_match,7000,408,3.8
biased100,0.005,3,3,frame,seq_soft,10000,354,20.2
biased100,0.005,3,3,frame,tesseract,16000,309,57.7
biased100,0.005,5,5,frame,bm,10000,102,229.6
biased100,0.005,5,5,frame,bp_full,7000,69,207.5
biased100,0.005,5,5,frame,corr_gauge,60000,1118,4.6
biased100,0.005,5,5,frame,corr_links,40000,1046,1.7
biased100,0.005,5,5,frame,mwpm,20000,1070,0.5
biased100,0.005,5,5,frame,seq_match,5500,413,10.1
biased100,0.005,5,5,frame,seq_soft,10000,298,131.9
biased100,0.005,5,5,frame,tesseract,4250,19,1987.7
biased100,0.005,7,7,frame,corr_gauge,100000,1087,26.2
biased100,0.005,7,7,frame,corr_links,60000,1200,7.8
biased100,0.005,7,7,frame,mwpm,20000,1166,1.6
biased100,0.005,9,9,frame,corr_gauge,100000,678,69.6
biased100,0.005,9,9,frame,corr_links,80000,1320,25.7
biased100,0.005,9,9,frame,mwpm,20000,1368,5.8
biased100,0.0055,3,3,frame,corr_links,40000,1659,0.3
biased100,0.0055,3,3,frame,mwpm,20000,1071,0.1
biased100,0.0055,5,5,frame,corr_links,40000,1502,1.7
biased100,0.0055,5,5,frame,mwpm,20000,1382,0.6
biased100,0.0055,7,7,frame,corr_links,40000,1330,6.0
biased100,0.0055,7,7,frame,mwpm,20000,1721,1.9
biased100,0.0055,9,9,frame,corr_links,40000,1319,16.1
biased100,0.0055,9,9,frame,mwpm,20000,2018,4.4
biased100,0.006,3,3,frame,bm,8500,305,20.7
biased100,0.006,3,3,frame,bp_full,10000,370,33.9
biased100,0.006,3,3,frame,corr_gauge,40000,1847,0.6
biased100,0.006,3,3,frame,corr_links,20000,1052,0.2
biased100,0.006,3,3,frame,mwpm,20000,1275,0.2
biased100,0.006,3,3,frame,seq_match,5500,440,4.3
biased100,0.006,3,3,frame,seq_soft,8000,401,20.4
biased100,0.006,3,3,frame,tesseract,11000,307,77.8
biased100,0.006,5,5,frame,bm,10000,198,197.7
biased100,0.006,5,5,frame,bp_full,6000,135,220.1
biased100,0.006,5,5,frame,corr_gauge,40000,1490,3.9
biased100,0.006,5,5,frame,corr_links,20000,1017,1.2
biased100,0.006,5,5,frame,mwpm,20000,1747,0.6
biased100,0.006,5,5,frame,seq_match,3500,433,8.7
biased100,0.006,5,5,frame,seq_soft,7500,405,138.4
biased100,0.006,5,5,frame,tesseract,500,8,414.8
biased100,0.006,7,7,frame,bm,6000,75,434.1
biased100,0.006,7,7,frame,corr_gauge,40000,1185,13.8
biased100,0.006,7,7,frame,corr_links,20000,1001,3.6
biased100,0.006,7,7,frame,mwpm,20000,2428,1.9
biased100,0.006,9,9,frame,corr_gauge,40000,1061,42.4
biased100,0.006,9,9,frame,corr_links,20000,1002,10.4
biased100,0.006,9,9,frame,mwpm,20000,2924,5.6
biased100,0.0061,3,3,frame,corr_gauge,20000,974,0.3
biased100,0.0061,5,5,frame,corr_gauge,20000,804,1.6
biased100,0.0061,7,7,frame,corr_gauge,20000,701,5.9
biased100,0.0061,9,9,frame,corr_gauge,20000,642,16.2
biased100,0.0064,3,3,frame,corr_gauge,20000,1024,0.3
biased100,0.0064,5,5,frame,corr_gauge,20000,1025,1.8
biased100,0.0064,7,7,frame,corr_gauge,20000,850,5.9
biased100,0.0064,9,9,frame,corr_gauge,20000,818,16.4
biased100,0.0065,3,3,frame,corr_gauge,20000,1078,0.4
biased100,0.0065,3,3,frame,corr_links,20000,1188,0.2
biased100,0.0065,3,3,frame,mwpm,20000,1605,0.1
biased100,0.0065,5,5,frame,corr_gauge,20000,1011,2.3
biased100,0.0065,5,5,frame,corr_links,20000,1292,1.2
biased100,0.0065,5,5,frame,mwpm,20000,2322,0.7
biased100,0.0065,7,7,frame,corr_gauge,40000,1911,14.6
biased100,0.0065,7,7,frame,corr_links,20000,1403,4.1
biased100,0.0065,7,7,frame,mwpm,20000,3053,2.1
biased100,0.0065,9,9,frame,corr_gauge,40000,1808,42.0
biased100,0.0065,9,9,frame,corr_links,20000,1581,9.9
biased100,0.0065,9,9,frame,mwpm,20000,3966,5.2
biased100,0.00675,3,3,frame,corr_gauge,20000,1167,0.3
biased100,0.00675,5,5,frame,corr_gauge,20000,1214,1.8
biased100,0.00675,7,7,frame,corr_gauge,20000,1181,6.2
biased100,0.00675,9,9,frame,corr_gauge,20000,1160,17.4
biased100,0.007,3,3,frame,bm,6000,312,15.2
biased100,0.007,3,3,frame,corr_gauge,20000,1313,0.4
biased100,0.007,3,3,frame,corr_links,20000,1458,0.2
biased100,0.007,3,3,frame,mwpm,20000,1778,0.1
biased100,0.007,5,5,frame,bm,8000,309,144.2
biased100,0.007,5,5,frame,corr_gauge,20000,1308,2.6
biased100,0.007,5,5,frame,corr_links,20000,1764,1.4
biased100,0.007,5,5,frame,mwpm,20000,2712,0.7
biased100,0.007,7,7,frame,bm,6000,157,439.0
biased100,0.007,7,7,frame,corr_gauge,20000,1361,9.8
biased100,0.007,7,7,frame,corr_links,20000,2013,4.2
biased100,0.007,7,7,frame,mwpm,20000,3781,2.3
biased100,0.007,9,9,frame,corr_gauge,20000,1491,25.8
biased100,0.007,9,9,frame,corr_links,20000,2375,10.6
biased100,0.007,9,9,frame,mwpm,20000,4998,6.6
biased100,0.0071,3,3,frame,corr_gauge,20000,1338,0.3
biased100,0.0071,5,5,frame,corr_gauge,20000,1423,1.9
biased100,0.0071,7,7,frame,corr_gauge,20000,1491,6.6
biased100,0.0071,9,9,frame,corr_gauge,20000,1548,18.9
biased100,0.0074,3,3,frame,corr_gauge,20000,1473,0.3
biased100,0.0074,5,5,frame,corr_gauge,20000,1599,2.8
biased100,0.0074,7,7,frame,corr_gauge,20000,1786,9.7
biased100,0.0074,9,9,frame,corr_gauge,20000,1960,20.5
biased100,0.0075,3,3,frame,corr_gauge,20000,1495,0.3
biased100,0.0075,5,5,frame,corr_gauge,20000,1648,2.7
biased100,0.0075,7,7,frame,corr_gauge,20000,1929,12.3
biased100,0.0075,9,9,frame,corr_gauge,20000,2063,27.9
biased100,0.008,3,3,frame,bm,4500,328,13.0
biased100,0.008,3,3,frame,corr_gauge,20000,1804,0.5
biased100,0.008,3,3,frame,corr_links,20000,1809,0.2
biased100,0.008,3,3,frame,mwpm,20000,2314,0.1
biased100,0.008,5,5,frame,bm,5000,314,107.2
biased100,0.008,5,5,frame,corr_gauge,20000,2094,2.6
biased100,0.008,5,5,frame,corr_links,20000,2610,1.6
biased100,0.008,5,5,frame,mwpm,20000,3831,0.7
biased100,0.008,7,7,frame,bm,5500,306,369.8
biased100,0.008,7,7,frame,corr_gauge,20000,2497,10.4
biased100,0.008,7,7,frame,corr_links,20000,3354,4.9
biased100,0.008,7,7,frame,mwpm,20000,5508,3.3
biased100,0.008,9,9,frame,corr_gauge,20000,2963,29.0
biased100,0.008,9,9,frame,corr_links,20000,4149,12.9
biased100,0.008,9,9,frame,mwpm,20000,6954,6.1
biased100,0.009,3,3,frame,bm,3500,324,10.4
biased100,0.009,3,3,frame,corr_gauge,20000,2241,0.6
biased100,0.009,5,5,frame,bm,3500,329,77.1
biased100,0.009,5,5,frame,corr_gauge,20000,3014,3.6
biased100,0.009,7,7,frame,bm,3500,352,286.4
biased100,0.009,7,7,frame,corr_gauge,20000,3875,11.6
biased100,0.009,9,9,frame,corr_gauge,20000,4841,38.6
biased100,0.01,3,3,frame,corr_gauge,20000,2705,0.6
biased100,0.01,5,5,frame,corr_gauge,20000,3900,3.6
biased100,0.01,7,7,frame,corr_gauge,20000,5391,15.1
biased100,0.01,9,9,frame,corr_gauge,20000,6753,36.2
em3,0.0014,3,3,frame,mwpm,80000,681,0.7
em3,0.0014,5,5,frame,mwpm,120000,614,4.5
em3,0.0014,7,7,frame,mwpm,180000,604,16.7
em3,0.0014,9,9,frame,mwpm,320000,614,48.6
em3,0.0016,3,3,frame,corr_gauge,60000,474,1.1
em3,0.0016,3,3,frame,mwpm,60000,655,0.7
em3,0.0016,5,5,frame,corr_gauge,120000,479,9.4
em3,0.0016,5,5,frame,mwpm,80000,634,5.1
em3,0.0016,7,7,frame,corr_gauge,220000,412,35.4
em3,0.0016,7,7,frame,mwpm,120000,682,16.5
em3,0.0016,9,9,frame,corr_gauge,280000,215,115.0
em3,0.0016,9,9,frame,mwpm,180000,657,28.5
em3,0.0018,3,3,frame,corr_gauge,40000,411,0.8
em3,0.0018,3,3,frame,mwpm,60000,814,0.5
em3,0.0018,5,5,frame,corr_gauge,80000,491,6.7
em3,0.0018,5,5,frame,mwpm,60000,624,2.5
em3,0.0018,7,7,frame,corr_gauge,120000,422,26.4
em3,0.0018,7,7,frame,mwpm,80000,776,8.4
em3,0.0018,9,9,frame,corr_gauge,240000,415,109.9
em3,0.0018,9,9,frame,mwpm,80000,601,18.9
em3,0.0019,3,3,frame,mwpm,60000,871,0.5
em3,0.0019,5,5,frame,mwpm,60000,763,2.6
em3,0.0019,7,7,frame,mwpm,60000,724,7.6
em3,0.0019,9,9,frame,mwpm,80000,780,19.3
em3,0.002,3,3,frame,corr_gauge,40000,503,0.8
em3,0.002,3,3,frame,mwpm,40000,710,0.4
em3,0.002,5,5,frame,corr_gauge,60000,493,6.2
em3,0.002,5,5,frame,mwpm,40000,622,2.4
em3,0.002,7,7,frame,corr_gauge,80000,403,22.9
em3,0.002,7,7,frame,mwpm,40000,600,7.3
em3,0.002,9,9,frame,corr_gauge,140000,433,78.7
em3,0.002,9,9,frame,mwpm,60000,717,18.0
em3,0.0021,3,3,frame,mwpm,40000,667,0.4
em3,0.0021,5,5,frame,mwpm,40000,715,2.4
em3,0.0021,7,7,frame,mwpm,40000,690,7.5
em3,0.0021,9,9,frame,mwpm,40000,658,17.0
em3,0.0022,3,3,frame,corr_gauge,40000,559,1.1
em3,0.0022,3,3,frame,mwpm,40000,817,0.5
em3,0.0022,5,5,frame,corr_gauge,40000,461,4.7
em3,0.0022,5,5,frame,mwpm,40000,795,2.4
em3,0.0022,7,7,frame,corr_gauge,60000,543,18.9
em3,0.0022,7,7,frame,mwpm,40000,854,7.7
em3,0.0022,9,9,frame,corr_gauge,80000,433,54.1
em3,0.0022,9,9,frame,mwpm,40000,779,18.2
em3,0.0023,3,3,frame,corr_gauge,40000,674,0.8
em3,0.0023,3,3,frame,mwpm,40000,901,0.4
em3,0.0023,5,5,frame,corr_gauge,40000,580,4.9
em3,0.0023,5,5,frame,mwpm,40000,922,2.6
em3,0.0023,7,7,frame,corr_gauge,60000,598,18.7
em3,0.0023,7,7,frame,mwpm,40000,962,8.7
em3,0.0023,9,9,frame,corr_gauge,60000,441,49.9
em3,0.0023,9,9,frame,mwpm,40000,1001,27.5
em3,0.0024,3,3,frame,corr_gauge,40000,705,0.9
em3,0.0024,3,3,frame,mwpm,40000,963,0.7
em3,0.0024,5,5,frame,corr_gauge,40000,550,5.2
em3,0.0024,5,5,frame,mwpm,40000,1002,4.2
em3,0.0024,7,7,frame,corr_gauge,40000,478,16.2
em3,0.0024,7,7,frame,mwpm,40000,1149,11.5
em3,0.0024,9,9,frame,corr_gauge,40000,412,39.8
em3,0.0024,9,9,frame,mwpm,40000,1139,28.1
em3,0.0025,3,3,frame,corr_gauge,20000,410,0.7
em3,0.0025,5,5,frame,corr_gauge,40000,672,5.2
em3,0.0025,7,7,frame,corr_gauge,40000,595,16.1
em3,0.0025,9,9,frame,corr_gauge,40000,464,45.2
em3,0.0026,3,3,frame,corr_gauge,20000,425,1.0
em3,0.0026,3,3,frame,mwpm,40000,1077,0.9
em3,0.0026,5,5,frame,corr_gauge,40000,744,5.5
em3,0.0026,5,5,frame,mwpm,20000,614,4.8
em3,0.0026,7,7,frame,corr_gauge,40000,669,16.8
em3,0.0026,7,7,frame,mwpm,20000,791,14.5
em3,0.0026,9,9,frame,corr_gauge,40000,606,28.1
em3,0.0026,9,9,frame,mwpm,20000,771,27.4
em3,0.0027,3,3,frame,corr_gauge,20000,476,0.4
em3,0.0027,5,5,frame,corr_gauge,20000,422,2.8
em3,0.0027,7,7,frame,corr_gauge,40000,820,11.0
em3,0.0027,9,9,frame,corr_gauge,40000,743,27.9
em3,0.0028,3,3,frame,corr_gauge,20000,468,0.4
em3,0.0028,3,3,frame,mwpm,20000,619,0.9
em3,0.0028,5,5,frame,corr_gauge,20000,464,2.8
em3,0.0028,5,5,frame,mwpm,20000,786,4.8
em3,0.0028,7,7,frame,corr_gauge,20000,493,8.9
em3,0.0028,7,7,frame,mwpm,20000,1062,10.9
em3,0.0028,9,9,frame,corr_gauge,20000,463,21.8
em3,0.0028,9,9,frame,mwpm,20000,1181,27.5
em3,0.003,3,3,frame,corr_gauge,20000,553,0.5
em3,0.003,3,3,frame,mwpm,20000,688,0.5
em3,0.003,5,5,frame,corr_gauge,20000,584,3.5
em3,0.003,5,5,frame,mwpm,20000,979,3.6
em3,0.003,7,7,frame,corr_gauge,20000,621,12.1
em3,0.003,7,7,frame,mwpm,20000,1409,10.9
em3,0.003,9,9,frame,corr_gauge,20000,614,24.6
em3,0.003,9,9,frame,mwpm,20000,1519,25.9
em3,0.0034,3,3,frame,corr_gauge,20000,710,0.5
em3,0.0034,5,5,frame,corr_gauge,20000,896,3.0
em3,0.0034,7,7,frame,corr_gauge,20000,1033,10.1
em3,0.0034,9,9,frame,corr_gauge,20000,1227,23.4
purez,0.003,3,3,frame,corr_gauge,100000,862,1.2
purez,0.003,3,3,frame,mwpm,80000,1200,0.4
purez,0.003,5,5,frame,corr_gauge,100000,210,7.8
purez,0.003,5,5,frame,mwpm,100000,970,2.9
purez,0.003,7,7,frame,corr_gauge,100000,57,25.6
purez,0.003,7,7,frame,mwpm,100000,590,8.6
purez,0.003,9,9,frame,corr_gauge,100000,14,77.8
purez,0.003,9,9,frame,mwpm,100000,341,19.7
purez,0.0035,3,3,frame,mwpm,60000,1256,0.4
purez,0.0035,5,5,frame,mwpm,80000,1252,2.9
purez,0.0035,7,7,frame,mwpm,100000,1144,9.1
purez,0.0035,9,9,frame,mwpm,100000,924,22.5
purez,0.00395,3,3,frame,mwpm,40000,1163,0.1
purez,0.00395,5,5,frame,mwpm,60000,1459,1.4
purez,0.00395,7,7,frame,mwpm,60000,1347,3.7
purez,0.00395,9,9,frame,mwpm,60000,1117,7.3
purez,0.004,3,3,frame,corr_gauge,60000,1039,1.0
purez,0.004,3,3,frame,mwpm,40000,1089,0.3
purez,0.004,5,5,frame,corr_gauge,100000,693,10.4
purez,0.004,5,5,frame,mwpm,40000,1048,1.7
purez,0.004,7,7,frame,corr_gauge,100000,297,32.0
purez,0.004,7,7,frame,mwpm,60000,1360,7.3
purez,0.004,9,9,frame,corr_gauge,100000,95,86.4
purez,0.004,9,9,frame,mwpm,60000,1236,16.0
purez,0.00415,3,3,frame,mwpm,40000,1202,0.2
purez,0.00415,5,5,frame,mwpm,40000,1107,1.0
purez,0.00415,7,7,frame,mwpm,40000,1076,2.5
purez,0.00415,9,9,frame,mwpm,60000,1385,7.7
purez,0.0044,3,3,frame,mwpm,40000,1370,0.1
purez,0.0044,5,5,frame,mwpm,40000,1362,0.8
purez,0.0044,7,7,frame,mwpm,40000,1373,2.5
purez,0.0044,9,9,frame,mwpm,40000,1380,6.1
purez,0.0045,3,3,frame,mwpm,40000,1480,0.4
purez,0.0045,5,5,frame,mwpm,40000,1516,1.9
purez,0.0045,7,7,frame,mwpm,40000,1483,6.2
purez,0.0045,9,9,frame,mwpm,40000,1514,14.5
purez,0.0046,3,3,frame,mwpm,40000,1493,0.2
purez,0.0046,5,5,frame,mwpm,40000,1625,0.9
purez,0.0046,7,7,frame,mwpm,40000,1709,2.7
purez,0.0046,9,9,frame,mwpm,40000,1672,6.2
purez,0.00485,3,3,frame,mwpm,40000,1663,0.2
purez,0.00485,5,5,frame,mwpm,40000,1970,0.9
purez,0.00485,7,7,frame,mwpm,20000,1031,2.0
purez,0.00485,9,9,frame,mwpm,20000,1109,4.6
purez,0.005,3,3,frame,corr_gauge,40000,1167,0.9
purez,0.005,3,3,frame,mwpm,40000,1767,0.4
purez,0.005,5,5,frame,corr_gauge,60000,1120,7.5
purez,0.005,5,5,frame,mwpm,40000,2033,2.1
purez,0.005,7,7,frame,corr_gauge,100000,1117,43.5
purez,0.005,7,7,frame,mwpm,20000,1140,4.0
purez,0.005,9,9,frame,corr_gauge,80000,535,99.9
purez,0.005,9,9,frame,mwpm,20000,1342,10.4
purez,0.006,3,3,frame,corr_gauge,40000,1811,1.0
purez,0.006,3,3,frame,mwpm,20000,1326,0.3
purez,0.006,5,5,frame,corr_gauge,40000,1519,7.1
purez,0.006,5,5,frame,mwpm,20000,1841,1.6
purez,0.006,7,7,frame,corr_gauge,40000,1233,23.5
purez,0.006,7,7,frame,mwpm,20000,2395,5.1
purez,0.006,9,9,frame,corr_gauge,40000,1033,65.2
purez,0.006,9,9,frame,mwpm,20000,3035,13.9
purez,0.0062,3,3,frame,corr_gauge,20000,985,0.3
purez,0.0062,5,5,frame,corr_gauge,20000,840,1.7
purez,0.0062,7,7,frame,corr_gauge,20000,759,5.7
purez,0.0062,9,9,frame,corr_gauge,40000,1179,28.1
purez,0.0065,3,3,frame,corr_gauge,20000,1104,0.7
purez,0.0065,5,5,frame,corr_gauge,40000,2015,7.7
purez,0.0065,7,7,frame,corr_gauge,40000,1834,26.9
purez,0.0065,9,9,frame,corr_gauge,40000,1692,80.0
purez,0.00655,3,3,frame,corr_gauge,20000,1088,0.3
purez,0.00655,5,5,frame,corr_gauge,20000,1020,1.8
purez,0.00655,7,7,frame,corr_gauge,20000,942,5.9
purez,0.00655,9,9,frame,corr_gauge,20000,871,15.5
purez,0.0069,3,3,frame,corr_gauge,20000,1207,0.3
purez,0.0069,5,5,frame,corr_gauge,20000,1286,1.7
purez,0.0069,7,7,frame,corr_gauge,20000,1246,6.3
purez,0.0069,9,9,frame,corr_gauge,20000,1267,17.1
purez,0.007,3,3,frame,corr_gauge,20000,1299,0.6
purez,0.007,3,3,frame,mwpm,20000,1796,0.3
purez,0.007,5,5,frame,corr_gauge,20000,1339,4.3
purez,0.007,5,5,frame,mwpm,20000,2729,1.8
purez,0.007,7,7,frame,corr_gauge,20000,1283,15.8
purez,0.007,7,7,frame,mwpm,20000,3777,6.1
purez,0.007,9,9,frame,corr_gauge,20000,1292,43.6
purez,0.007,9,9,frame,mwpm,20000,5016,14.8
purez,0.00725,3,3,frame,corr_gauge,20000,1313,0.3
purez,0.00725,5,5,frame,corr_gauge,20000,1495,1.9
purez,0.00725,7,7,frame,corr_gauge,20000,1638,6.8
purez,0.00725,9,9,frame,corr_gauge,20000,1727,18.5
purez,0.0075,3,3,frame,corr_gauge,20000,1526,0.9
purez,0.0075,5,5,frame,corr_gauge,20000,1706,4.8
purez,0.0075,7,7,frame,corr_gauge,20000,1803,18.5
purez,0.0075,9,9,frame,corr_gauge,20000,2031,48.8
purez,0.0076,3,3,frame,corr_gauge,20000,1572,0.3
purez,0.0076,5,5,frame,corr_gauge,20000,1732,2.0
purez,0.0076,7,7,frame,corr_gauge,20000,1960,6.9
purez,0.0076,9,9,frame,corr_gauge,20000,2193,19.0
purez,0.008,3,3,frame,bm,5500,339,15.7
purez,0.008,3,3,frame,corr_gauge,20000,1754,0.7
purez,0.008,3,3,frame,mwpm,20000,2324,0.3
purez,0.008,5,5,frame,bm,5500,322,130.3
purez,0.008,5,5,frame,corr_gauge,20000,2133,5.0
purez,0.008,5,5,frame,mwpm,20000,3663,2.1
purez,0.008,7,7,frame,bm,5000,277,378.7
purez,0.008,7,7,frame,corr_gauge,20000,2467,17.6
purez,0.008,7,7,frame,mwpm,20000,5307,6.5
purez,0.008,9,9,frame,corr_gauge,20000,2817,47.8
purez,0.008,9,9,frame,mwpm,20000,6901,16.4
purez,0.009,3,3,frame,bm,4000,336,12.0
purez,0.009,3,3,frame,corr_gauge,20000,2222,0.8
purez,0.009,3,3,frame,mwpm,20000,2789,0.4
purez,0.009,5,5,frame,bm,3500,329,80.1
purez,0.009,5,5,frame,corr_gauge,20000,3012,5.3
purez,0.009,5,5,frame,mwpm,20000,4741,2.2
purez,0.009,7,7,frame,bm,3500,332,258.3
purez,0.009,7,7,frame,corr_gauge,20000,3736,20.8
purez,0.009,7,7,frame,mwpm,20000,6773,7.1
purez,0.009,9,9,frame,corr_gauge,20000,4944,57.8
purez,0.009,9,9,frame,mwpm,20000,8346,18.8
purez,0.01,3,3,frame,bm,3000,325,9.5
purez,0.01,3,3,frame,corr_gauge,20000,2670,0.8
purez,0.01,3,3,frame,mwpm,20000,3282,0.4
purez,0.01,5,5,frame,bm,2500,325,57.0
purez,0.01,5,5,frame,corr_gauge,20000,3960,6.5
purez,0.01,5,5,frame,mwpm,20000,5735,2.4
purez,0.01,7,7,frame,bm,2000,321,146.2
purez,0.01,7,7,frame,corr_gauge,20000,5212,22.3
purez,0.01,7,7,frame,mwpm,20000,7854,7.4
purez,0.01,9,9,frame,corr_gauge,20000,6587,62.4
purez,0.01,9,9,frame,mwpm,20000,9215,20.1
purez,0.011,3,3,frame,bm,2500,347,8.2
purez,0.011,5,5,frame,bm,2000,352,45.1
purez,0.011,7,7,frame,bm,1500,336,111.1
sd6,0.001,3,1,frame,mwpm,1240000,507,1.3
sd6,0.001,3,3,frame,corr_gauge,500000,516,1.1
sd6,0.001,3,3,frame,corr_links,520000,514,1.3
sd6,0.001,3,3,frame,mwpm,380000,500,0.5
sd6,0.001,5,1,frame,mwpm,4000000,76,11.0
sd6,0.001,5,5,frame,corr_gauge,2000000,260,26.5
sd6,0.001,5,5,frame,corr_links,2000000,272,20.2
sd6,0.001,5,5,frame,mwpm,2000000,496,15.1
sd6,0.001,7,1,frame,mwpm,4000000,4,31.2
sd6,0.001,7,7,frame,corr_gauge,2000000,36,83.9
sd6,0.001,7,7,frame,corr_links,2000000,26,74.9
sd6,0.001,7,7,frame,mwpm,2000000,97,28.2
sd6,0.001,9,1,frame,mwpm,4000000,0,56.3
sd6,0.001,9,9,frame,corr_gauge,840000,2,125.0
sd6,0.001,9,9,frame,mwpm,2000000,16,64.3
sd6,0.0015,3,3,frame,corr_gauge,200000,513,1.2
sd6,0.0015,3,3,frame,mwpm,160000,510,0.4
sd6,0.0015,5,5,frame,corr_gauge,820000,500,26.0
sd6,0.0015,5,5,frame,mwpm,520000,513,6.4
sd6,0.0015,7,7,frame,corr_gauge,1160000,114,123.9
sd6,0.0015,7,7,frame,mwpm,1620000,505,47.6
sd6,0.0015,9,9,frame,corr_gauge,440000,8,126.4
sd6,0.0015,9,9,frame,mwpm,1900000,173,126.0
sd6,0.002,3,1,frame,mwpm,280000,501,0.5
sd6,0.002,3,3,frame,bm,10000,49,16.2
sd6,0.002,3,3,frame,bp_full,10000,39,9.7
sd6,0.002,3,3,frame,corr_gauge,120000,595,0.7
sd6,0.002,3,3,frame,mwpm,100000,569,0.3
sd6,0.002,3,3,frame,seq_match,10000,82,3.5
sd6,0.002,3,3,frame,seq_soft,10000,66,9.8
sd6,0.002,3,3,frame,tesseract,20000,91,22.0
sd6,0.002,5,1,frame,mwpm,2560000,500,9.3
sd6,0.002,5,5,frame,bm,10000,15,145.4
sd6,0.002,5,5,frame,bp_full,10000,14,183.3
sd6,0.002,5,5,frame,corr_gauge,340000,533,11.3
sd6,0.002,5,5,frame,mwpm,180000,559,2.4
sd6,0.002,5,5,frame,seq_match,10000,43,12.8
sd6,0.002,5,5,frame,seq_soft,10000,28,102.5
sd6,0.002,7,1,frame,mwpm,4000000,68,30.4
sd6,0.002,7,7,frame,corr_gauge,1020000,484,123.7
sd6,0.002,7,7,frame,mwpm,420000,514,13.1
sd6,0.002,9,1,frame,mwpm,4000000,6,61.1
sd6,0.002,9,9,frame,corr_gauge,360000,45,132.4
sd6,0.002,9,9,frame,mwpm,1120000,500,89.9
sd6,0.0025,3,3,frame,corr_gauge,80000,629,0.7
sd6,0.0025,3,3,frame,mwpm,60000,577,0.3
sd6,0.0025,5,5,frame,corr_gauge,140000,527,7.6
sd6,0.0025,5,5,frame,mwpm,100000,575,2.3
sd6,0.0025,7,7,frame,corr_gauge,360000,509,64.8
sd6,0.0025,7,7,frame,mwpm,160000,536,8.9
sd6,0.0025,9,9,frame,corr_gauge,280000,156,127.7
sd6,0.0025,9,9,frame,mwpm,300000,505,35.1
sd6,0.003,3,1,frame,mwpm,160000,603,0.3
sd6,0.003,3,3,frame,bm,10000,110,18.2
sd6,0.003,3,3,frame,bp_full,10000,123,9.1
sd6,0.003,3,3,frame,corr_gauge,60000,695,0.5
sd6,0.003,3,3,frame,corr_links,100000,1115,0.4
sd6,0.003,3,3,frame,mwpm,120000,1645,0.30000000000000004
sd6,0.003,3,3,frame,seq_match,10000,194,2.4
sd6,0.003,3,3,frame,seq_soft,10000,128,9.1
sd6,0.003,3,3,frame,tesseract,20000,196,35.0
sd6,0.003,5,1,frame,mwpm,740000,510,3.8
sd6,0.003,5,5,frame,bm,10000,63,176.4
sd6,0.003,5,5,frame,bp_full,10000,73,134.7
sd6,0.003,5,5,frame,corr_gauge,80000,516,4.4
sd6,0.003,5,5,frame,corr_links,100000,639,2.0
sd6,0.003,5,5,frame,mwpm,160000,1760,2.5
sd6,0.003,5,5,frame,seq_match,10000,189,8.9
sd6,0.003,5,5,frame,seq_soft,10000,96,73.7
sd6,0.003,5,5,frame,tesseract,2500,7,452.1
sd6,0.003,7,1,frame,mwpm,3680000,503,38.5
sd6,0.003,7,7,frame,corr_gauge,160000,554,29.7
sd6,0.003,7,7,frame,corr_links,100000,348,5.6
sd6,0.003,7,7,frame,mwpm,180000,1338,8.1
sd6,0.003,9,1,frame,mwpm,4000000,78,80.6
sd6,0.003,9,9,frame,corr_gauge,220000,407,137.4
sd6,0.003,9,9,frame,corr_links,100000,176,15.0
sd6,0.003,9,9,frame,mwpm,200000,1001,20.4
sd6,0.0035,3,3,frame,corr_links,80000,1276,0.3
sd6,0.0035,3,3,frame,mwpm,60000,1159,0.1
sd6,0.0035,5,5,frame,corr_links,100000,1115,2.4
sd6,0.0035,5,5,frame,mwpm,60000,1072,0.8
sd6,0.0035,7,7,frame,corr_links,100000,732,6.6
sd6,0.0035,7,7,frame,mwpm,80000,1151,2.9
sd6,0.0035,9,9,frame,corr_links,100000,454,17.4
sd6,0.0035,9,9,frame,mwpm,80000,1025,6.6
sd6,0.0037,3,3,frame,mwpm,60000,1341,0.2
sd6,0.0037,5,5,frame,mwpm,60000,1276,0.9
sd6,0.0037,7,7,frame,mwpm,60000,1207,2.9
sd6,0.0037,9,9,frame,mwpm,60000,1021,7.1
sd6,0.0039,3,3,frame,mwpm,60000,1451,0.2
sd6,0.0039,5,5,frame,mwpm,60000,1482,0.9
sd6,0.0039,7,7,frame,mwpm,60000,1435,2.8
sd6,0.0039,9,9,frame,mwpm,60000,1310,6.7
sd6,0.004,3,1,frame,mwpm,80000,543,0.3
sd6,0.004,3,3,frame,bm,10000,200,14.3
sd6,0.004,3,3,frame,bp_full,10000,213,14.3
sd6,0.004,3,3,frame,corr_gauge,60000,1353,0.4
sd6,0.004,3,3,frame,corr_links,60000,1273,0.3
sd6,0.004,3,3,frame,mwpm,40000,1000,0.2
sd6,0.004,3,3,frame,seq_match,10000,350,2.4
sd6,0.004,3,3,frame,seq_soft,10000,262,10.0
sd6,0.004,3,3,frame,tesseract,17000,311,42.8
sd6,0.004,5,1,frame,mwpm,300000,513,2.3
sd6,0.004,5,5,frame,bm,10000,159,154.0
sd6,0.004,5,5,frame,bp_full,10000,155,172.4
sd6,0.004,5,5,frame,corr_gauge,60000,1077,3.7
sd6,0.004,5,5,frame,corr_links,60000,1079,1.5
sd6,0.004,5,5,frame,mwpm,40000,1060,0.6
sd6,0.004,5,5,frame,seq_match,9500,408,8.1
sd6,0.004,5,5,frame,seq_soft,10000,210,75.6
sd6,0.004,5,5,frame,tesseract,4250,54,1977.5
sd6,0.004,7,1,frame,mwpm,1020000,505,19.2
sd6,0.004,7,7,frame,bm,6500,82,424.5
sd6,0.004,7,7,frame,corr_gauge,80000,1166,17.0
sd6,0.004,7,7,frame,corr_links,80000,1180,6.9
sd6,0.004,7,7,frame,mwpm,40000,1067,2.3
sd6,0.004,9,1,frame,mwpm,3660000,402,124.7
sd6,0.004,9,9,frame,corr_gauge,100000,1066,69.1
sd6,0.004,9,9,frame,corr_links,100000,1063,21.1
sd6,0.004,9,9,frame,mwpm,40000,1007,5.2
sd6,0.0041,3,3,frame,mwpm,40000,1059,0.1
sd6,0.0041,5,5,frame,mwpm,40000,1139,0.7
sd6,0.0041,7,7,frame,mwpm,40000,1197,2.2
sd6,0.0041,9,9,frame,mwpm,40000,1156,8.9
sd6,0.0043,3,3,frame,mwpm,40000,1223,0.2
sd6,0.0043,5,5,frame,mwpm,40000,1367,1.0
sd6,0.0043,7,7,frame,mwpm,40000,1409,3.8
sd6,0.0043,9,9,frame,mwpm,40000,1447,8.3
sd6,0.0045,3,3,frame,bm,10000,266,49.2
sd6,0.0045,3,3,frame,corr_gauge,80000,2249,1.0
sd6,0.0045,3,3,frame,corr_links,40000,1123,0.2
sd6,0.0045,3,3,frame,mwpm,80000,2557,0.30000000000000004
sd6,0.0045,5,5,frame,bm,10000,240,346.5
sd6,0.0045,5,5,frame,corr_gauge,80000,2194,6.7
sd6,0.0045,5,5,frame,corr_links,40000,1114,1.6
sd6,0.0045,5,5,frame,mwpm,80000,3090,1.9000000000000001
sd6,0.0045,7,7,frame,bm,3500,68,412.7
sd6,0.0045,7,7,frame,corr_gauge,80000,2086,23.4
sd6,0.0045,7,7,frame,corr_links,60000,1403,7.5
sd6,0.0045,7,7,frame,mwpm,80000,3353,6.0
sd6,0.0045,9,9,frame,corr_gauge,100000,2099,83.6
sd6,0.0045,9,9,frame,corr_links,60000,1210,16.7
sd6,0.0045,9,9,frame,mwpm,80000,3559,17.7
sd6,0.00475,3,3,frame,corr_gauge,20000,605,0.4
sd6,0.00475,5,5,frame,corr_gauge,20000,625,2.1
sd6,0.00475,7,7,frame,corr_gauge,40000,1229,11.1
sd6,0.00475,9,9,frame,corr_gauge,40000,1110,35.7
sd6,0.005,3,3,frame,bm,9500,312,26.9
sd6,0.005,3,3,frame,bp_full,10000,342,13.8
sd6,0.005,3,3,frame,corr_gauge,60000,2113,1.0
sd6,0.005,3,3,frame,corr_links,40000,1411,0.2
sd6,0.005,3,3,frame,mwpm,40000,1707,0.1
sd6,0.005,3,3,frame,seq_match,8500,414,2.1
sd6,0.005,3,3,frame,seq_soft,10000,394,10.4
sd6,0.005,3,3,frame,tesseract,9000,301,32.1
sd6,0.005,5,5,frame,bm,9000,320,220.3
sd6,0.005,5,5,frame,bp_full,10000,351,204.0
sd6,0.005,5,5,frame,corr_gauge,60000,2313,6.1
sd6,0.005,5,5,frame,corr_links,40000,1507,1.5
sd6,0.005,5,5,frame,mwpm,20000,1030,0.5
sd6,0.005,5,5,frame,seq_match,5000,406,6.1
sd6,0.005,5,5,frame,seq_soft,9500,407,73.3
sd6,0.005,5,5,frame,tesseract,1000,31,788.3
sd6,0.005,7,7,frame,bm,4000,129,448.7
sd6,0.005,7,7,frame,corr_gauge,60000,2320,21.3
sd6,0.005,7,7,frame,corr_links,40000,1465,4.5
sd6,0.005,7,7,frame,mwpm,20000,1282,1.6
sd6,0.005,9,9,frame,corr_gauge,60000,2207,57.900000000000006
sd6,0.005,9,9,frame,corr_links,40000,1524,11.8
sd6,0.005,9,9,frame,mwpm,20000,1453,3.7
sd6,0.00525,3,3,frame,corr_gauge,20000,779,0.4
sd6,0.00525,5,5,frame,corr_gauge,20000,842,2.0
sd6,0.00525,7,7,frame,corr_gauge,20000,936,6.7
sd6,0.00525,9,9,frame,corr_gauge,20000,946,19.6
sd6,0.0055,3,3,frame,bm,7000,306,26.3
sd6,0.0055,3,3,frame,corr_gauge,60000,2692,0.9
sd6,0.0055,3,3,frame,corr_links,40000,1773,0.3
sd6,0.0055,3,3,frame,mwpm,20000,1002,0.1
sd6,0.0055,5,5,frame,bm,7000,336,221.4
sd6,0.0055,5,5,frame,corr_gauge,40000,2014,4.5
sd6,0.0055,5,5,frame,corr_links,20000,1038,1.0
sd6,0.0055,5,5,frame,mwpm,20000,1370,0.6
sd6,0.0055,7,7,frame,bm,4500,198,405.9
sd6,0.0055,7,7,frame,corr_gauge,40000,2289,17.1
sd6,0.0055,7,7,frame,corr_links,20000,1133,2.9
sd6,0.0055,7,7,frame,mwpm,20000,1840,1.6
sd6,0.0055,9,9,frame,corr_gauge,40000,2415,47.5
sd6,0.0055,9,9,frame,corr_links,20000,1177,7.4
sd6,0.0055,9,9,frame,mwpm,20000,2316,4.2
sd6,0.006,3,1,frame,mwpm,40000,636,0.3
sd6,0.006,3,3,frame,bm,6000,313,14.8
sd6,0.006,3,3,frame,corr_gauge,20000,1042,0.4
sd6,0.006,3,3,frame,corr_links,20000,1034,0.2
sd6,0.006,3,3,frame,mwpm,20000,1210,0.1
sd6,0.006,5,1,frame,mwpm,80000,524,1.4
sd6,0.006,5,5,frame,bm,5000,302,106.3
sd6,0.006,5,5,frame,corr_gauge,20000,1342,2.7
sd6,0.006,5,5,frame,corr_links,20000,1350,1.0
sd6,0.006,5,5,frame,mwpm,20000,1773,0.6
sd6,0.006,7,1,frame,mwpm,220000,534,7.1
sd6,0.006,7,7,frame,bm,5500,330,380.7
sd6,0.006,7,7,frame,corr_gauge,20000,1574,9.8
sd6,0.006,7,7,frame,corr_links,20000,1560,3.2
sd6,0.006,7,7,frame,mwpm,20000,2374,1.8
sd6,0.006,9,1,frame,mwpm,500000,514,27.7
sd6,0.006,9,9,frame,corr_gauge,20000,1960,26.7
sd6,0.006,9,9,frame,corr_links,20000,1868,8.4
sd6,0.006,9,9,frame,mwpm,20000,3122,4.5
sd6,0.0065,3,3,frame,bm,5500,327,15.0
sd6,0.0065,5,5,frame,bm,4500,316,95.7
sd6,0.0065,7,7,frame,bm,4000,326,260.5
sd6,0.007,3,3,frame,bm,4500,332,11.2
sd6,0.007,3,3,frame,corr_gauge,20000,1409,0.5
sd6,0.007,3,3,frame,corr_links,20000,1374,0.2
sd6,0.007,3,3,frame,mwpm,20000,1690,0.1
sd6,0.007,5,5,frame,bm,3000,323,65.7
sd6,0.007,5,5,frame,corr_gauge,20000,2163,3.2
sd6,0.007,5,5,frame,corr_links,20000,2021,1.1
sd6,0.007,5,5,frame,mwpm,20000,2633,0.7
sd6,0.007,7,7,frame,bm,2500,331,177.4
sd6,0.007,7,7,frame,corr_gauge,20000,2840,11.8
sd6,0.007,7,7,frame,corr_links,20000,2807,3.7
sd6,0.007,7,7,frame,mwpm,20000,3785,2.1
sd6,0.007,9,9,frame,corr_gauge,20000,3575,38.3
sd6,0.007,9,9,frame,corr_links,20000,3435,9.6
sd6,0.007,9,9,frame,mwpm,20000,4993,5.0
sd6,0.008,3,1,frame,mwpm,20000,616,0.2
sd6,0.008,5,1,frame,mwpm,40000,641,1.3
sd6,0.008,7,1,frame,mwpm,60000,512,3.6
sd6,0.008,9,1,frame,mwpm,120000,573,12.0
sd6,0.01,3,1,frame,mwpm,20000,850,0.2
sd6,0.01,5,1,frame,mwpm,20000,640,1.0
sd6,0.01,7,1,frame,mwpm,40000,799,3.2
sd6,0.01,9,1,frame,mwpm,40000,541,7.8
sd6,0.012,3,1,frame,mwpm,20000,1244,0.3
sd6,0.012,5,1,frame,mwpm,20000,1012,0.9
sd6,0.012,7,1,frame,mwpm,20000,874,2.8
sd6,0.012,9,1,frame,mwpm,20000,608,6.2
si1000,0.001,3,3,frame,corr_gauge,260000,502,1.4
si1000,0.001,3,3,frame,mwpm,240000,520,0.6
si1000,0.001,5,5,frame,corr_gauge,2000000,501,63.4
si1000,0.001,5,5,frame,mwpm,1320000,509,17.7
si1000,0.001,7,7,frame,corr_gauge,1300000,45,122.7
si1000,0.001,7,7,frame,mwpm,2000000,125,53.5
si1000,0.001,9,9,frame,corr_gauge,640000,2,126.6
si1000,0.001,9,9,frame,mwpm,2000000,18,96.3
si1000,0.002,3,3,frame,corr_gauge,60000,500,0.6
si1000,0.002,3,3,frame,mwpm,60000,524,0.3
si1000,0.002,5,5,frame,corr_gauge,180000,524,8.7
si1000,0.002,5,5,frame,mwpm,120000,553,2.1
si1000,0.002,7,7,frame,corr_gauge,520000,503,83.1
si1000,0.002,7,7,frame,mwpm,240000,530,11.1
si1000,0.002,9,9,frame,corr_gauge,300000,120,129.3
si1000,0.002,9,9,frame,mwpm,540000,524,52.0
si1000,0.0025,3,3,frame,corr_gauge,60000,709,0.6
si1000,0.0025,3,3,frame,mwpm,40000,593,0.3
si1000,0.0025,5,5,frame,corr_gauge,80000,523,5.6
si1000,0.0025,5,5,frame,mwpm,60000,573,2.1
si1000,0.0025,7,7,frame,corr_gauge,160000,516,27.9
si1000,0.0025,7,7,frame,mwpm,100000,591,7.1
si1000,0.0025,9,9,frame,corr_gauge,320000,460,126.7
si1000,0.0025,9,9,frame,mwpm,140000,583,14.8
si1000,0.003,3,3,frame,corr_links,60000,1154,0.3
si1000,0.003,3,3,frame,mwpm,60000,1289,0.2
si1000,0.003,5,5,frame,corr_links,80000,1003,2.1
si1000,0.003,5,5,frame,mwpm,60000,1041,1.0
si1000,0.003,7,7,frame,corr_links,100000,733,7.7
si1000,0.003,7,7,frame,mwpm,80000,1195,3.1
si1000,0.003,9,9,frame,corr_links,100000,462,19.2
si1000,0.003,9,9,frame,mwpm,100000,1161,8.2
si1000,0.0032,3,3,frame,mwpm,40000,1013,0.3
si1000,0.0032,5,5,frame,mwpm,60000,1290,1.7
si1000,0.0032,7,7,frame,mwpm,60000,1115,5.5
si1000,0.0032,9,9,frame,mwpm,80000,1291,13.3
si1000,0.0034,3,3,frame,mwpm,40000,1072,0.3
si1000,0.0034,5,5,frame,mwpm,40000,1135,1.5
si1000,0.0034,7,7,frame,mwpm,40000,1021,3.8
si1000,0.0034,9,9,frame,mwpm,60000,1418,12.0
si1000,0.0035,3,3,frame,corr_gauge,40000,1117,0.4
si1000,0.0035,3,3,frame,corr_links,40000,1081,0.2
si1000,0.0035,3,3,frame,mwpm,40000,1193,0.1
si1000,0.0035,5,5,frame,corr_gauge,60000,1246,4.2
si1000,0.0035,5,5,frame,corr_links,60000,1320,2.0
si1000,0.0035,5,5,frame,mwpm,40000,1161,0.7
si1000,0.0035,7,7,frame,corr_gauge,60000,1000,15.7
si1000,0.0035,7,7,frame,corr_links,80000,1314,7.5
si1000,0.0035,7,7,frame,mwpm,40000,1220,2.3
si1000,0.0035,9,9,frame,corr_gauge,80000,1000,69.9
si1000,0.0035,9,9,frame,corr_links,80000,1016,18.9
si1000,0.0035,9,9,frame,mwpm,40000,1176,5.6
si1000,0.00355,3,3,frame,mwpm,40000,1176,0.2
si1000,0.00355,5,5,frame,mwpm,40000,1237,1.4
si1000,0.00355,7,7,frame,mwpm,40000,1197,4.0
si1000,0.00355,9,9,frame,mwpm,40000,1217,9.6
si1000,0.0037,3,3,frame,mwpm,40000,1381,0.3
si1000,0.0037,5,5,frame,mwpm,40000,1448,1.6
si1000,0.0037,7,7,frame,mwpm,40000,1414,5.5
si1000,0.0037,9,9,frame,mwpm,40000,1463,10.0
si1000,0.0039,3,3,frame,corr_gauge,20000,684,0.4
si1000,0.0039,3,3,frame,mwpm,40000,1502,0.2
si1000,0.0039,5,5,frame,corr_gauge,20000,611,2.0
si1000,0.0039,5,5,frame,mwpm,40000,1723,1.4
si1000,0.0039,7,7,frame,corr_gauge,40000,1083,14.7
si1000,0.0039,7,7,frame,mwpm,40000,1894,4.9
si1000,0.0039,9,9,frame,corr_gauge,40000,922,38.2
si1000,0.0039,9,9,frame,mwpm,20000,1027,8.5
si1000,0.004,3,3,frame,bm,8000,290,9.9
si1000,0.004,3,3,frame,corr_gauge,40000,1440,0.7
si1000,0.004,3,3,frame,corr_links,40000,1429,0.3
si1000,0.004,3,3,frame,mwpm,40000,1554,0.1
si1000,0.004,5,5,frame,bm,8000,238,95.1
si1000,0.004,5,5,frame,corr_gauge,40000,1383,4.7
si1000,0.004,5,5,frame,corr_links,40000,1339,1.5
si1000,0.004,5,5,frame,mwpm,40000,1897,0.8
si1000,0.004,7,7,frame,bm,8000,207,325.0
si1000,0.004,7,7,frame,corr_gauge,40000,1199,15.9
si1000,0.004,7,7,frame,corr_links,40000,1182,4.9
si1000,0.004,7,7,frame,mwpm,20000,1048,1.6
si1000,0.004,9,9,frame,corr_gauge,40000,1104,43.2
si1000,0.004,9,9,frame,corr_links,40000,1121,12.3
si1000,0.004,9,9,frame,mwpm,20000,1112,4.3
si1000,0.0041,3,3,frame,corr_gauge,20000,769,0.4
si1000,0.0041,5,5,frame,corr_gauge,20000,688,2.6
si1000,0.0041,7,7,frame,corr_gauge,20000,709,8.3
si1000,0.0041,9,9,frame,corr_gauge,20000,617,22.1
si1000,0.00435,3,3,frame,corr_gauge,20000,815,0.4
si1000,0.00435,5,5,frame,corr_gauge,20000,880,2.2
si1000,0.00435,7,7,frame,corr_gauge,20000,915,8.4
si1000,0.00435,9,9,frame,corr_gauge,20000,863,22.5
si1000,0.0045,3,3,frame,bm,6500,300,8.7
si1000,0.0045,3,3,frame,corr_gauge,40000,1863,0.8
si1000,0.0045,3,3,frame,corr_links,40000,1831,0.3
si1000,0.0045,3,3,frame,mwpm,40000,1994,0.2
si1000,0.0045,5,5,frame,bm,7000,315,81.0
si1000,0.0045,5,5,frame,corr_gauge,20000,1000,3.1
si1000,0.0045,5,5,frame,corr_links,40000,1938,1.9
si1000,0.0045,5,5,frame,mwpm,20000,1371,0.6
si1000,0.0045,7,7,frame,bm,6500,312,264.6
si1000,0.0045,7,7,frame,corr_gauge,20000,1116,10.9
si1000,0.0045,7,7,frame,corr_links,20000,1020,3.5
si1000,0.0045,7,7,frame,mwpm,20000,1599,1.9
si1000,0.0045,9,9,frame,corr_gauge,20000,1043,28.7
si1000,0.0045,9,9,frame,corr_links,20000,1057,8.3
si1000,0.0045,9,9,frame,mwpm,20000,1932,4.3
si1000,0.00455,3,3,frame,corr_gauge,20000,945,0.4
si1000,0.00455,5,5,frame,corr_gauge,20000,1093,2.6
si1000,0.00455,7,7,frame,corr_gauge,20000,1090,8.4
si1000,0.00455,9,9,frame,corr_gauge,20000,1205,25.2
si1000,0.0048,3,3,frame,corr_gauge,20000,1064,0.4
si1000,0.0048,5,5,frame,corr_gauge,20000,1215,2.5
si1000,0.0048,7,7,frame,corr_gauge,20000,1320,9.2
si1000,0.0048,9,9,frame,corr_gauge,20000,1468,27.3
si1000,0.005,3,3,frame,bm,5500,313,7.6
si1000,0.005,3,3,frame,corr_gauge,20000,1150,0.5
si1000,0.005,3,3,frame,corr_links,20000,1144,0.2
si1000,0.005,3,3,frame,mwpm,20000,1279,0.1
si1000,0.005,5,5,frame,bm,5000,319,64.3
si1000,0.005,5,5,frame,corr_gauge,20000,1439,3.2
si1000,0.005,5,5,frame,corr_links,20000,1336,1.1
si1000,0.005,5,5,frame,mwpm,20000,1803,0.6
si1000,0.005,7,7,frame,bm,4500,306,199.8
si1000,0.005,7,7,frame,corr_gauge,20000,1577,11.8
si1000,0.005,7,7,frame,corr_links,20000,1599,3.7
si1000,0.005,7,7,frame,mwpm,20000,2360,2.1
si1000,0.005,9,9,frame,corr_gauge,20000,1813,31.6
si1000,0.005,9,9,frame,corr_links,20000,1752,9.4
si1000,0.005,9,9,frame,mwpm,20000,3120,5.1
si1000,0.0055,3,3,frame,bm,4500,310,9.4
si1000,0.0055,3,3,frame,corr_gauge,20000,1366,0.5
si1000,0.0055,3,3,frame,corr_links,20000,1373,0.2
si1000,0.0055,3,3,frame,mwpm,20000,1474,0.1
si1000,0.0055,5,5,frame,bm,4000,313,56.4
si1000,0.0055,5,5,frame,corr_gauge,20000,1841,3.5
si1000,0.0055,5,5,frame,corr_links,20000,1772,1.2
si1000,0.0055,5,5,frame,mwpm,20000,2279,0.7
si1000,0.0055,7,7,frame,bm,3500,343,144.6
si1000,0.0055,7,7,frame,corr_gauge,20000,2340,13.1
si1000,0.0055,7,7,frame,corr_links,20000,2259,4.3
si1000,0.0055,7,7,frame,mwpm,20000,3352,2.2
si1000,0.0055,9,9,frame,corr_gauge,20000,2769,34.7
si1000,0.0055,9,9,frame,corr_links,20000,2770,10.8
si1000,0.0055,9,9,frame,mwpm,20000,4236,5.6
si1000,0.006,3,3,frame,corr_gauge,20000,1678,0.6
si1000,0.006,3,3,frame,corr_links,20000,1671,0.2
si1000,0.006,3,3,frame,mwpm,20000,1715,0.2
si1000,0.006,5,5,frame,corr_gauge,20000,2347,3.6
si1000,0.006,5,5,frame,corr_links,20000,2357,1.6
si1000,0.006,5,5,frame,mwpm,20000,2906,0.8
si1000,0.006,7,7,frame,corr_gauge,20000,3079,13.0
si1000,0.006,7,7,frame,corr_links,20000,2973,4.5
si1000,0.006,7,7,frame,mwpm,20000,4151,2.3
si1000,0.006,9,9,frame,corr_gauge,20000,3949,35.9
si1000,0.006,9,9,frame,corr_links,20000,3960,11.2
si1000,0.006,9,9,frame,mwpm,20000,5363,6.0
si1000,0.007,3,3,frame,corr_links,20000,2246,0.3
si1000,0.007,3,3,frame,mwpm,20000,2381,0.1
si1000,0.007,5,5,frame,corr_links,20000,3457,1.9
si1000,0.007,5,5,frame,mwpm,20000,4047,0.8
si1000,0.007,7,7,frame,corr_links,20000,4818,5.3
si1000,0.007,7,7,frame,mwpm,20000,5961,2.9
si1000,0.007,9,9,frame,corr_links,20000,6323,14.9
si1000,0.007,9,9,frame,mwpm,20000,7704,7.5
