d,r,rmode,p,shots,errors,seconds
3,3,d,0.002,20000,120,0.02
3,3,d,0.003,14609,217,0.02
3,3,d,0.0034,60000,1086,0.17
3,3,d,0.00367,60000,1264,0.2
3,3,d,0.003961,58641,1500,0.2
3,3,d,0.004,8465,208,0.01
3,3,d,0.004275,48401,1515,0.17
3,3,d,0.004613,44305,1521,0.18
3,3,d,0.004979,39185,1525,0.16
3,3,d,0.005,5393,225,0.01
3,3,d,0.005374,32017,1531,0.14
3,3,d,0.0058,26897,1513,0.12
3,3,d,0.006,3345,211,0.01
3,3,d,0.008,2321,244,0.01
3,3,d,0.01,2321,350,0.01
3,3,d,0.012,1297,238,0.01
3,3,d,0.015,1297,332,0.01
3,3,d,0.02,1297,472,0.02
3,3,d,0.025,1297,561,0.01
3,3,d,0.03,1297,620,0.01
3,3,d,0.04,1297,638,0.02
3,3,d,0.05,1297,628,0.02
3,3,d,0.07,1297,684,0.02
3,3,d,0.1,1297,659,0.02
5,5,d,0.002,20000,64,0.08
5,5,d,0.003,18705,202,0.12
5,5,d,0.0034,60000,1000,0.83
5,5,d,0.00367,60000,1243,0.89
5,5,d,0.003961,57617,1527,0.94
5,5,d,0.004,8465,213,0.07
5,5,d,0.004275,44305,1512,0.83
5,5,d,0.004613,35089,1504,0.73
5,5,d,0.004979,28945,1515,0.67
5,5,d,0.005,4369,203,0.05
5,5,d,0.005374,21777,1515,0.56
5,5,d,0.0058,18705,1524,0.5
5,5,d,0.006,2321,201,0.04
5,5,d,0.008,1297,260,0.03
5,5,d,0.01,1297,359,0.04
5,5,d,0.012,1297,459,0.04
5,5,d,0.015,1297,560,0.05
5,5,d,0.02,1297,636,0.06
5,5,d,0.025,1297,632,0.07
5,5,d,0.03,1297,637,0.09
5,5,d,0.04,1297,668,0.09
5,5,d,0.05,1297,644,0.1
5,5,d,0.07,1297,635,0.11
5,5,d,0.1,1297,649,0.13
7,7,d,0.002,20000,29,0.38
7,7,d,0.003,20000,156,0.62
7,7,d,0.0034,60000,803,2.6
7,7,d,0.00367,60000,1150,2.9
7,7,d,0.003961,60000,1479,3.4
7,7,d,0.004,8465,204,0.32
7,7,d,0.004275,44305,1521,2.75
7,7,d,0.004613,32017,1528,2.28
7,7,d,0.004979,23825,1516,1.87
7,7,d,0.005,4369,260,0.18
7,7,d,0.005374,17681,1552,1.46
7,7,d,0.0058,14609,1558,1.35
7,7,d,0.006,2321,290,0.15
7,7,d,0.008,1297,343,0.09
7,7,d,0.01,1297,516,0.13
7,7,d,0.012,1297,577,0.22
7,7,d,0.015,1297,607,0.21
7,7,d,0.02,1297,618,0.3
7,7,d,0.025,1297,628,0.38
7,7,d,0.03,785,386,0.44
7,7,d,0.04,1297,618,0.49
7,7,d,0.05,1297,644,0.58
7,7,d,0.07,1297,631,0.41
7,7,d,0.1,2594,1248,0.87
9,9,d,0.002,20000,8,0.49
9,9,d,0.003,20000,100,0.8
9,9,d,0.0034,60000,617,2.91
9,9,d,0.00367,60000,988,3.54
9,9,d,0.003961,60000,1464,3.76
9,9,d,0.004,9489,217,0.58
9,9,d,0.004275,43281,1530,3.08
9,9,d,0.004613,28945,1517,2.28
9,9,d,0.004979,20753,1518,1.82
9,9,d,0.005,3345,257,0.3
9,9,d,0.005374,15633,1542,1.56
9,9,d,0.0058,11537,1610,1.32
9,9,d,0.006,2321,348,0.28
9,9,d,0.008,1297,459,0.24
9,9,d,0.01,1297,590,0.31
9,9,d,0.012,1297,655,0.39
9,9,d,0.015,1297,633,0.44
9,9,d,0.02,1297,677,0.53
9,9,d,0.025,1297,679,0.64
9,9,d,0.03,785,403,0.44
9,9,d,0.04,785,408,0.47
9,9,d,0.05,785,387,0.55
9,9,d,0.07,785,393,0.57
9,9,d,0.1,1570,773,1.32
11,11,d,0.002,20000,2,0.99
11,11,d,0.003,20000,80,1.63
11,11,d,0.0034,60000,502,10.98
11,11,d,0.00367,60000,808,12.32
11,11,d,0.003961,60000,1305,14.39
11,11,d,0.004,8465,212,1.01
11,11,d,0.004275,41233,1508,10.98
11,11,d,0.004613,27921,1538,8.78
11,11,d,0.004979,18705,1568,6.7
11,11,d,0.005,2321,215,0.43
11,11,d,0.005374,13585,1612,5.66
11,11,d,0.0058,9489,1563,4.66
11,11,d,0.006,1297,250,0.34
11,11,d,0.008,1297,581,0.49
11,11,d,0.01,1297,628,0.66
11,11,d,0.012,1297,659,0.74
11,11,d,0.015,785,418,0.55
11,11,d,0.02,785,390,0.69
11,11,d,0.025,785,407,0.8
11,11,d,0.03,785,387,0.87
11,11,d,0.04,529,291,0.68
11,11,d,0.05,529,265,0.7
11,11,d,0.07,529,259,0.81
11,11,d,0.1,1058,535,1.85
13,13,d,0.002,20000,0,3.63
13,13,d,0.003,20000,46,5.78
13,13,d,0.0034,60000,378,22.66
13,13,d,0.00367,60000,705,26.05
13,13,d,0.003961,60000,1186,31.6
13,13,d,0.004,9489,226,4.74
13,13,d,0.004275,45329,1537,28.53
13,13,d,0.004613,26897,1550,18.59
13,13,d,0.004979,16657,1549,12.73
13,13,d,0.005,2321,213,1.77
13,13,d,0.005374,11025,1503,9.95
13,13,d,0.0058,7441,1514,8.09
13,13,d,0.006,1297,299,1.39
13,13,d,0.008,529,244,0.92
13,13,d,0.01,529,270,1.18
13,13,d,0.012,657,322,1.67
13,13,d,0.015,401,203,1.26
13,13,d,0.02,529,264,1.99
13,13,d,0.025,465,225,2.17
13,13,d,0.03,529,253,2.41
13,13,d,0.04,393,206,1.92
13,13,d,0.05,465,229,2.58
13,13,d,0.07,393,212,2.61
13,13,d,0.1,401,203,3.21
15,15,d,0.002,20000,1,3.94
15,15,d,0.003,20000,24,6.35
15,15,d,0.0034,60000,290,17.89
15,15,d,0.00367,60000,554,21.19
15,15,d,0.003961,60000,1032,23.84
15,15,d,0.004,10513,204,5.19
15,15,d,0.004275,44305,1521,20.94
15,15,d,0.004613,24337,1527,13.34
15,15,d,0.004979,15121,1532,9.41
15,15,d,0.005,2321,257,1.59
15,15,d,0.005374,9489,1533,7.17
15,15,d,0.0058,6417,1624,5.86
15,15,d,0.006,785,203,0.71
15,15,d,0.008,529,241,0.71
15,15,d,0.01,529,262,0.92
15,15,d,0.012,529,273,1.35
15,15,d,0.015,529,270,1.96
15,15,d,0.02,401,215,1.78
15,15,d,0.025,457,234,2.22
15,15,d,0.03,521,260,2.48
15,15,d,0.04,401,204,2.13
15,15,d,0.05,469,225,2.91
15,15,d,0.07,401,207,2.44
15,15,d,0.1,546,284,3.75
17,17,d,0.002,20000,0,4.19
17,17,d,0.003,20000,16,8.13
17,17,d,0.0034,60000,219,63.04
17,17,d,0.00367,60000,469,74.16
17,17,d,0.003961,60000,973,83.83
17,17,d,0.004,8841,206,6.35
17,17,d,0.004275,43077,1505,71.84
17,17,d,0.004613,23365,1508,48.41
17,17,d,0.004979,13381,1509,30.14
17,17,d,0.005,1809,222,1.82
17,17,d,0.005374,8389,1545,22.53
17,17,d,0.0058,5701,1509,17.12
17,17,d,0.006,785,243,1.12
17,17,d,0.008,649,317,1.52
17,17,d,0.01,521,248,1.63
17,17,d,0.012,521,248,1.86
17,17,d,0.015,521,248,2.24
17,17,d,0.02,457,221,2.6
17,17,d,0.025,393,201,2.31
17,17,d,0.03,393,202,2.61
17,17,d,0.04,425,213,3.04
17,17,d,0.05,393,205,3.2
17,17,d,0.07,393,202,3.58
17,17,d,0.1,393,203,4.4
19,19,d,0.002,20000,0,6.47
19,19,d,0.003,20000,7,11.75
19,19,d,0.0034,60000,159,102.27
19,19,d,0.00367,60000,372,118.82
19,19,d,0.003961,60000,904,141.92
19,19,d,0.004,12425,204,12.68
19,19,d,0.004275,46917,1504,133.7
19,19,d,0.004613,21957,1500,84.42
19,19,d,0.004979,12101,1525,40.87
19,19,d,0.005,1673,209,3.0
19,19,d,0.005374,7049,1537,14.98
19,19,d,0.0058,5001,1526,24.08
19,19,d,0.006,649,214,1.54
19,19,d,0.008,521,267,1.92
19,19,d,0.01,521,263,2.4
19,19,d,0.012,393,212,2.06
19,19,d,0.015,393,203,2.79
19,19,d,0.02,457,212,3.98
19,19,d,0.025,393,201,4.14
19,19,d,0.03,393,203,4.17
19,19,d,0.04,393,202,4.76
19,19,d,0.05,425,200,5.86
19,19,d,0.07,421,205,7.08
19,19,d,0.1,498,249,9.16
3,1,fixed,0.002,20000,40,0.01
3,1,fixed,0.003,20000,87,0.01
3,1,fixed,0.004,20000,137,0.01
3,1,fixed,0.005,15633,212,0.02
3,1,fixed,0.006,12561,204,0.01
3,1,fixed,0.008,7441,216,0.01
3,1,fixed,0.01,4369,206,0.01
3,1,fixed,0.012,27170,1789,0.08
3,1,fixed,0.013249,20753,1544,0.09
3,1,fixed,0.014628,17681,1551,0.07
3,1,fixed,0.015,3345,303,0.01
3,1,fixed,0.016151,14609,1547,0.07
3,1,fixed,0.017832,12561,1556,0.06
3,1,fixed,0.019688,10513,1554,0.06
3,1,fixed,0.02,2321,341,0.01
3,1,fixed,0.021737,9489,1610,0.05
3,1,fixed,0.024,8465,1634,0.05
3,1,fixed,0.025,1297,251,0.0
3,1,fixed,0.03,1297,335,0.0
3,1,fixed,0.04,1297,455,0.01
3,1,fixed,0.05,1297,496,0.01
3,1,fixed,0.07,1297,591,0.01
3,1,fixed,0.1,1297,633,0.01
5,1,fixed,0.002,20000,5,0.02
5,1,fixed,0.003,20000,14,0.03
5,1,fixed,0.004,20000,38,0.04
5,1,fixed,0.005,20000,83,0.05
5,1,fixed,0.006,20000,132,0.05
5,1,fixed,0.008,13585,203,0.05
5,1,fixed,0.01,6417,207,0.03
5,1,fixed,0.012,33314,1753,0.19
5,1,fixed,0.013249,22801,1504,0.14
5,1,fixed,0.014628,17681,1510,0.13
5,1,fixed,0.015,2321,219,0.02
5,1,fixed,0.016151,14609,1588,0.12
5,1,fixed,0.017832,11537,1528,0.1
5,1,fixed,0.019688,9489,1585,0.09
5,1,fixed,0.02,1297,241,0.01
5,1,fixed,0.021737,7441,1500,0.08
5,1,fixed,0.024,7441,1684,0.08
5,1,fixed,0.025,1297,326,0.02
5,1,fixed,0.03,1297,386,0.02
5,1,fixed,0.04,1297,561,0.02
5,1,fixed,0.05,1297,619,0.03
5,1,fixed,0.07,1297,632,0.03
5,1,fixed,0.1,1297,637,0.04
7,1,fixed,0.002,20000,1,0.04
7,1,fixed,0.003,20000,3,0.05
7,1,fixed,0.004,20000,9,0.1
7,1,fixed,0.005,20000,24,0.09
7,1,fixed,0.006,20000,59,0.1
7,1,fixed,0.008,20000,185,0.16
7,1,fixed,0.01,10513,212,0.1
7,1,fixed,0.012,43554,1729,1.06
7,1,fixed,0.013249,26897,1552,0.73
7,1,fixed,0.014628,19729,1523,0.63
7,1,fixed,0.015,2321,215,0.04
7,1,fixed,0.016151,14609,1531,0.51
7,1,fixed,0.017832,11537,1588,0.48
7,1,fixed,0.019688,8465,1530,0.38
7,1,fixed,0.02,1297,249,0.03
7,1,fixed,0.021737,7441,1581,0.38
7,1,fixed,0.024,6417,1624,0.37
7,1,fixed,0.025,1297,378,0.06
7,1,fixed,0.03,1297,466,0.05
7,1,fixed,0.04,1297,582,0.05
7,1,fixed,0.05,1297,651,0.06
7,1,fixed,0.07,1297,641,0.07
7,1,fixed,0.1,1297,641,0.09
9,1,fixed,0.002,20000,0,0.07
9,1,fixed,0.003,20000,1,0.08
9,1,fixed,0.004,20000,1,0.12
9,1,fixed,0.005,20000,10,0.16
9,1,fixed,0.006,20000,16,0.19
9,1,fixed,0.008,20000,87,0.25
9,1,fixed,0.01,13585,215,0.24
9,1,fixed,0.012,54818,1743,2.28
9,1,fixed,0.013249,32017,1539,1.63
9,1,fixed,0.014628,21777,1529,1.4
9,1,fixed,0.015,3345,273,0.11
9,1,fixed,0.016151,15633,1542,1.03
9,1,fixed,0.017832,11537,1554,0.85
9,1,fixed,0.019688,8465,1555,0.81
9,1,fixed,0.02,1297,264,0.06
9,1,fixed,0.021737,6417,1509,0.6
9,1,fixed,0.024,5393,1508,0.58
9,1,fixed,0.025,1297,399,0.09
9,1,fixed,0.03,1297,521,0.09
9,1,fixed,0.04,1297,621,0.11
9,1,fixed,0.05,1297,607,0.12
9,1,fixed,0.07,1297,636,0.16
9,1,fixed,0.1,1297,683,0.18
11,1,fixed,0.002,20000,0,0.09
11,1,fixed,0.003,20000,0,0.12
11,1,fixed,0.004,20000,1,0.18
11,1,fixed,0.005,20000,3,0.22
11,1,fixed,0.006,20000,7,0.26
11,1,fixed,0.008,20000,52,0.39
11,1,fixed,0.01,20000,179,0.54
11,1,fixed,0.012,68465,1704,2.39
11,1,fixed,0.013249,36113,1535,1.47
11,1,fixed,0.014628,23825,1516,1.13
11,1,fixed,0.015,3345,257,0.16
11,1,fixed,0.016151,15633,1541,0.94
11,1,fixed,0.017832,11537,1587,0.73
11,1,fixed,0.019688,8465,1631,0.59
11,1,fixed,0.02,1297,270,0.1
11,1,fixed,0.021737,6417,1567,0.53
11,1,fixed,0.024,5393,1664,0.46
11,1,fixed,0.025,1297,422,0.12
11,1,fixed,0.03,1297,538,0.16
11,1,fixed,0.04,1297,650,0.19
11,1,fixed,0.05,1297,635,0.19
11,1,fixed,0.07,1297,658,0.22
11,1,fixed,0.1,1297,671,0.24
13,1,fixed,0.002,20000,0,0.26
13,1,fixed,0.003,20000,0,0.41
13,1,fixed,0.004,20000,1,0.5
13,1,fixed,0.005,20000,1,0.61
13,1,fixed,0.006,20000,2,0.83
13,1,fixed,0.008,20000,29,1.15
13,1,fixed,0.01,20000,141,1.61
13,1,fixed,0.012,70513,1395,7.27
13,1,fixed,0.013249,43281,1509,5.08
13,1,fixed,0.014628,26897,1547,3.86
13,1,fixed,0.015,3345,222,0.49
13,1,fixed,0.016151,16657,1512,2.67
13,1,fixed,0.017832,11537,1571,2.17
13,1,fixed,0.019688,8465,1666,1.83
13,1,fixed,0.02,1297,245,0.29
13,1,fixed,0.021737,6417,1682,1.51
13,1,fixed,0.024,5393,1763,1.49
13,1,fixed,0.025,1297,455,0.37
13,1,fixed,0.03,1297,557,0.44
13,1,fixed,0.04,1297,629,0.5
13,1,fixed,0.05,1297,660,0.61
13,1,fixed,0.07,1297,648,0.67
13,1,fixed,0.1,785,396,0.46
15,1,fixed,0.002,20000,0,0.16
15,1,fixed,0.003,20000,0,0.23
15,1,fixed,0.004,20000,0,0.32
15,1,fixed,0.005,20000,0,0.41
15,1,fixed,0.006,20000,1,0.5
15,1,fixed,0.008,20000,8,0.74
15,1,fixed,0.01,20000,90,1.0
15,1,fixed,0.012,74609,1160,5.04
15,1,fixed,0.013249,51473,1504,4.13
15,1,fixed,0.014628,29969,1548,2.92
15,1,fixed,0.015,3345,214,0.33
15,1,fixed,0.016151,17681,1599,1.95
15,1,fixed,0.017832,11537,1599,1.47
15,1,fixed,0.019688,8465,1694,1.24
15,1,fixed,0.02,1297,279,0.22
15,1,fixed,0.021737,5393,1534,0.91
15,1,fixed,0.024,4369,1537,0.79
15,1,fixed,0.025,1297,474,0.25
15,1,fixed,0.03,1297,586,0.32
15,1,fixed,0.04,1297,662,0.35
15,1,fixed,0.05,1297,632,0.4
15,1,fixed,0.07,1297,630,0.44
15,1,fixed,0.1,1297,645,0.5
17,1,fixed,0.002,20000,0,0.43
17,1,fixed,0.003,20000,0,0.63
17,1,fixed,0.004,20000,0,0.83
17,1,fixed,0.005,20000,0,1.17
17,1,fixed,0.006,20000,1,1.38
17,1,fixed,0.008,20000,8,2.03
17,1,fixed,0.01,20000,65,2.74
17,1,fixed,0.012,76657,911,8.27
17,1,fixed,0.013249,60000,1480,6.53
17,1,fixed,0.014628,33041,1536,4.06
17,1,fixed,0.015,5393,241,1.42
17,1,fixed,0.016151,18705,1569,2.79
17,1,fixed,0.017832,11537,1569,2.25
17,1,fixed,0.019688,7441,1515,1.54
17,1,fixed,0.02,1297,323,0.54
17,1,fixed,0.021737,6417,1769,1.48
17,1,fixed,0.024,4369,1553,1.12
17,1,fixed,0.025,1297,478,0.68
17,1,fixed,0.03,785,363,0.49
17,1,fixed,0.04,785,417,0.58
17,1,fixed,0.05,785,407,0.65
17,1,fixed,0.07,785,385,0.75
17,1,fixed,0.1,785,398,0.87
19,1,fixed,0.002,20000,0,0.3
19,1,fixed,0.003,20000,0,0.39
19,1,fixed,0.004,20000,0,0.55
19,1,fixed,0.005,20000,0,0.7
19,1,fixed,0.006,20000,0,0.86
19,1,fixed,0.008,20000,1,1.19
19,1,fixed,0.01,20000,28,1.93
19,1,fixed,0.012,79729,777,16.76
19,1,fixed,0.013249,60000,1166,16.89
19,1,fixed,0.014628,35089,1526,12.0
19,1,fixed,0.015,4369,231,0.78
19,1,fixed,0.016151,18705,1541,7.54
19,1,fixed,0.017832,11025,1505,5.15
19,1,fixed,0.019688,7441,1573,4.31
19,1,fixed,0.02,1297,305,0.37
19,1,fixed,0.021737,5393,1611,3.45
19,1,fixed,0.024,4369,1628,3.04
19,1,fixed,0.025,1297,475,0.54
19,1,fixed,0.03,785,381,0.5
19,1,fixed,0.04,1297,617,0.73
19,1,fixed,0.05,1297,653,0.72
19,1,fixed,0.07,785,388,0.46
19,1,fixed,0.1,785,375,0.61
3,2,fixed,0.002,20000,80,0.01
3,2,fixed,0.003,20000,195,0.02
3,2,fixed,0.004,13585,217,0.02
3,2,fixed,0.005,7441,204,0.01
3,2,fixed,0.006,6417,236,0.01
3,2,fixed,0.008,27170,1778,0.11
3,2,fixed,0.008833,19729,1574,0.09
3,2,fixed,0.009752,16657,1563,0.09
3,2,fixed,0.01,2321,216,0.01
3,2,fixed,0.010767,13585,1534,0.09
3,2,fixed,0.011888,11537,1516,0.08
3,2,fixed,0.012,2321,320,0.01
3,2,fixed,0.013125,10513,1612,0.07
3,2,fixed,0.014492,8465,1546,0.06
3,2,fixed,0.015,1297,237,0.01
3,2,fixed,0.016,7441,1590,0.07
3,2,fixed,0.02,1297,366,0.01
3,2,fixed,0.025,1297,459,0.01
3,2,fixed,0.03,1297,534,0.01
3,2,fixed,0.04,1297,554,0.01
3,2,fixed,0.05,1297,616,0.01
3,2,fixed,0.07,1297,650,0.01
3,2,fixed,0.1,1297,632,0.02
5,2,fixed,0.002,20000,18,0.04
5,2,fixed,0.003,20000,40,0.05
5,2,fixed,0.004,20000,114,0.07
5,2,fixed,0.005,15633,206,0.07
5,2,fixed,0.006,8465,212,0.05
5,2,fixed,0.008,33314,1782,0.24
5,2,fixed,0.008833,22801,1527,0.19
5,2,fixed,0.009752,16657,1520,0.16
5,2,fixed,0.01,2321,221,0.02
5,2,fixed,0.010767,14609,1551,0.15
5,2,fixed,0.011888,11537,1611,0.14
5,2,fixed,0.012,2321,296,0.03
5,2,fixed,0.013125,9489,1669,0.12
5,2,fixed,0.014492,7441,1550,0.11
5,2,fixed,0.015,1297,270,0.02
5,2,fixed,0.016,6417,1601,0.1
5,2,fixed,0.02,1297,454,0.03
5,2,fixed,0.025,1297,511,0.03
5,2,fixed,0.03,1297,597,0.04
5,2,fixed,0.04,1297,647,0.04
5,2,fixed,0.05,1297,672,0.05
5,2,fixed,0.07,1297,682,0.05
5,2,fixed,0.1,1297,629,0.06
7,2,fixed,0.002,20000,0,0.07
7,2,fixed,0.003,20000,10,0.12
7,2,fixed,0.004,20000,46,0.13
7,2,fixed,0.005,20000,140,0.26
7,2,fixed,0.006,13585,212,0.16
7,2,fixed,0.008,40482,1718,1.25
7,2,fixed,0.008833,25873,1526,0.99
7,2,fixed,0.009752,18705,1545,0.83
7,2,fixed,0.01,2321,201,0.08
7,2,fixed,0.010767,14609,1578,0.76
7,2,fixed,0.011888,10513,1619,0.61
7,2,fixed,0.012,2321,346,0.07
7,2,fixed,0.013125,8465,1593,0.54
7,2,fixed,0.014492,7441,1742,0.57
7,2,fixed,0.015,1297,300,0.06
7,2,fixed,0.016,5393,1585,0.44
7,2,fixed,0.02,1297,479,0.06
7,2,fixed,0.025,1297,580,0.11
7,2,fixed,0.03,1297,635,0.09
7,2,fixed,0.04,1297,663,0.14
7,2,fixed,0.05,1297,650,0.1
7,2,fixed,0.07,1297,645,0.12
7,2,fixed,0.1,1297,648,0.18
9,2,fixed,0.002,20000,0,0.11
9,2,fixed,0.003,20000,7,0.18
9,2,fixed,0.004,20000,15,0.23
9,2,fixed,0.005,20000,68,0.31
9,2,fixed,0.006,20000,160,0.41
9,2,fixed,0.008,55842,1744,3.3
9,2,fixed,0.008833,29969,1505,2.11
9,2,fixed,0.009752,20753,1543,0.84
9,2,fixed,0.01,3345,274,0.14
9,2,fixed,0.010767,14609,1575,0.68
9,2,fixed,0.011888,11537,1603,0.61
9,2,fixed,0.012,1297,203,0.08
9,2,fixed,0.013125,8465,1623,0.52
9,2,fixed,0.014492,6417,1577,0.47
9,2,fixed,0.015,1297,370,0.09
9,2,fixed,0.016,5393,1652,0.42
9,2,fixed,0.02,1297,538,0.14
9,2,fixed,0.025,1297,614,0.14
9,2,fixed,0.03,1297,658,0.16
9,2,fixed,0.04,1297,627,0.21
9,2,fixed,0.05,1297,641,0.23
9,2,fixed,0.07,1297,635,0.23
9,2,fixed,0.1,1297,657,0.26
11,2,fixed,0.002,20000,0,0.17
11,2,fixed,0.003,20000,1,0.27
11,2,fixed,0.004,20000,11,0.4
11,2,fixed,0.005,20000,35,0.48
11,2,fixed,0.006,20000,101,0.62
11,2,fixed,0.008,68130,1729,3.47
11,2,fixed,0.008833,37137,1502,2.09
11,2,fixed,0.009752,22801,1520,1.55
11,2,fixed,0.01,3345,252,0.25
11,2,fixed,0.010767,14609,1526,1.09
11,2,fixed,0.011888,10513,1567,0.89
11,2,fixed,0.012,2321,373,0.21
11,2,fixed,0.013125,7441,1531,0.72
11,2,fixed,0.014492,6417,1678,0.73
11,2,fixed,0.015,1297,387,0.16
11,2,fixed,0.016,5393,1769,0.66
11,2,fixed,0.02,1297,553,0.22
11,2,fixed,0.025,1297,645,0.24
11,2,fixed,0.03,1297,638,0.26
11,2,fixed,0.04,1297,648,0.3
11,2,fixed,0.05,1297,635,0.33
11,2,fixed,0.07,1297,616,0.38
11,2,fixed,0.1,1297,633,0.42
13,2,fixed,0.002,20000,0,0.5
13,2,fixed,0.003,20000,1,0.76
13,2,fixed,0.004,20000,2,1.03
13,2,fixed,0.005,20000,17,1.51
13,2,fixed,0.006,20000,80,1.9
13,2,fixed,0.008,71537,1420,10.7
13,2,fixed,0.008833,43281,1530,7.39
13,2,fixed,0.009752,24849,1509,5.11
13,2,fixed,0.01,3345,227,0.77
13,2,fixed,0.010767,15633,1558,3.73
13,2,fixed,0.011888,10513,1555,2.9
13,2,fixed,0.012,1297,227,0.41
13,2,fixed,0.013125,7441,1620,2.35
13,2,fixed,0.014492,5393,1515,1.87
13,2,fixed,0.015,1297,378,0.5
13,2,fixed,0.016,5393,1826,2.13
13,2,fixed,0.02,785,367,0.49
13,2,fixed,0.025,785,408,0.5
13,2,fixed,0.03,785,390,0.55
13,2,fixed,0.04,785,393,0.64
13,2,fixed,0.05,785,393,0.68
13,2,fixed,0.07,785,401,0.81
13,2,fixed,0.1,785,362,0.88
15,2,fixed,0.002,20000,0,0.32
15,2,fixed,0.003,20000,0,0.53
15,2,fixed,0.004,20000,1,0.66
15,2,fixed,0.005,20000,4,0.95
15,2,fixed,0.006,20000,33,1.17
15,2,fixed,0.008,74609,1124,7.43
15,2,fixed,0.008833,50449,1528,5.76
15,2,fixed,0.009752,28945,1509,3.96
15,2,fixed,0.01,3345,222,0.47
15,2,fixed,0.010767,16657,1520,2.65
15,2,fixed,0.011888,10513,1619,2.02
15,2,fixed,0.012,2321,365,0.46
15,2,fixed,0.013125,7441,1552,1.64
15,2,fixed,0.014492,5393,1593,1.74
15,2,fixed,0.015,1297,397,0.33
15,2,fixed,0.016,4369,1566,1.85
15,2,fixed,0.02,1297,605,0.45
15,2,fixed,0.025,1297,660,0.5
15,2,fixed,0.03,1297,646,0.64
15,2,fixed,0.04,1297,680,0.68
15,2,fixed,0.05,1297,607,0.72
15,2,fixed,0.07,785,391,0.48
15,2,fixed,0.1,785,386,0.57
17,2,fixed,0.002,20000,0,0.9
17,2,fixed,0.003,20000,0,1.22
17,2,fixed,0.004,20000,0,1.88
17,2,fixed,0.005,20000,3,2.41
17,2,fixed,0.006,20000,25,3.18
17,2,fixed,0.008,78705,862,12.51
17,2,fixed,0.008833,60000,1496,9.37
17,2,fixed,0.009752,33041,1537,6.27
17,2,fixed,0.01,4369,252,1.72
17,2,fixed,0.010767,16657,1514,5.08
17,2,fixed,0.011888,10513,1578,2.83
17,2,fixed,0.012,1297,203,0.67
17,2,fixed,0.013125,7441,1653,2.12
17,2,fixed,0.014492,5393,1648,1.76
17,2,fixed,0.015,785,265,0.61
17,2,fixed,0.016,4369,1659,1.73
17,2,fixed,0.02,785,374,0.75
17,2,fixed,0.025,785,387,0.87
17,2,fixed,0.03,529,259,0.65
17,2,fixed,0.04,529,257,0.8
17,2,fixed,0.05,529,257,0.85
17,2,fixed,0.07,529,257,0.93
17,2,fixed,0.1,529,269,1.04
19,2,fixed,0.002,20000,0,0.49
19,2,fixed,0.003,20000,0,0.82
19,2,fixed,0.004,20000,0,1.16
19,2,fixed,0.005,20000,4,1.62
19,2,fixed,0.006,20000,10,2.01
19,2,fixed,0.008,80000,740,25.26
19,2,fixed,0.008833,60000,1253,24.48
19,2,fixed,0.009752,32017,1504,16.05
19,2,fixed,0.01,4369,226,1.1
19,2,fixed,0.010767,17681,1584,10.35
19,2,fixed,0.011888,10513,1511,7.5
19,2,fixed,0.012,2321,335,0.78
19,2,fixed,0.013125,6929,1553,5.81
19,2,fixed,0.014492,5393,1636,4.95
19,2,fixed,0.015,1297,433,0.61
19,2,fixed,0.016,3857,1516,4.13
19,2,fixed,0.02,1297,618,0.78
19,2,fixed,0.025,785,392,0.56
19,2,fixed,0.03,785,404,0.61
19,2,fixed,0.04,785,406,0.71
19,2,fixed,0.05,785,356,0.8
19,2,fixed,0.07,785,382,0.87
19,2,fixed,0.1,529,255,0.72
3,3,fixed,0.002,20000,124,0.02
3,3,fixed,0.003,14609,202,0.02
3,3,fixed,0.004,8465,220,0.02
3,3,fixed,0.005,4369,202,0.01
3,3,fixed,0.006,3345,208,0.01
3,3,fixed,0.007,19729,1543,0.1
3,3,fixed,0.007689,15633,1536,0.09
3,3,fixed,0.008,2321,227,0.01
3,3,fixed,0.008445,14609,1574,0.1
3,3,fixed,0.009276,11537,1551,0.09
3,3,fixed,0.01,1297,206,0.01
3,3,fixed,0.010188,9489,1518,0.07
3,3,fixed,0.01119,8465,1552,0.07
3,3,fixed,0.012,1297,260,0.01
3,3,fixed,0.012291,7441,1501,0.08
3,3,fixed,0.0135,7441,1746,0.08
3,3,fixed,0.015,1297,337,0.02
3,3,fixed,0.02,1297,459,0.01
3,3,fixed,0.025,1297,547,0.02
3,3,fixed,0.03,1297,605,0.01
3,3,fixed,0.04,1297,632,0.02
3,3,fixed,0.05,1297,655,0.02
3,3,fixed,0.07,1297,635,0.02
3,3,fixed,0.1,1297,663,0.02
5,3,fixed,0.002,20000,26,0.05
5,3,fixed,0.003,20000,98,0.08
5,3,fixed,0.004,16657,207,0.08
5,3,fixed,0.005,8465,207,0.06
5,3,fixed,0.006,5393,227,0.04
5,3,fixed,0.007,22801,1510,0.22
5,3,fixed,0.007689,17681,1527,0.2
5,3,fixed,0.008,2321,205,0.03
5,3,fixed,0.008445,13585,1566,0.17
5,3,fixed,0.009276,11537,1637,0.16
5,3,fixed,0.01,1297,212,0.02
5,3,fixed,0.010188,9489,1610,0.2
5,3,fixed,0.01119,8465,1701,0.15
5,3,fixed,0.012,1297,344,0.03
5,3,fixed,0.012291,7441,1734,0.15
5,3,fixed,0.0135,6417,1727,0.14
5,3,fixed,0.015,1297,428,0.03
5,3,fixed,0.02,1297,549,0.04
5,3,fixed,0.025,1297,627,0.05
5,3,fixed,0.03,1297,599,0.05
5,3,fixed,0.04,1297,661,0.06
5,3,fixed,0.05,1297,643,0.08
5,3,fixed,0.07,1297,649,0.07
5,3,fixed,0.1,1297,656,0.09
7,3,fixed,0.002,20000,4,0.13
7,3,fixed,0.003,20000,40,0.22
7,3,fixed,0.004,20000,124,0.22
7,3,fixed,0.005,13585,210,0.27
7,3,fixed,0.006,7441,226,0.14
7,3,fixed,0.007,26897,1515,1.28
7,3,fixed,0.007689,19729,1534,1.06
7,3,fixed,0.008,2321,214,0.07
7,3,fixed,0.008445,14609,1535,0.9
7,3,fixed,0.009276,11537,1615,0.83
7,3,fixed,0.01,1297,234,0.07
7,3,fixed,0.010188,9489,1651,0.74
7,3,fixed,0.01119,7441,1660,0.68
7,3,fixed,0.012,1297,347,0.06
7,3,fixed,0.012291,6417,1746,0.61
7,3,fixed,0.0135,5393,1738,0.55
7,3,fixed,0.015,1297,472,0.08
7,3,fixed,0.02,1297,607,0.13
7,3,fixed,0.025,1297,616,0.11
7,3,fixed,0.03,1297,638,0.16
7,3,fixed,0.04,1297,641,0.18
7,3,fixed,0.05,1297,661,0.21
7,3,fixed,0.07,1297,634,0.18
7,3,fixed,0.1,1297,633,0.27
9,3,fixed,0.002,20000,0,0.16
9,3,fixed,0.003,20000,10,0.25
9,3,fixed,0.004,20000,57,0.36
9,3,fixed,0.005,20000,198,0.52
9,3,fixed,0.006,9489,206,0.31
9,3,fixed,0.007,33041,1545,1.41
9,3,fixed,0.007689,22801,1511,1.09
9,3,fixed,0.008,3345,267,0.17
9,3,fixed,0.008445,15633,1541,0.84
9,3,fixed,0.009276,11537,1574,0.72
9,3,fixed,0.01,1297,236,0.1
9,3,fixed,0.010188,8465,1600,0.64
9,3,fixed,0.01119,7441,1732,0.58
9,3,fixed,0.012,1297,353,0.11
9,3,fixed,0.012291,6417,1775,0.56
9,3,fixed,0.0135,5393,1836,0.52
9,3,fixed,0.015,1297,518,0.14
9,3,fixed,0.02,1297,644,0.18
9,3,fixed,0.025,1297,655,0.21
9,3,fixed,0.03,1297,658,0.24
9,3,fixed,0.04,1297,649,0.28
9,3,fixed,0.05,1297,651,0.3
9,3,fixed,0.07,1297,677,0.34
9,3,fixed,0.1,1297,653,0.37
11,3,fixed,0.002,20000,0,0.33
11,3,fixed,0.003,20000,3,0.39
11,3,fixed,0.004,20000,17,0.6
11,3,fixed,0.005,20000,109,0.77
11,3,fixed,0.006,12561,205,0.68
11,3,fixed,0.007,40209,1528,2.67
11,3,fixed,0.007689,25873,1550,2.1
11,3,fixed,0.008,3345,262,0.3
11,3,fixed,0.008445,15633,1557,1.44
11,3,fixed,0.009276,11537,1577,1.2
11,3,fixed,0.01,1297,212,0.15
11,3,fixed,0.010188,8465,1611,1.08
11,3,fixed,0.01119,6417,1655,0.86
11,3,fixed,0.012,1297,373,0.19
11,3,fixed,0.012291,5393,1689,0.82
11,3,fixed,0.0135,4369,1587,0.75
11,3,fixed,0.015,1297,517,0.26
11,3,fixed,0.02,1297,639,0.3
11,3,fixed,0.025,1297,636,0.35
11,3,fixed,0.03,1297,637,0.41
11,3,fixed,0.04,1297,662,0.46
11,3,fixed,0.05,1297,625,0.48
11,3,fixed,0.07,1297,639,0.54
11,3,fixed,0.1,1297,635,0.61
13,3,fixed,0.002,20000,0,0.78
13,3,fixed,0.003,20000,3,1.25
13,3,fixed,0.004,20000,9,1.74
13,3,fixed,0.005,20000,76,2.35
13,3,fixed,0.006,16657,203,2.63
13,3,fixed,0.007,46353,1527,9.72
13,3,fixed,0.007689,28945,1532,7.09
13,3,fixed,0.008,3345,223,0.89
13,3,fixed,0.008445,15633,1537,4.53
13,3,fixed,0.009276,11537,1552,3.75
13,3,fixed,0.01,1297,237,0.52
13,3,fixed,0.010188,8465,1640,3.09
13,3,fixed,0.01119,6417,1617,2.85
13,3,fixed,0.012,1297,395,0.6
13,3,fixed,0.012291,5393,1790,2.67
13,3,fixed,0.0135,4369,1664,2.31
13,3,fixed,0.015,785,320,0.51
13,3,fixed,0.02,785,377,0.59
13,3,fixed,0.025,785,358,0.72
13,3,fixed,0.03,785,378,0.77
13,3,fixed,0.04,785,398,0.85
13,3,fixed,0.05,529,246,0.64
13,3,fixed,0.07,529,264,0.73
13,3,fixed,0.1,529,271,0.82
15,3,fixed,0.002,20000,0,0.45
15,3,fixed,0.003,20000,0,0.79
15,3,fixed,0.004,20000,6,1.09
15,3,fixed,0.005,20000,28,1.5
15,3,fixed,0.006,20000,170,2.24
15,3,fixed,0.007,57617,1510,12.26
15,3,fixed,0.007689,33041,1509,8.41
15,3,fixed,0.008,3345,210,0.57
15,3,fixed,0.008445,18705,1571,5.15
15,3,fixed,0.009276,11537,1539,2.68
15,3,fixed,0.01,1297,248,0.32
15,3,fixed,0.010188,8465,1684,2.16
15,3,fixed,0.01119,6417,1730,1.87
15,3,fixed,0.012,1297,392,0.42
15,3,fixed,0.012291,4369,1510,1.42
15,3,fixed,0.0135,4369,1751,1.62
15,3,fixed,0.015,1297,623,0.52
15,3,fixed,0.02,1297,632,0.65
15,3,fixed,0.025,1297,692,0.73
15,3,fixed,0.03,785,367,0.52
15,3,fixed,0.04,785,388,0.56
15,3,fixed,0.05,785,388,0.61
15,3,fixed,0.07,785,412,0.69
15,3,fixed,0.1,785,414,0.78
17,3,fixed,0.002,20000,0,1.36
17,3,fixed,0.003,20000,1,1.54
17,3,fixed,0.004,20000,2,1.47
17,3,fixed,0.005,20000,21,2.01
17,3,fixed,0.006,20000,116,2.86
17,3,fixed,0.007,60000,1335,10.92
17,3,fixed,0.007689,37137,1529,9.44
17,3,fixed,0.008,3345,211,0.84
17,3,fixed,0.008445,19729,1564,6.67
17,3,fixed,0.009276,11537,1558,6.18
17,3,fixed,0.01,1297,258,0.46
17,3,fixed,0.010188,7953,1600,6.16
17,3,fixed,0.01119,5905,1626,4.93
17,3,fixed,0.012,1297,424,0.6
17,3,fixed,0.012291,4369,1557,4.0
17,3,fixed,0.0135,3857,1584,4.17
17,3,fixed,0.015,1297,604,0.74
17,3,fixed,0.02,785,389,0.56
17,3,fixed,0.025,785,385,0.65
17,3,fixed,0.03,785,415,0.7
17,3,fixed,0.04,785,395,0.81
17,3,fixed,0.05,529,277,0.62
17,3,fixed,0.07,529,260,0.67
17,3,fixed,0.1,529,273,1.24
19,3,fixed,0.002,20000,0,0.76
19,3,fixed,0.003,20000,0,1.24
19,3,fixed,0.004,20000,1,1.81
19,3,fixed,0.005,20000,11,3.05
19,3,fixed,0.006,20000,94,4.11
19,3,fixed,0.007,60000,1095,30.18
19,3,fixed,0.007689,39185,1521,23.56
19,3,fixed,0.008,4369,223,1.34
19,3,fixed,0.008445,20753,1507,15.42
19,3,fixed,0.009276,12049,1512,10.55
19,3,fixed,0.01,1297,233,0.6
19,3,fixed,0.010188,7441,1529,7.87
19,3,fixed,0.01119,5393,1634,6.24
19,3,fixed,0.012,785,267,0.52
19,3,fixed,0.012291,4369,1588,5.65
19,3,fixed,0.0135,3601,1501,5.52
19,3,fixed,0.015,785,364,0.58
19,3,fixed,0.02,785,415,0.74
19,3,fixed,0.025,785,391,0.84
19,3,fixed,0.03,529,269,0.69
19,3,fixed,0.04,529,273,0.73
19,3,fixed,0.05,529,254,0.82
19,3,fixed,0.07,529,280,0.86
19,3,fixed,0.1,529,266,0.99
3,4,fixed,0.002,20000,161,0.02
3,4,fixed,0.003,9489,207,0.02
3,4,fixed,0.004,6417,239,0.02
3,4,fixed,0.005,4369,251,0.01
3,4,fixed,0.0055,21777,1521,0.16
3,4,fixed,0.006,3345,272,0.01
3,4,fixed,0.006032,18705,1552,0.13
3,4,fixed,0.006616,16657,1577,0.13
3,4,fixed,0.007256,13585,1560,0.11
3,4,fixed,0.007959,11537,1602,0.1
3,4,fixed,0.008,2321,311,0.01
3,4,fixed,0.008729,9489,1560,0.09
3,4,fixed,0.009574,8465,1626,0.08
3,4,fixed,0.01,1297,236,0.01
3,4,fixed,0.0105,7441,1531,0.1
3,4,fixed,0.012,1297,361,0.01
3,4,fixed,0.015,1297,432,0.01
3,4,fixed,0.02,1297,549,0.01
3,4,fixed,0.025,1297,608,0.02
3,4,fixed,0.03,1297,614,0.02
3,4,fixed,0.04,1297,652,0.02
3,4,fixed,0.05,1297,685,0.03
3,4,fixed,0.07,1297,641,0.03
3,4,fixed,0.1,1297,654,0.03
5,4,fixed,0.002,20000,39,0.06
5,4,fixed,0.003,20000,155,0.11
5,4,fixed,0.004,10513,219,0.08
5,4,fixed,0.005,5393,209,0.05
5,4,fixed,0.0055,27921,1536,0.32
5,4,fixed,0.006,3345,207,0.04
5,4,fixed,0.006032,21777,1508,0.24
5,4,fixed,0.006616,16657,1528,0.21
5,4,fixed,0.007256,13585,1570,0.2
5,4,fixed,0.007959,10513,1501,0.17
5,4,fixed,0.008,2321,335,0.04
5,4,fixed,0.008729,9489,1600,0.31
5,4,fixed,0.009574,8465,1675,0.23
5,4,fixed,0.01,1297,303,0.03
5,4,fixed,0.0105,6417,1661,0.14
5,4,fixed,0.012,1297,399,0.03
5,4,fixed,0.015,1297,466,0.04
5,4,fixed,0.02,1297,582,0.05
5,4,fixed,0.025,1297,627,0.06
5,4,fixed,0.03,1297,646,0.07
5,4,fixed,0.04,1297,642,0.08
5,4,fixed,0.05,1297,683,0.08
5,4,fixed,0.07,1297,640,0.1
5,4,fixed,0.1,1297,658,0.11
7,4,fixed,0.002,20000,12,0.13
7,4,fixed,0.003,20000,69,0.2
7,4,fixed,0.004,19729,202,0.28
7,4,fixed,0.005,8465,229,0.17
7,4,fixed,0.0055,38161,1501,1.81
7,4,fixed,0.006,4369,252,0.12
7,4,fixed,0.006032,25873,1514,1.32
7,4,fixed,0.006616,19729,1530,1.19
7,4,fixed,0.007256,14609,1518,1.14
7,4,fixed,0.007959,11537,1598,0.98
7,4,fixed,0.008,2321,326,0.09
7,4,fixed,0.008729,8465,1544,0.67
7,4,fixed,0.009574,7441,1619,0.8
7,4,fixed,0.01,1297,313,0.06
7,4,fixed,0.0105,6417,1689,0.7
7,4,fixed,0.012,1297,465,0.08
7,4,fixed,0.015,1297,576,0.1
7,4,fixed,0.02,1297,670,0.13
7,4,fixed,0.025,1297,623,0.15
7,4,fixed,0.03,1297,656,0.17
7,4,fixed,0.04,1297,669,0.21
7,4,fixed,0.05,1297,624,0.24
7,4,fixed,0.07,1297,640,0.26
7,4,fixed,0.1,1297,638,0.26
9,4,fixed,0.002,20000,4,0.24
9,4,fixed,0.003,20000,24,0.36
9,4,fixed,0.004,20000,117,0.52
9,4,fixed,0.005,11537,217,0.43
9,4,fixed,0.0055,52497,1528,2.1
9,4,fixed,0.006,4369,215,0.21
9,4,fixed,0.006032,33041,1506,1.6
9,4,fixed,0.006616,22801,1515,1.27
9,4,fixed,0.007256,15633,1507,1.0
9,4,fixed,0.007959,11537,1579,0.9
9,4,fixed,0.008,2321,322,0.18
9,4,fixed,0.008729,8465,1599,0.73
9,4,fixed,0.009574,7441,1744,0.72
9,4,fixed,0.01,1297,358,0.13
9,4,fixed,0.0105,5393,1536,0.55
9,4,fixed,0.012,1297,508,0.17
9,4,fixed,0.015,1297,608,0.21
9,4,fixed,0.02,1297,651,0.27
9,4,fixed,0.025,1297,617,0.29
9,4,fixed,0.03,1297,612,0.33
9,4,fixed,0.04,1297,653,0.37
9,4,fixed,0.05,1297,636,0.38
9,4,fixed,0.07,1297,666,0.44
9,4,fixed,0.1,1297,658,0.52
11,4,fixed,0.002,20000,1,0.33
11,4,fixed,0.003,20000,3,0.53
11,4,fixed,0.004,20000,48,0.77
11,4,fixed,0.005,16657,208,0.96
11,4,fixed,0.0055,60000,1248,4.03
11,4,fixed,0.006,6417,209,0.47
11,4,fixed,0.006032,41233,1506,3.16
11,4,fixed,0.006616,26897,1525,2.48
11,4,fixed,0.007256,17681,1564,1.87
11,4,fixed,0.007959,11537,1549,1.43
11,4,fixed,0.008,2321,301,0.29
11,4,fixed,0.008729,8465,1546,1.14
11,4,fixed,0.009574,6417,1531,1.05
11,4,fixed,0.01,1297,361,0.26
11,4,fixed,0.0105,5393,1597,0.94
11,4,fixed,0.012,1297,493,0.26
11,4,fixed,0.015,1297,620,0.33
11,4,fixed,0.02,1297,651,0.4
11,4,fixed,0.025,1297,663,0.45
11,4,fixed,0.03,1297,654,0.55
11,4,fixed,0.04,1297,629,0.62
11,4,fixed,0.05,1297,650,0.66
11,4,fixed,0.07,1297,614,0.78
11,4,fixed,0.1,785,367,0.53
13,4,fixed,0.002,20000,0,1.06
13,4,fixed,0.003,20000,3,1.73
13,4,fixed,0.004,20000,45,2.54
13,4,fixed,0.005,20000,167,3.49
13,4,fixed,0.0055,60000,1009,12.18
13,4,fixed,0.006,6417,202,1.61
13,4,fixed,0.006032,50449,1520,11.99
13,4,fixed,0.006616,30993,1549,8.77
13,4,fixed,0.007256,17681,1507,5.86
13,4,fixed,0.007959,12561,1594,4.72
13,4,fixed,0.008,2321,323,0.87
13,4,fixed,0.008729,8465,1593,3.82
13,4,fixed,0.009574,5905,1537,3.1
13,4,fixed,0.01,1297,376,0.67
13,4,fixed,0.0105,4881,1529,2.8
13,4,fixed,0.012,785,323,0.54
13,4,fixed,0.015,785,392,0.71
13,4,fixed,0.02,785,404,0.79
13,4,fixed,0.025,785,401,0.89
13,4,fixed,0.03,529,272,0.81
13,4,fixed,0.04,529,245,0.8
13,4,fixed,0.05,529,262,0.9
13,4,fixed,0.07,529,242,1.11
13,4,fixed,0.1,529,276,1.13
15,4,fixed,0.002,20000,0,0.61
15,4,fixed,0.003,20000,0,1.05
15,4,fixed,0.004,20000,18,1.57
15,4,fixed,0.005,20000,125,2.26
15,4,fixed,0.0055,60000,729,7.84
15,4,fixed,0.006,10513,222,1.61
15,4,fixed,0.006032,60000,1389,12.18
15,4,fixed,0.006616,37137,1530,8.22
15,4,fixed,0.007256,18705,1566,4.87
15,4,fixed,0.007959,12561,1603,4.55
15,4,fixed,0.008,2321,285,0.61
15,4,fixed,0.008729,7441,1513,2.23
15,4,fixed,0.009574,6417,1715,2.17
15,4,fixed,0.01,1297,389,0.5
15,4,fixed,0.0105,5393,1814,2.14
15,4,fixed,0.012,1297,547,0.59
15,4,fixed,0.015,1297,619,0.74
15,4,fixed,0.02,785,373,0.56
15,4,fixed,0.025,785,383,0.62
15,4,fixed,0.03,785,414,0.89
15,4,fixed,0.04,529,274,0.77
15,4,fixed,0.05,401,201,0.79
15,4,fixed,0.07,529,274,0.75
15,4,fixed,0.1,529,277,0.76
17,4,fixed,0.002,20000,0,1.44
17,4,fixed,0.003,20000,0,2.3
17,4,fixed,0.004,20000,15,3.83
17,4,fixed,0.005,20000,89,5.68
17,4,fixed,0.0055,60000,526,22.02
17,4,fixed,0.006,11537,215,4.83
17,4,fixed,0.006032,60000,1130,26.49
17,4,fixed,0.006616,38161,1524,20.13
17,4,fixed,0.007256,21265,1510,13.87
17,4,fixed,0.007959,12561,1566,10.31
17,4,fixed,0.008,1809,258,1.34
17,4,fixed,0.008729,7953,1508,7.9
17,4,fixed,0.009574,5393,1505,5.81
17,4,fixed,0.01,785,252,0.83
17,4,fixed,0.0105,4369,1500,5.16
17,4,fixed,0.012,529,246,0.72
17,4,fixed,0.015,529,283,0.82
17,4,fixed,0.02,529,267,0.97
17,4,fixed,0.025,401,210,1.06
17,4,fixed,0.03,401,205,1.07
17,4,fixed,0.04,401,200,1.19
17,4,fixed,0.05,401,202,1.26
17,4,fixed,0.07,529,265,1.82
17,4,fixed,0.1,529,241,2.04
19,4,fixed,0.002,20000,0,1.0
19,4,fixed,0.003,20000,1,1.69
19,4,fixed,0.004,20000,4,2.55
19,4,fixed,0.005,20000,49,3.82
19,4,fixed,0.0055,60000,398,30.09
19,4,fixed,0.006,13585,206,3.83
19,4,fixed,0.006032,60000,903,34.84
19,4,fixed,0.006616,43793,1506,31.89
19,4,fixed,0.007256,23313,1520,20.62
19,4,fixed,0.007959,13073,1564,13.62
19,4,fixed,0.008,2321,298,1.17
19,4,fixed,0.008729,7697,1550,9.47
19,4,fixed,0.009574,5137,1510,7.6
19,4,fixed,0.01,785,243,0.52
19,4,fixed,0.0105,4113,1510,6.79
19,4,fixed,0.012,785,358,0.68
19,4,fixed,0.015,785,381,0.8
19,4,fixed,0.02,529,275,0.75
19,4,fixed,0.025,529,248,0.9
19,4,fixed,0.03,529,265,0.9
19,4,fixed,0.04,529,269,0.99
19,4,fixed,0.05,529,241,1.06
19,4,fixed,0.07,529,273,1.25
19,4,fixed,0.1,401,205,1.14
3,5,fixed,0.002,19729,203,0.03
3,5,fixed,0.003,8465,220,0.02
3,5,fixed,0.004,4369,211,0.01
3,5,fixed,0.005,24098,1747,0.16
3,5,fixed,0.00548,17681,1535,0.12
3,5,fixed,0.006,2321,230,0.01
3,5,fixed,0.006006,14609,1575,0.11
3,5,fixed,0.006583,12561,1554,0.11
3,5,fixed,0.007215,10513,1508,0.1
3,5,fixed,0.007908,9489,1612,0.11
3,5,fixed,0.008,1297,234,0.01
3,5,fixed,0.008668,8465,1598,0.1
3,5,fixed,0.0095,7441,1645,0.12
3,5,fixed,0.01,1297,300,0.01
3,5,fixed,0.012,1297,354,0.01
3,5,fixed,0.015,1297,495,0.01
3,5,fixed,0.02,1297,575,0.02
3,5,fixed,0.025,1297,607,0.02
3,5,fixed,0.03,1297,651,0.02
3,5,fixed,0.04,1297,645,0.02
3,5,fixed,0.05,1297,636,0.03
3,5,fixed,0.07,1297,651,0.03
3,5,fixed,0.1,1297,662,0.03
5,5,fixed,0.002,20000,54,0.08
5,5,fixed,0.003,19729,208,0.12
5,5,fixed,0.004,8465,206,0.07
5,5,fixed,0.005,32290,1762,0.36
5,5,fixed,0.00548,21777,1544,0.28
5,5,fixed,0.006,2321,234,0.04
5,5,fixed,0.006006,17681,1566,0.26
5,5,fixed,0.006583,13585,1545,0.22
5,5,fixed,0.007215,10513,1562,0.19
5,5,fixed,0.007908,9489,1659,0.19
5,5,fixed,0.008,1297,226,0.03
5,5,fixed,0.008668,7441,1587,0.17
5,5,fixed,0.0095,6417,1619,0.16
5,5,fixed,0.01,1297,333,0.04
5,5,fixed,0.012,1297,466,0.05
5,5,fixed,0.015,1297,602,0.05
5,5,fixed,0.02,1297,643,0.08
5,5,fixed,0.025,1297,630,0.1
5,5,fixed,0.03,1297,670,0.08
5,5,fixed,0.04,1297,646,0.1
5,5,fixed,0.05,1297,622,0.1
5,5,fixed,0.07,1297,657,0.12
5,5,fixed,0.1,1297,661,0.13
7,5,fixed,0.002,20000,19,0.16
7,5,fixed,0.003,20000,90,0.26
7,5,fixed,0.004,12561,202,0.23
7,5,fixed,0.005,44578,1729,2.23
7,5,fixed,0.00548,27921,1536,1.72
7,5,fixed,0.006,3345,266,0.11
7,5,fixed,0.006006,19729,1509,1.36
7,5,fixed,0.006583,14609,1560,1.09
7,5,fixed,0.007215,11537,1578,1.1
7,5,fixed,0.007908,8465,1511,0.84
7,5,fixed,0.008,1297,277,0.07
7,5,fixed,0.008668,7441,1712,0.89
7,5,fixed,0.0095,6417,1773,0.83
7,5,fixed,0.01,1297,398,0.09
7,5,fixed,0.012,1297,509,0.1
7,5,fixed,0.015,1297,582,0.14
7,5,fixed,0.02,1297,631,0.17
7,5,fixed,0.025,1297,648,0.18
7,5,fixed,0.03,1297,653,0.2
7,5,fixed,0.04,1297,599,0.23
7,5,fixed,0.05,1297,641,0.25
7,5,fixed,0.07,1297,644,0.28
7,5,fixed,0.1,1297,694,0.34
9,5,fixed,0.002,20000,3,0.31
9,5,fixed,0.003,20000,32,0.44
9,5,fixed,0.004,20000,162,0.67
9,5,fixed,0.005,58914,1731,2.67
9,5,fixed,0.00548,33041,1509,1.73
9,5,fixed,0.006,4369,269,0.29
9,5,fixed,0.006006,23825,1545,1.47
9,5,fixed,0.006583,15633,1528,1.12
9,5,fixed,0.007215,11537,1590,0.92
9,5,fixed,0.007908,8465,1613,0.77
9,5,fixed,0.008,1297,263,0.12
9,5,fixed,0.008668,6417,1526,0.67
9,5,fixed,0.0095,5393,1527,0.61
9,5,fixed,0.01,1297,447,0.16
9,5,fixed,0.012,1297,544,0.2
9,5,fixed,0.015,1297,633,0.24
9,5,fixed,0.02,1297,642,0.36
9,5,fixed,0.025,1297,657,0.33
9,5,fixed,0.03,1297,636,0.38
9,5,fixed,0.04,1297,646,0.43
9,5,fixed,0.05,1297,648,0.52
9,5,fixed,0.07,1297,641,0.51
9,5,fixed,0.1,1297,655,0.61
11,5,fixed,0.002,20000,0,0.42
11,5,fixed,0.003,20000,17,0.67
11,5,fixed,0.004,20000,87,1.03
11,5,fixed,0.005,68465,1520,5.13
11,5,fixed,0.00548,43281,1534,3.83
11,5,fixed,0.006,4369,249,0.49
11,5,fixed,0.006006,28945,1555,2.87
11,5,fixed,0.006583,17681,1575,2.04
11,5,fixed,0.007215,11537,1520,1.63
11,5,fixed,0.007908,8465,1596,1.66
11,5,fixed,0.008,1297,236,0.22
11,5,fixed,0.008668,6417,1614,1.12
11,5,fixed,0.0095,5393,1629,1.07
11,5,fixed,0.01,1297,455,0.28
11,5,fixed,0.012,1297,566,0.33
11,5,fixed,0.015,1297,640,0.4
11,5,fixed,0.02,1297,664,0.49
11,5,fixed,0.025,1297,657,0.56
11,5,fixed,0.03,1297,623,0.64
11,5,fixed,0.04,1297,635,0.71
11,5,fixed,0.05,1297,643,0.76
11,5,fixed,0.07,785,425,0.54
11,5,fixed,0.1,785,401,0.61
13,5,fixed,0.002,20000,0,1.37
13,5,fixed,0.003,20000,6,2.07
13,5,fixed,0.004,20000,61,3.16
13,5,fixed,0.005,74609,1186,16.85
13,5,fixed,0.00548,52497,1516,13.72
13,5,fixed,0.006,4369,214,1.44
13,5,fixed,0.006006,30993,1522,9.54
13,5,fixed,0.006583,18705,1511,6.7
13,5,fixed,0.007215,11537,1516,4.88
13,5,fixed,0.007908,8465,1595,4.15
13,5,fixed,0.008,1297,250,0.67
13,5,fixed,0.008668,6417,1686,3.63
13,5,fixed,0.0095,4881,1632,3.12
13,5,fixed,0.01,785,263,0.56
13,5,fixed,0.012,785,349,0.78
13,5,fixed,0.015,785,383,0.84
13,5,fixed,0.02,529,283,0.73
13,5,fixed,0.025,529,268,0.81
13,5,fixed,0.03,529,250,0.94
13,5,fixed,0.04,401,216,0.79
13,5,fixed,0.05,529,260,1.11
13,5,fixed,0.07,529,252,1.23
13,5,fixed,0.1,529,251,1.48
15,5,fixed,0.002,20000,0,0.77
15,5,fixed,0.003,20000,4,1.35
15,5,fixed,0.004,20000,41,2.08
15,5,fixed,0.005,79729,922,12.05
15,5,fixed,0.00548,60000,1364,10.85
15,5,fixed,0.006,5393,237,1.17
15,5,fixed,0.006006,35089,1538,7.85
15,5,fixed,0.006583,20753,1571,5.39
15,5,fixed,0.007215,12561,1530,3.96
15,5,fixed,0.007908,8465,1690,3.86
15,5,fixed,0.008,1297,259,0.45
15,5,fixed,0.008668,5905,1612,4.86
15,5,fixed,0.0095,4369,1567,3.8
15,5,fixed,0.01,1297,481,0.61
15,5,fixed,0.012,785,382,0.46
15,5,fixed,0.015,785,371,0.55
15,5,fixed,0.02,785,398,0.67
15,5,fixed,0.025,785,394,0.77
15,5,fixed,0.03,785,392,0.87
15,5,fixed,0.04,529,272,0.66
15,5,fixed,0.05,529,261,0.8
15,5,fixed,0.07,529,250,0.81
15,5,fixed,0.1,529,252,0.98
17,5,fixed,0.002,20000,0,2.22
17,5,fixed,0.003,20000,0,3.64
17,5,fixed,0.004,20000,20,5.54
17,5,fixed,0.005,80000,663,33.18
17,5,fixed,0.00548,60000,1091,30.08
17,5,fixed,0.006,6417,236,3.85
17,5,fixed,0.006006,40721,1514,24.97
17,5,fixed,0.006583,21265,1532,15.61
17,5,fixed,0.007215,12561,1537,11.24
17,5,fixed,0.007908,7953,1559,8.26
17,5,fixed,0.008,1297,279,1.3
17,5,fixed,0.008668,5905,1632,7.18
17,5,fixed,0.0095,4113,1502,5.71
17,5,fixed,0.01,529,220,0.71
17,5,fixed,0.012,529,254,0.87
17,5,fixed,0.015,529,264,1.11
17,5,fixed,0.02,401,200,0.99
17,5,fixed,0.025,529,248,1.5
17,5,fixed,0.03,401,212,1.29
17,5,fixed,0.04,401,212,1.37
17,5,fixed,0.05,529,260,2.02
17,5,fixed,0.07,401,201,1.78
17,5,fixed,0.1,401,203,2.0
19,5,fixed,0.002,20000,0,1.37
19,5,fixed,0.003,20000,0,2.22
19,5,fixed,0.004,20000,9,3.55
19,5,fixed,0.005,80000,470,40.33
19,5,fixed,0.00548,60000,870,43.92
19,5,fixed,0.006,6417,208,2.58
19,5,fixed,0.006006,45329,1513,36.84
19,5,fixed,0.006583,23313,1509,22.83
19,5,fixed,0.007215,12817,1555,14.91
19,5,fixed,0.007908,7441,1526,10.52
19,5,fixed,0.008,1297,284,0.86
19,5,fixed,0.008668,5393,1540,8.86
19,5,fixed,0.0095,4113,1561,7.49
19,5,fixed,0.01,785,320,0.74
19,5,fixed,0.012,785,368,0.9
19,5,fixed,0.015,529,270,0.69
19,5,fixed,0.02,529,247,0.86
19,5,fixed,0.025,657,319,1.22
19,5,fixed,0.03,529,241,1.18
19,5,fixed,0.04,529,243,1.29
19,5,fixed,0.05,401,202,1.11
19,5,fixed,0.07,401,204,1.14
19,5,fixed,0.1,401,201,1.35
3,6,fixed,0.002,14609,200,0.02
3,6,fixed,0.003,7441,217,0.02
3,6,fixed,0.004,4369,242,0.01
3,6,fixed,0.0048,18705,1508,0.15
3,6,fixed,0.005,2321,209,0.01
3,6,fixed,0.005251,16657,1541,0.14
3,6,fixed,0.005744,13585,1537,0.14
3,6,fixed,0.006,2321,300,0.01
3,6,fixed,0.006284,11537,1511,0.09
3,6,fixed,0.006875,9489,1509,0.1
3,6,fixed,0.00752,8465,1504,0.11
3,6,fixed,0.008,1297,241,0.01
3,6,fixed,0.008227,7441,1549,0.12
3,6,fixed,0.009,6417,1545,0.09
3,6,fixed,0.01,1297,346,0.01
3,6,fixed,0.012,1297,440,0.02
3,6,fixed,0.015,1297,534,0.02
3,6,fixed,0.02,1297,623,0.02
3,6,fixed,0.025,1297,622,0.03
3,6,fixed,0.03,1297,638,0.03
3,6,fixed,0.04,1297,652,0.04
3,6,fixed,0.05,1297,600,0.03
3,6,fixed,0.07,1297,652,0.04
3,6,fixed,0.1,1297,616,0.04
5,6,fixed,0.002,20000,67,0.1
5,6,fixed,0.003,14609,212,0.11
5,6,fixed,0.004,6417,216,0.07
5,6,fixed,0.0048,25873,1520,0.33
5,6,fixed,0.005,3345,213,0.05
5,6,fixed,0.005251,19729,1573,0.28
5,6,fixed,0.005744,15633,1521,0.25
5,6,fixed,0.006,2321,237,0.04
5,6,fixed,0.006284,11537,1507,0.24
5,6,fixed,0.006875,10513,1643,0.22
5,6,fixed,0.00752,8465,1624,0.19
5,6,fixed,0.008,1297,265,0.03
5,6,fixed,0.008227,7441,1713,0.19
5,6,fixed,0.009,6417,1743,0.19
5,6,fixed,0.01,1297,412,0.05
5,6,fixed,0.012,1297,510,0.05
5,6,fixed,0.015,1297,589,0.06
5,6,fixed,0.02,1297,634,0.08
5,6,fixed,0.025,1297,622,0.09
5,6,fixed,0.03,1297,615,0.1
5,6,fixed,0.04,1297,667,0.11
5,6,fixed,0.05,1297,630,0.12
5,6,fixed,0.07,1297,627,0.15
5,6,fixed,0.1,1297,637,0.17
7,6,fixed,0.002,20000,23,0.19
7,6,fixed,0.003,20000,128,0.36
7,6,fixed,0.004,9489,219,0.27
7,6,fixed,0.0048,34065,1510,2.1
7,6,fixed,0.005,4369,221,0.14
7,6,fixed,0.005251,24849,1554,1.75
7,6,fixed,0.005744,17681,1530,1.38
7,6,fixed,0.006,2321,208,0.14
7,6,fixed,0.006284,13585,1551,1.22
7,6,fixed,0.006875,10513,1600,1.1
7,6,fixed,0.00752,8465,1676,0.99
7,6,fixed,0.008,1297,290,0.08
7,6,fixed,0.008227,6417,1600,0.86
7,6,fixed,0.009,5393,1600,0.8
7,6,fixed,0.01,1297,441,0.1
7,6,fixed,0.012,1297,569,0.15
7,6,fixed,0.015,1297,629,0.15
7,6,fixed,0.02,1297,638,0.31
7,6,fixed,0.025,1297,637,0.32
7,6,fixed,0.03,1297,634,0.3
7,6,fixed,0.04,1297,669,0.44
7,6,fixed,0.05,1297,646,0.6
7,6,fixed,0.07,1297,652,0.51
7,6,fixed,0.1,785,419,0.49
9,6,fixed,0.002,20000,3,0.33
9,6,fixed,0.003,20000,46,0.56
9,6,fixed,0.004,16657,207,0.69
9,6,fixed,0.0048,47377,1514,2.55
9,6,fixed,0.005,5393,232,0.3
9,6,fixed,0.005251,32017,1542,2.02
9,6,fixed,0.005744,20753,1561,1.45
9,6,fixed,0.006,3345,269,0.3
9,6,fixed,0.006284,13585,1502,1.16
9,6,fixed,0.006875,10513,1610,0.97
9,6,fixed,0.00752,8465,1670,0.91
9,6,fixed,0.008,1297,313,0.19
9,6,fixed,0.008227,6417,1646,0.81
9,6,fixed,0.009,5393,1684,0.74
9,6,fixed,0.01,1297,516,0.2
9,6,fixed,0.012,1297,582,0.25
9,6,fixed,0.015,1297,651,0.34
9,6,fixed,0.02,1297,605,0.36
9,6,fixed,0.025,1297,631,0.41
9,6,fixed,0.03,1297,623,0.46
9,6,fixed,0.04,1297,660,0.51
9,6,fixed,0.05,1297,649,0.57
9,6,fixed,0.07,1297,668,0.62
9,6,fixed,0.1,1297,639,0.75
11,6,fixed,0.002,20000,0,0.5
11,6,fixed,0.003,20000,28,0.82
11,6,fixed,0.004,20000,143,1.28
11,6,fixed,0.0048,60000,1438,5.02
11,6,fixed,0.005,6417,200,0.58
11,6,fixed,0.005251,39185,1545,3.85
11,6,fixed,0.005744,23825,1530,2.68
11,6,fixed,0.006,3345,277,0.41
11,6,fixed,0.006284,14609,1513,1.96
11,6,fixed,0.006875,11537,1651,1.77
11,6,fixed,0.00752,7441,1500,1.33
11,6,fixed,0.008,1297,338,0.25
11,6,fixed,0.008227,6417,1789,1.27
11,6,fixed,0.009,5393,1806,1.18
11,6,fixed,0.01,1297,517,0.35
11,6,fixed,0.012,1297,586,0.4
11,6,fixed,0.015,1297,631,0.48
11,6,fixed,0.02,1297,610,0.61
11,6,fixed,0.025,1297,651,0.68
11,6,fixed,0.03,785,386,0.5
11,6,fixed,0.04,785,388,0.54
11,6,fixed,0.05,785,403,0.58
11,6,fixed,0.07,785,413,0.67
11,6,fixed,0.1,785,391,0.74
13,6,fixed,0.002,20000,1,1.67
13,6,fixed,0.003,20000,9,2.57
13,6,fixed,0.004,20000,93,4.19
13,6,fixed,0.0048,60000,1102,15.76
13,6,fixed,0.005,9489,203,2.92
13,6,fixed,0.005251,47377,1521,14.55
13,6,fixed,0.005744,25873,1523,9.39
13,6,fixed,0.006,3345,258,1.33
13,6,fixed,0.006284,15633,1507,6.57
13,6,fixed,0.006875,10513,1501,5.34
13,6,fixed,0.00752,7441,1543,4.3
13,6,fixed,0.008,1297,342,0.93
13,6,fixed,0.008227,5393,1510,3.69
13,6,fixed,0.009,4881,1668,3.75
13,6,fixed,0.01,785,341,0.76
13,6,fixed,0.012,785,381,0.86
13,6,fixed,0.015,529,276,0.71
13,6,fixed,0.02,529,271,0.93
13,6,fixed,0.025,529,240,1.07
13,6,fixed,0.03,529,273,1.04
13,6,fixed,0.04,401,216,0.88
13,6,fixed,0.05,529,240,1.43
13,6,fixed,0.07,529,253,1.49
13,6,fixed,0.1,529,245,1.73
15,6,fixed,0.002,20000,1,0.97
15,6,fixed,0.003,20000,4,1.64
15,6,fixed,0.004,20000,43,2.7
15,6,fixed,0.0048,60000,819,19.95
15,6,fixed,0.005,11537,208,2.29
15,6,fixed,0.005251,58641,1515,25.16
15,6,fixed,0.005744,31505,1548,17.19
15,6,fixed,0.006,3345,203,0.92
15,6,fixed,0.006284,17169,1543,10.82
15,6,fixed,0.006875,11025,1569,8.48
15,6,fixed,0.00752,6929,1500,5.97
15,6,fixed,0.008,1297,360,0.59
15,6,fixed,0.008227,5393,1610,5.66
15,6,fixed,0.009,4369,1602,4.88
15,6,fixed,0.01,1297,559,0.76
15,6,fixed,0.012,785,379,0.57
15,6,fixed,0.015,785,406,0.68
15,6,fixed,0.02,785,390,0.83
15,6,fixed,0.025,785,408,0.91
15,6,fixed,0.03,529,259,0.7
15,6,fixed,0.04,657,310,1.02
15,6,fixed,0.05,529,264,0.86
15,6,fixed,0.07,529,253,0.97
15,6,fixed,0.1,529,273,1.16
17,6,fixed,0.002,20000,0,2.62
17,6,fixed,0.003,20000,4,4.56
17,6,fixed,0.004,20000,33,7.09
17,6,fixed,0.0048,60000,616,30.29
17,6,fixed,0.005,13585,202,4.39
17,6,fixed,0.005251,60000,1230,37.03
17,6,fixed,0.005744,34065,1521,25.46
17,6,fixed,0.006,3345,217,1.74
17,6,fixed,0.006284,18193,1533,15.57
17,6,fixed,0.006875,11025,1548,11.36
17,6,fixed,0.00752,7185,1528,8.99
17,6,fixed,0.008,785,224,0.84
17,6,fixed,0.008227,5137,1525,7.53
17,6,fixed,0.009,3857,1513,6.47
17,6,fixed,0.01,529,229,0.73
17,6,fixed,0.012,529,269,0.9
17,6,fixed,0.015,529,273,1.15
17,6,fixed,0.02,521,242,1.42
17,6,fixed,0.025,401,207,1.29
17,6,fixed,0.03,529,256,1.51
17,6,fixed,0.04,529,273,1.1
17,6,fixed,0.05,401,213,0.9
17,6,fixed,0.07,529,260,1.4
17,6,fixed,0.1,401,201,1.27
19,6,fixed,0.002,20000,0,1.69
19,6,fixed,0.003,20000,2,2.68
19,6,fixed,0.004,20000,24,4.35
19,6,fixed,0.0048,60000,417,40.46
19,6,fixed,0.005,17681,207,5.98
19,6,fixed,0.005251,60000,1097,48.9
19,6,fixed,0.005744,38673,1506,37.8
19,6,fixed,0.006,4369,241,2.21
19,6,fixed,0.006284,19985,1536,23.91
19,6,fixed,0.006875,10513,1516,14.92
19,6,fixed,0.00752,6793,1554,12.06
19,6,fixed,0.008,785,210,0.67
19,6,fixed,0.008227,4881,1543,9.94
19,6,fixed,0.009,3977,1517,8.79
19,6,fixed,0.01,785,368,0.88
19,6,fixed,0.012,529,260,0.77
19,6,fixed,0.015,529,276,0.9
19,6,fixed,0.02,529,268,1.02
19,6,fixed,0.025,529,265,1.2
19,6,fixed,0.03,529,262,1.29
19,6,fixed,0.04,529,244,1.53
19,6,fixed,0.05,401,214,1.26
19,6,fixed,0.07,401,212,1.36
19,6,fixed,0.1,401,217,1.72
3,8,fixed,0.002,11537,204,0.02
3,8,fixed,0.003,5393,220,0.02
3,8,fixed,0.004,3345,256,0.01
3,8,fixed,0.0042,18705,1573,0.16
3,8,fixed,0.004605,16657,1599,0.16
3,8,fixed,0.005,2321,241,0.01
3,8,fixed,0.005049,13585,1584,0.14
3,8,fixed,0.005536,11537,1569,0.14
3,8,fixed,0.006,2321,371,0.02
3,8,fixed,0.00607,9489,1526,0.12
3,8,fixed,0.006655,8465,1592,0.13
3,8,fixed,0.007296,7441,1701,0.13
3,8,fixed,0.008,7714,1898,0.12
3,8,fixed,0.01,1297,401,0.01
3,8,fixed,0.012,1297,495,0.02
3,8,fixed,0.015,1297,572,0.02
3,8,fixed,0.02,1297,616,0.02
3,8,fixed,0.025,1297,637,0.03
3,8,fixed,0.03,1297,671,0.03
3,8,fixed,0.04,1297,624,0.04
3,8,fixed,0.05,1297,655,0.04
3,8,fixed,0.07,1297,650,0.04
3,8,fixed,0.1,1297,652,0.05
5,8,fixed,0.002,20000,99,0.12
5,8,fixed,0.003,10513,206,0.11
5,8,fixed,0.004,4369,220,0.07
5,8,fixed,0.0042,26897,1566,0.4
5,8,fixed,0.004605,20753,1550,0.34
5,8,fixed,0.005,2321,208,0.04
5,8,fixed,0.005049,16657,1551,0.46
5,8,fixed,0.005536,12561,1598,0.31
5,8,fixed,0.006,2321,347,0.06
5,8,fixed,0.00607,10513,1623,0.25
5,8,fixed,0.006655,8465,1603,0.22
5,8,fixed,0.007296,6417,1501,0.19
5,8,fixed,0.008,7714,2127,0.35
5,8,fixed,0.01,1297,507,0.07
5,8,fixed,0.012,1297,561,0.08
5,8,fixed,0.015,1297,604,0.11
5,8,fixed,0.02,1297,685,0.14
5,8,fixed,0.025,1297,644,0.12
5,8,fixed,0.03,1297,645,0.14
5,8,fixed,0.04,1297,638,0.15
5,8,fixed,0.05,1297,655,0.16
5,8,fixed,0.07,1297,646,0.18
5,8,fixed,0.1,1297,640,0.2
7,8,fixed,0.002,20000,27,0.32
7,8,fixed,0.003,20000,191,0.75
7,8,fixed,0.004,7441,225,0.31
7,8,fixed,0.0042,38161,1509,2.63
7,8,fixed,0.004605,26897,1563,2.14
7,8,fixed,0.005,3345,266,0.14
7,8,fixed,0.005049,18705,1511,1.73
7,8,fixed,0.005536,14609,1569,1.54
7,8,fixed,0.006,1297,207,0.14
7,8,fixed,0.00607,10513,1543,1.23
7,8,fixed,0.006655,8465,1645,1.09
7,8,fixed,0.007296,6417,1567,0.95
7,8,fixed,0.008,6690,1998,1.01
7,8,fixed,0.01,1297,506,0.23
7,8,fixed,0.012,1297,591,0.26
7,8,fixed,0.015,1297,640,0.4
7,8,fixed,0.02,1297,659,0.34
7,8,fixed,0.025,1297,659,0.34
7,8,fixed,0.03,1297,649,0.44
7,8,fixed,0.04,1297,689,0.58
7,8,fixed,0.05,1297,652,0.57
7,8,fixed,0.07,1297,652,0.6
7,8,fixed,0.1,1297,681,0.68
9,8,fixed,0.002,20000,12,0.43
9,8,fixed,0.003,20000,93,0.74
9,8,fixed,0.004,9489,210,0.56
9,8,fixed,0.0042,56593,1518,3.38
9,8,fixed,0.004605,35089,1542,2.38
9,8,fixed,0.005,4369,249,0.39
9,8,fixed,0.005049,23825,1565,1.89
9,8,fixed,0.005536,15633,1563,1.5
9,8,fixed,0.006,2321,300,0.29
9,8,fixed,0.00607,11537,1632,1.26
9,8,fixed,0.006655,8465,1633,1.08
9,8,fixed,0.007296,6417,1645,0.9
9,8,fixed,0.008,6690,2139,1.11
9,8,fixed,0.01,1297,608,0.27
9,8,fixed,0.012,1297,624,0.36
9,8,fixed,0.015,1297,641,0.41
9,8,fixed,0.02,1297,664,0.47
9,8,fixed,0.025,1297,611,0.57
9,8,fixed,0.03,1297,628,0.61
9,8,fixed,0.04,1297,666,0.69
9,8,fixed,0.05,1297,636,0.72
9,8,fixed,0.07,785,385,0.5
9,8,fixed,0.1,785,381,0.59
11,8,fixed,0.002,20000,1,0.68
11,8,fixed,0.003,20000,33,1.15
11,8,fixed,0.004,14609,200,1.3
11,8,fixed,0.0042,60000,1131,5.64
11,8,fixed,0.004605,48401,1513,5.24
11,8,fixed,0.005,4369,248,0.66
11,8,fixed,0.005049,27921,1502,3.56
11,8,fixed,0.005536,17681,1536,2.65
11,8,fixed,0.006,2321,301,0.39
11,8,fixed,0.00607,11537,1536,2.02
11,8,fixed,0.006655,8465,1691,1.66
11,8,fixed,0.007296,6417,1666,1.55
11,8,fixed,0.008,6690,2210,1.83
11,8,fixed,0.01,1297,603,0.48
11,8,fixed,0.012,1297,638,0.54
11,8,fixed,0.015,1297,680,0.67
11,8,fixed,0.02,785,430,0.52
11,8,fixed,0.025,785,391,0.56
11,8,fixed,0.03,785,395,0.65
11,8,fixed,0.04,785,387,0.73
11,8,fixed,0.05,785,397,0.73
11,8,fixed,0.07,785,394,0.86
11,8,fixed,0.1,529,281,0.65
13,8,fixed,0.002,20000,1,2.09
13,8,fixed,0.003,20000,20,3.62
13,8,fixed,0.004,20000,187,5.34
13,8,fixed,0.0042,60000,822,18.06
13,8,fixed,0.004605,59665,1521,21.41
13,8,fixed,0.005,5393,231,2.13
13,8,fixed,0.005049,30993,1510,13.09
13,8,fixed,0.005536,19729,1572,9.45
13,8,fixed,0.006,2321,279,1.31
13,8,fixed,0.00607,12049,1605,6.95
13,8,fixed,0.006655,7953,1555,5.54
13,8,fixed,0.007296,5905,1579,4.77
13,8,fixed,0.008,5154,1821,4.66
13,8,fixed,0.01,529,229,0.64
13,8,fixed,0.012,529,260,0.72
13,8,fixed,0.015,529,274,0.87
13,8,fixed,0.02,529,267,1.06
13,8,fixed,0.025,529,274,1.19
13,8,fixed,0.03,401,220,1.07
13,8,fixed,0.04,529,255,1.61
13,8,fixed,0.05,401,206,1.31
13,8,fixed,0.07,401,217,1.56
13,8,fixed,0.1,401,213,1.59
15,8,fixed,0.002,20000,0,1.38
15,8,fixed,0.003,20000,7,2.25
15,8,fixed,0.004,20000,136,3.79
15,8,fixed,0.0042,60000,533,25.61
15,8,fixed,0.004605,60000,1168,30.56
15,8,fixed,0.005,6417,217,1.84
15,8,fixed,0.005049,38673,1526,21.81
15,8,fixed,0.005536,20241,1538,14.31
15,8,fixed,0.006,2321,281,0.92
15,8,fixed,0.00607,12049,1516,10.05
15,8,fixed,0.006655,7953,1588,7.94
15,8,fixed,0.007296,5393,1529,6.11
15,8,fixed,0.008,4898,1785,6.08
15,8,fixed,0.01,785,377,0.67
15,8,fixed,0.012,785,373,0.77
15,8,fixed,0.015,785,416,0.94
15,8,fixed,0.02,529,255,0.79
15,8,fixed,0.025,529,277,0.97
15,8,fixed,0.03,529,255,1.03
15,8,fixed,0.04,529,265,1.09
15,8,fixed,0.05,529,277,1.21
15,8,fixed,0.07,529,234,1.41
15,8,fixed,0.1,401,203,1.21
17,8,fixed,0.002,20000,0,1.76
17,8,fixed,0.003,20000,6,2.98
17,8,fixed,0.004,20000,75,5.01
17,8,fixed,0.0042,60000,356,35.11
17,8,fixed,0.004605,60000,832,42.16
17,8,fixed,0.005,7441,218,2.93
17,8,fixed,0.005049,46353,1508,40.71
17,8,fixed,0.005536,22545,1522,25.37
17,8,fixed,0.006,2321,244,1.3
17,8,fixed,0.00607,12049,1552,14.62
17,8,fixed,0.006655,7697,1527,11.25
17,8,fixed,0.007296,5393,1528,8.83
17,8,fixed,0.008,4898,1851,8.55
17,8,fixed,0.01,785,398,0.9
17,8,fixed,0.012,529,266,0.72
17,8,fixed,0.015,529,273,0.91
17,8,fixed,0.02,529,259,1.1
17,8,fixed,0.025,657,335,1.53
17,8,fixed,0.03,401,203,1.01
17,8,fixed,0.04,401,200,1.2
17,8,fixed,0.05,401,216,1.32
17,8,fixed,0.07,529,269,1.91
17,8,fixed,0.1,529,252,2.24
19,8,fixed,0.002,20000,0,2.26
19,8,fixed,0.003,20000,3,3.99
19,8,fixed,0.004,20000,65,6.21
19,8,fixed,0.0042,60000,263,44.21
19,8,fixed,0.004605,60000,724,55.26
19,8,fixed,0.005,7441,204,3.81
19,8,fixed,0.005049,52361,1516,56.67
19,8,fixed,0.005536,24457,1502,33.61
19,8,fixed,0.006,1809,203,1.33
19,8,fixed,0.00607,12681,1519,20.88
19,8,fixed,0.006655,7561,1518,15.16
19,8,fixed,0.007296,5001,1533,11.78
19,8,fixed,0.008,4378,1702,11.0
19,8,fixed,0.01,529,277,0.88
19,8,fixed,0.012,529,273,0.98
19,8,fixed,0.015,529,259,1.25
19,8,fixed,0.02,401,215,1.13
19,8,fixed,0.025,401,216,1.34
19,8,fixed,0.03,401,201,1.45
19,8,fixed,0.04,401,224,1.79
19,8,fixed,0.05,401,217,1.91
19,8,fixed,0.07,465,222,2.84
19,8,fixed,0.1,401,201,2.93
3,10,fixed,0.002,9489,210,0.03
3,10,fixed,0.003,4369,239,0.02
3,10,fixed,0.004,18978,1794,0.18
3,10,fixed,0.004376,13585,1521,0.15
3,10,fixed,0.004787,12561,1590,0.16
3,10,fixed,0.005,2321,324,0.02
3,10,fixed,0.005237,10513,1557,0.15
3,10,fixed,0.005729,8465,1504,0.16
3,10,fixed,0.006,1297,270,0.01
3,10,fixed,0.006267,7441,1551,0.12
3,10,fixed,0.006856,6417,1544,0.12
3,10,fixed,0.0075,6417,1762,0.14
3,10,fixed,0.008,1297,358,0.02
3,10,fixed,0.01,1297,479,0.02
3,10,fixed,0.012,1297,557,0.02
3,10,fixed,0.015,1297,612,0.03
3,10,fixed,0.02,1297,651,0.03
3,10,fixed,0.025,1297,660,0.04
3,10,fixed,0.03,1297,698,0.04
3,10,fixed,0.04,1297,658,0.05
3,10,fixed,0.05,1297,641,0.07
3,10,fixed,0.07,1297,629,0.06
3,10,fixed,0.1,1297,654,0.06
5,10,fixed,0.002,20000,108,0.15
5,10,fixed,0.003,8465,205,0.11
5,10,fixed,0.004,28194,1778,0.92
5,10,fixed,0.004376,18705,1546,0.72
5,10,fixed,0.004787,14609,1572,0.62
5,10,fixed,0.005,2321,273,0.06
5,10,fixed,0.005237,11537,1600,0.57
5,10,fixed,0.005729,9489,1613,0.53
5,10,fixed,0.006,1297,244,0.04
5,10,fixed,0.006267,7441,1539,0.44
5,10,fixed,0.006856,6417,1543,0.42
5,10,fixed,0.0075,5393,1534,0.41
5,10,fixed,0.008,1297,416,0.08
5,10,fixed,0.01,1297,563,0.07
5,10,fixed,0.012,1297,588,0.08
5,10,fixed,0.015,1297,677,0.1
5,10,fixed,0.02,1297,682,0.13
5,10,fixed,0.025,1297,640,0.15
5,10,fixed,0.03,1297,670,0.16
5,10,fixed,0.04,1297,640,0.19
5,10,fixed,0.05,1297,671,0.2
5,10,fixed,0.07,1297,661,0.22
5,10,fixed,0.1,1297,662,0.25
7,10,fixed,0.002,20000,34,0.46
7,10,fixed,0.003,15633,203,0.49
7,10,fixed,0.004,40482,1741,3.25
7,10,fixed,0.004376,24849,1533,2.23
7,10,fixed,0.004787,18705,1583,2.0
7,10,fixed,0.005,2321,231,0.13
7,10,fixed,0.005237,12561,1534,1.46
7,10,fixed,0.005729,10513,1622,1.39
7,10,fixed,0.006,1297,222,0.09
7,10,fixed,0.006267,7441,1547,1.1
7,10,fixed,0.006856,6417,1624,1.16
7,10,fixed,0.0075,5393,1696,1.01
7,10,fixed,0.008,1297,411,0.2
7,10,fixed,0.01,1297,585,0.22
7,10,fixed,0.012,1297,604,0.28
7,10,fixed,0.015,1297,619,0.35
7,10,fixed,0.02,1297,653,0.51
7,10,fixed,0.025,1297,636,0.53
7,10,fixed,0.03,1297,644,0.67
7,10,fixed,0.04,1297,637,0.54
7,10,fixed,0.05,1297,651,0.73
7,10,fixed,0.07,785,409,0.52
7,10,fixed,0.1,785,389,0.69
9,10,fixed,0.002,20000,15,0.54
9,10,fixed,0.003,20000,121,0.92
9,10,fixed,0.004,56866,1743,3.99
9,10,fixed,0.004376,33041,1512,2.9
9,10,fixed,0.004787,20753,1517,2.1
9,10,fixed,0.005,2321,205,0.28
9,10,fixed,0.005237,15633,1595,1.69
9,10,fixed,0.005729,10513,1565,1.32
9,10,fixed,0.006,1297,225,0.18
9,10,fixed,0.006267,8465,1696,1.27
9,10,fixed,0.006856,6417,1722,1.08
9,10,fixed,0.0075,5393,1791,1.01
9,10,fixed,0.008,1297,493,0.25
9,10,fixed,0.01,1297,603,0.34
9,10,fixed,0.012,1297,609,0.41
9,10,fixed,0.015,1297,648,0.5
9,10,fixed,0.02,1297,676,0.62
9,10,fixed,0.025,1297,639,0.73
9,10,fixed,0.03,785,391,0.56
9,10,fixed,0.04,785,379,0.58
9,10,fixed,0.05,785,379,0.55
9,10,fixed,0.07,785,388,0.63
9,10,fixed,0.1,785,392,0.73
11,10,fixed,0.002,20000,4,0.84
11,10,fixed,0.003,20000,65,1.43
11,10,fixed,0.004,70513,1368,7.86
11,10,fixed,0.004376,43281,1514,8.06
11,10,fixed,0.004787,26897,1506,8.17
11,10,fixed,0.005,3345,207,0.55
11,10,fixed,0.005237,16657,1587,5.62
11,10,fixed,0.005729,11537,1599,4.55
11,10,fixed,0.006,1297,209,0.29
11,10,fixed,0.006267,7441,1560,3.65
11,10,fixed,0.006856,5393,1566,2.9
11,10,fixed,0.0075,4881,1661,2.98
11,10,fixed,0.008,1297,469,0.45
11,10,fixed,0.01,1297,630,0.57
11,10,fixed,0.012,1297,648,0.71
11,10,fixed,0.015,785,365,0.49
11,10,fixed,0.02,785,367,0.67
11,10,fixed,0.025,785,382,0.76
11,10,fixed,0.03,785,386,0.8
11,10,fixed,0.04,785,391,0.9
11,10,fixed,0.05,529,255,0.64
11,10,fixed,0.07,529,255,0.72
11,10,fixed,0.1,529,256,0.84
13,10,fixed,0.002,20000,1,2.59
13,10,fixed,0.003,20000,30,4.54
13,10,fixed,0.004,74609,1039,26.77
13,10,fixed,0.004376,55569,1501,22.98
13,10,fixed,0.004787,29969,1536,14.63
13,10,fixed,0.005,3345,212,1.77
13,10,fixed,0.005237,18193,1552,10.93
13,10,fixed,0.005729,11401,1548,8.1
13,10,fixed,0.006,1297,212,1.02
13,10,fixed,0.006267,7441,1567,6.14
13,10,fixed,0.006856,5393,1530,5.37
13,10,fixed,0.0075,4369,1581,4.62
13,10,fixed,0.008,785,318,0.92
13,10,fixed,0.01,529,254,0.79
13,10,fixed,0.012,529,251,1.0
13,10,fixed,0.015,529,263,1.29
13,10,fixed,0.02,401,200,1.02
13,10,fixed,0.025,401,208,1.17
13,10,fixed,0.03,529,256,1.91
13,10,fixed,0.04,529,250,2.09
13,10,fixed,0.05,401,215,1.67
13,10,fixed,0.07,529,247,2.47
13,10,fixed,0.1,465,223,2.5
15,10,fixed,0.002,20000,0,1.7
15,10,fixed,0.003,20000,14,2.97
15,10,fixed,0.004,80000,788,35.22
15,10,fixed,0.004376,60000,1193,23.01
15,10,fixed,0.004787,37137,1549,12.03
15,10,fixed,0.005,4369,250,1.62
15,10,fixed,0.005237,20753,1588,7.93
15,10,fixed,0.005729,11537,1513,5.71
15,10,fixed,0.006,1297,224,1.07
15,10,fixed,0.006267,7441,1525,4.18
15,10,fixed,0.006856,5393,1600,3.56
15,10,fixed,0.0075,4369,1668,3.44
15,10,fixed,0.008,785,327,0.63
15,10,fixed,0.01,785,398,0.82
15,10,fixed,0.012,529,263,0.66
15,10,fixed,0.015,529,239,0.86
15,10,fixed,0.02,529,264,0.98
15,10,fixed,0.025,529,245,1.14
15,10,fixed,0.03,529,261,1.32
15,10,fixed,0.04,401,214,1.08
15,10,fixed,0.05,401,200,1.23
15,10,fixed,0.07,529,254,1.88
15,10,fixed,0.1,401,207,2.59
17,10,fixed,0.002,20000,0,2.14
17,10,fixed,0.003,20000,6,3.78
17,10,fixed,0.004,80000,508,47.96
17,10,fixed,0.004376,60000,945,50.95
17,10,fixed,0.004787,42121,1512,43.35
17,10,fixed,0.005,4369,220,2.22
17,10,fixed,0.005237,21897,1528,26.91
17,10,fixed,0.005729,12169,1524,18.36
17,10,fixed,0.006,1297,225,0.91
17,10,fixed,0.006267,7305,1530,13.15
17,10,fixed,0.006856,5001,1536,10.0
17,10,fixed,0.0075,3977,1583,9.19
17,10,fixed,0.008,785,345,0.92
17,10,fixed,0.01,529,254,0.84
17,10,fixed,0.012,529,272,0.96
17,10,fixed,0.015,529,250,1.26
17,10,fixed,0.02,401,208,1.06
17,10,fixed,0.025,401,218,1.29
17,10,fixed,0.03,529,258,1.91
17,10,fixed,0.04,401,203,1.66
17,10,fixed,0.05,401,200,1.72
17,10,fixed,0.07,465,230,2.27
17,10,fixed,0.1,465,223,2.7
19,10,fixed,0.002,20000,0,3.25
19,10,fixed,0.003,20000,6,5.28
19,10,fixed,0.004,80000,353,67.52
19,10,fixed,0.004376,60000,736,66.96
19,10,fixed,0.004787,50825,1508,36.1
19,10,fixed,0.005,4881,204,3.34
19,10,fixed,0.005237,22801,1533,17.09
19,10,fixed,0.005729,12561,1519,11.7
19,10,fixed,0.006,1297,221,1.49
19,10,fixed,0.006267,7441,1612,8.76
19,10,fixed,0.006856,4881,1540,8.17
19,10,fixed,0.0075,3849,1533,12.48
19,10,fixed,0.008,453,204,0.94
19,10,fixed,0.01,529,246,1.08
19,10,fixed,0.012,529,241,1.4
19,10,fixed,0.015,401,210,1.21
19,10,fixed,0.02,529,258,1.93
19,10,fixed,0.025,401,213,1.74
19,10,fixed,0.03,401,202,1.88
19,10,fixed,0.04,465,223,2.47
19,10,fixed,0.05,401,209,2.39
19,10,fixed,0.07,401,208,2.73
19,10,fixed,0.1,401,210,3.14
