key,kind,d1,d2,p,err,stat,syst,nu,nu_err,chi2,npts
1,fss,11,19,0.01800184434716565,0.00027483663234025463,0.00024387904856798396,0.0001267208907233027,1.6179438886683597,0.25763045065596896,0.9010503116396607,20
1,triple,3,7,0.015960422054773382,0.00021852881629460405,,,1.7388657387218802,,0.9307484769937817,24
1,triple,5,9,0.017431741177525075,0.00031220424915298666,,,1.8601885524135995,,0.9445383227667611,24
1,triple,7,11,0.017539154844587908,0.00036960348820748977,,,1.8994226561486867,,1.208661912202309,24
1,triple,9,13,0.01788946792642489,0.00038727496498845026,,,1.888502911361859,,1.0141562916646216,24
1,triple,11,15,0.017721320643734582,0.00040590628911081644,,,1.5842504663409884,,1.0230067601199992,24
1,triple,13,17,0.018328789125977768,0.00042812354932611816,,,1.9017739243512979,,2.464598756970561,24
1,triple,15,19,0.01830996556629816,0.0005046778990825683,,,1.890049852271801,,2.509142275968022,24
2,fss,11,19,0.012165655873556992,0.0004155673064441867,0.0002593577090166852,0.0003246994994743494,2.1781054750847773,0.5369814632786841,1.2180999762573268,20
2,triple,3,7,0.010735996068407973,0.00012587827224153412,,,1.6039525017758292,,1.2662321652259665,27
2,triple,5,9,0.011222428159507565,0.00019390816165342474,,,1.8104719444515165,,1.7466276791871413,27
2,triple,7,11,0.01164430684899221,0.00021609509113727394,,,1.7722297865424903,,1.1980172177366162,27
2,triple,9,13,0.011385842586034473,0.00022725661892109152,,,1.6772442148439781,,1.4265412910361355,27
2,triple,11,15,0.012128102305847054,0.0003113412028442416,,,2.2735963079769794,,2.651041181899607,27
2,triple,13,17,0.012210274000973811,0.0003804665980460764,,,1.9535610834499437,,3.278509157930855,27
2,triple,15,19,0.012268199290522952,0.0004712814563196536,,,2.404751556234171,,3.0764164876262736,27
3,fss,11,19,0.009711413307466527,0.00012901008793477937,8.566919648339968e-05,9.64592741151838e-05,1.3144699036643575,0.11978694672480451,1.3387027957804631,25
3,triple,3,7,0.008765293290591917,0.0001063549929139624,,,1.7323486298343198,,1.5357586751593157,30
3,triple,5,9,0.009312353393516286,0.00013260286908905127,,,1.9499838111475776,,2.0472796608516526,30
3,triple,7,11,0.009291610650215765,0.00014357082043227608,,,1.856761084482426,,1.9695044936605246,30
3,triple,9,13,0.009137736628658038,0.00015564399786542385,,,1.9419572981867115,,3.0897807138765994,30
3,triple,11,15,0.009849899656445418,0.00024437054330666327,,,2.2369009466231304,,3.8730323212653714,30
3,triple,13,17,0.009794637503399622,0.0002462223543825237,,,2.108727555637956,,5.172840098105191,30
3,triple,15,19,0.009758227622610865,0.00029307904117821016,,,2.3145293587666522,,5.9842524892022775,30
4,fss,11,19,0.008296037369817287,0.0001174868989959387,9.568238592683135e-05,6.817662692617469e-05,1.3487892450912236,0.18038337772201726,1.8370309630399448,20
4,triple,3,7,0.007788051007074978,9.177652614090828e-05,,,1.9220415895901692,,1.6837206677036307,30
4,triple,5,9,0.008221451041132326,0.00011818957282953077,,,1.8286401730427522,,1.7439016302688324,30
4,triple,7,11,0.008482488860972782,0.00015204572475080268,,,1.8332323492792193,,1.9929146021695598,30
4,triple,9,13,0.00855939713872094,0.00017931717701316787,,,2.1710388812544505,,3.017056139217214,30
4,triple,11,15,0.008084581925711954,0.00012550257185950224,,,1.6778403997682547,,4.643068517241031,30
4,triple,13,17,0.008463652868041991,0.0002186592275339084,,,2.0396415888487467,,5.64033519004505,30
4,triple,15,19,0.008557087107347972,0.000256072583731034,,,2.28301315166388,,6.604941052144344,30
5,fss,11,19,0.007549239867836005,9.696487474751665e-05,7.802447257701518e-05,5.75705533574257e-05,1.7207287187455407,0.1686961894630851,0.9055940544841574,25
5,triple,3,7,0.007336729422648396,8.392045566660044e-05,,,1.6490246700958973,,1.207423894344211,27
5,triple,5,9,0.007589527945754154,9.598382556925425e-05,,,1.9259791664350803,,2.230927519010476,27
5,triple,7,11,0.007813585203942937,0.00016179795878797911,,,2.056513896740347,,3.3742476749080783,27
5,triple,9,13,0.007626996754688406,0.00014951205460173766,,,1.8467467560962736,,4.007099136285075,27
5,triple,11,15,0.007391925575166324,0.0001513010212364881,,,1.7150192765858605,,3.3218149785798627,27
5,triple,13,17,0.007696214098411332,0.00018083940656533085,,,1.9270493968808577,,2.9927522694005044,27
5,triple,15,19,0.00781440327267842,0.0001996147274052621,,,2.108754256027299,,4.150717413161437,27
6,fss,11,19,0.007098818455651405,8.505184061861741e-05,7.754281613861712e-05,3.494176953028165e-05,1.653932489835672,0.16801631456149724,0.9740979943966801,25
6,triple,3,7,0.0069221352498602656,7.909133809979926e-05,,,1.7428857735446115,,1.1879614721734915,27
6,triple,5,9,0.007167702923051282,9.625940719119255e-05,,,1.8000479218793917,,1.1775783619663023,27
6,triple,7,11,0.007155978020120728,0.00011936400202652281,,,1.9093834000465095,,1.6200554961939617,27
6,triple,9,13,0.00719201569844514,0.000146562320238091,,,2.274983825275322,,1.998843625558945,27
6,triple,11,15,0.007159883047487939,0.00016745869567775525,,,2.072967370395347,,3.4974706112912575,27
6,triple,13,17,0.007093602787258583,0.00012121795633268133,,,1.9190402159872102,,3.581556327494559,27
6,triple,15,19,0.007367028071394381,0.00030155920104711056,,,2.7570031952176284,,6.877458418170338,27
8,fss,11,19,0.006445319870160737,0.00010071040477956978,7.08201875282741e-05,7.160367776395905e-05,1.7613056456823195,0.17851467748436772,0.8250420407750454,25
8,triple,3,7,0.006539873083914818,8.369523876699534e-05,,,1.927576785327809,,1.2026081711218757,27
8,triple,5,9,0.006599780024921499,9.194683375578496e-05,,,1.8016197073872924,,1.3697099212661998,27
8,triple,7,11,0.006742999492921809,0.00010954125343380512,,,1.8315329521806454,,1.9005966964764829,27
8,triple,9,13,0.006692584789965221,0.0001601522474137545,,,2.140435384648911,,2.5915673954287772,27
8,triple,11,15,0.0064958520238454056,0.00014173686615999957,,,2.078568669811944,,3.3910709101899426,27
8,triple,13,17,0.006706930332315487,0.00012995131541675115,,,1.935423140257294,,4.254677170270341,27
8,triple,15,19,0.006696154124628585,0.00018828512336881547,,,2.257334170833867,,6.576353888937367,27
10,fss,11,19,0.006145386394961102,0.00011262149615142719,8.879032522739345e-05,6.928116296223401e-05,1.9086959684588563,0.4477038741704377,0.572464514509602,20
10,triple,3,7,0.006411325880818248,9.62023826161499e-05,,,1.9826298075993594,,1.355725127247702,30
10,triple,5,9,0.0063363294939114455,0.00010209580139118471,,,1.7526567602304457,,1.6580509835836592,30
10,triple,7,11,0.00637054687577221,0.00011330194753084729,,,1.898928051520392,,4.4435263613212,30
10,triple,9,13,0.006328142015251176,0.00013512920871395261,,,2.151851062900159,,4.866478538689761,30
10,triple,11,15,0.006223664708182616,0.0001094395993515983,,,2.0139961442500303,,6.283701543254831,30
10,triple,13,17,0.006313002355283867,0.00014489505336206807,,,2.0805827953993714,,5.714559706537901,30
10,triple,15,19,0.0061144752564480185,0.00016038414069644277,,,1.9730316494952274,,7.524081771230104,29
d,fss,11,19,0.004346303046354761,2.9647831008466168e-05,2.2918545709281647e-05,1.8807821407014046e-05,1.09926537139814,0.10973919396315626,1.9015938803138923,20
d,triple,3,7,0.003944518335668412,3.185370494827679e-05,,,1.1384609133477006,,2.0340812152941905,27
d,triple,5,9,0.00414402506695346,3.5479318251466925e-05,,,1.1833504405335418,,1.2779162356743745,27
d,triple,7,11,0.004208593412205031,3.135516104885316e-05,,,1.1364265187664626,,1.029181311279791,27
d,triple,9,13,0.004295964987996539,3.24808597810819e-05,,,1.1022037675192013,,1.1379411549208143,27
d,triple,11,15,0.004347101808532348,3.159032025021508e-05,,,1.0190987633722612,,1.1772064897042847,26
d,triple,13,17,0.00427644136506422,3.6593231452344195e-05,,,1.0080627379304745,,1.8970874843119154,25
d,triple,15,19,0.004313329667346693,3.1267762796884214e-05,,,0.9913535216009869,,2.4949743572790477,24
d_round,fss,11,19,0.005006879982268503,7.671445791910191e-05,3.42664653498044e-05,6.86361231878106e-05,1.1815240780286262,0.0972951496000555,1.1881647292322008,25
d_round,triple,3,7,0.005646421151520771,9.513202386448909e-05,,,1.55611535261434,,1.2878845574206272,30
d_round,triple,5,9,0.005551252343623185,8.128113178499861e-05,,,1.5995884276613876,,1.2558712045232878,30
d_round,triple,7,11,0.005365058281697928,7.591760985581499e-05,,,1.5745141898830401,,1.2298242507422135,30
d_round,triple,9,13,0.005230652497706447,6.697837978965599e-05,,,1.3710610586836016,,1.3200015025249272,30
d_round,triple,11,15,0.005038786116943515,4.910161450682474e-05,,,1.2096675658059874,,3.186717196801464,30
d_round,triple,13,17,0.004961140917116266,8.24057274283946e-05,,,1.3796616837544016,,5.887369406383124,30
d_round,triple,15,19,0.005009361999978992,0.000110667609084382,,,1.6135425914793642,,8.953004674459391,30
